SaleReceiptNo,Saledate,InvCode,NoSold,InvDesc,InvPrice,InvCost,TotalSales,TotalCost
R00001,2025-03-23,INV102,2,Deep Conditioner,18.0,9.5,36.0,19.0
R00002,2025-11-29,INV105,5,Hair Dryer,85.0,50.0,425.0,250.0
R00003,2025-11-03,INV107,5,Hair Clips,5.0,1.5,25.0,7.5
R00004,2025-02-08,INV106,5,Curling Iron,65.0,35.0,325.0,175.0
R00005,2025-03-16,INV106,2,Curling Iron,65.0,35.0,130.0,70.0
R00006,2025-09-01,INV102,5,Deep Conditioner,18.0,9.5,90.0,47.5
R00007,2025-04-12,INV101,3,Moisturizing Shampoo,15.0,8.0,45.0,24.0
R00008,2025-07-19,INV103,2,Styling Gel,12.0,5.5,24.0,11.0
R00009,2025-07-18,INV107,5,Hair Clips,5.0,1.5,25.0,7.5
R00010,2025-10-20,INV104,4,Professional Scissors,45.0,22.0,180.0,88.0
R00011,2025-06-25,INV105,4,Hair Dryer,85.0,50.0,340.0,200.0
R00012,2025-02-02,INV106,3,Curling Iron,65.0,35.0,195.0,105.0
R00013,2025-10-30,INV103,1,Styling Gel,12.0,5.5,12.0,5.5
R00014,2025-09-16,INV102,4,Deep Conditioner,18.0,9.5,72.0,38.0
R00015,2025-09-05,INV105,4,Hair Dryer,85.0,50.0,340.0,200.0
R00016,2025-07-04,INV104,4,Professional Scissors,45.0,22.0,180.0,88.0
R00017,2025-12-24,INV103,2,Styling Gel,12.0,5.5,24.0,11.0
R00018,2025-04-05,INV104,4,Professional Scissors,45.0,22.0,180.0,88.0
R00019,2025-09-21,INV101,3,Moisturizing Shampoo,15.0,8.0,45.0,24.0
R00020,2025-08-10,INV105,1,Hair Dryer,85.0,50.0,85.0,50.0
R00021,2025-12-03,INV104,1,Professional Scissors,45.0,22.0,45.0,22.0
R00022,2025-10-18,INV104,1,Professional Scissors,45.0,22.0,45.0,22.0
R00023,2025-03-10,INV104,3,Professional Scissors,45.0,22.0,135.0,66.0
R00024,2025-08-18,INV107,3,Hair Clips,5.0,1.5,15.0,4.5
R00025,2025-12-12,INV102,4,Deep Conditioner,18.0,9.5,72.0,38.0
R00026,2025-04-05,INV101,1,Moisturizing Shampoo,15.0,8.0,15.0,8.0
R00027,2025-11-21,INV107,1,Hair Clips,5.0,1.5,5.0,1.5
R00028,2025-02-04,INV101,1,Moisturizing Shampoo,15.0,8.0,15.0,8.0
R00029,2025-03-15,INV103,1,Styling Gel,12.0,5.5,12.0,5.5
R00030,2025-02-13,INV106,1,Curling Iron,65.0,35.0,65.0,35.0
R00031,2025-10-06,INV104,3,Professional Scissors,45.0,22.0,135.0,66.0
R00032,2025-11-07,INV103,4,Styling Gel,12.0,5.5,48.0,22.0
R00033,2025-12-01,INV107,3,Hair Clips,5.0,1.5,15.0,4.5
R00034,2025-08-04,INV101,4,Moisturizing Shampoo,15.0,8.0,60.0,32.0
R00035,2025-05-02,INV105,5,Hair Dryer,85.0,50.0,425.0,250.0
R00036,2025-12-29,INV101,4,Moisturizing Shampoo,15.0,8.0,60.0,32.0
R00037,2025-06-01,INV105,2,Hair Dryer,85.0,50.0,170.0,100.0
R00038,2025-05-20,INV101,2,Moisturizing Shampoo,15.0,8.0,30.0,16.0
R00039,2025-04-30,INV101,2,Moisturizing Shampoo,15.0,8.0,30.0,16.0
R00040,2025-09-27,INV107,3,Hair Clips,5.0,1.5,15.0,4.5
R00041,2025-06-02,INV106,1,Curling Iron,65.0,35.0,65.0,35.0
R00042,2025-05-15,INV104,3,Professional Scissors,45.0,22.0,135.0,66.0
R00043,2025-11-19,INV103,3,Styling Gel,12.0,5.5,36.0,16.5
R00044,2025-03-16,INV101,1,Moisturizing Shampoo,15.0,8.0,15.0,8.0
R00045,2025-03-31,INV102,1,Deep Conditioner,18.0,9.5,18.0,9.5
R00046,2025-01-07,INV105,4,Hair Dryer,85.0,50.0,340.0,200.0
R00047,2025-11-28,INV105,5,Hair Dryer,85.0,50.0,425.0,250.0
R00048,2025-03-02,INV103,4,Styling Gel,12.0,5.5,48.0,22.0
R00049,2025-08-19,INV102,3,Deep Conditioner,18.0,9.5,54.0,28.5
R00050,2025-01-20,INV101,1,Moisturizing Shampoo,15.0,8.0,15.0,8.0
R00051,2025-12-28,INV101,5,Moisturizing Shampoo,15.0,8.0,75.0,40.0
R00052,2025-08-31,INV105,4,Hair Dryer,85.0,50.0,340.0,200.0
R00053,2025-12-09,INV107,3,Hair Clips,5.0,1.5,15.0,4.5
R00054,2025-11-03,INV106,2,Curling Iron,65.0,35.0,130.0,70.0
R00055,2025-08-30,INV107,1,Hair Clips,5.0,1.5,5.0,1.5
R00056,2025-01-31,INV107,2,Hair Clips,5.0,1.5,10.0,3.0
R00057,2025-08-04,INV107,1,Hair Clips,5.0,1.5,5.0,1.5
R00058,2025-07-31,INV104,3,Professional Scissors,45.0,22.0,135.0,66.0
R00059,2025-10-08,INV106,3,Curling Iron,65.0,35.0,195.0,105.0
R00060,2025-11-29,INV101,4,Moisturizing Shampoo,15.0,8.0,60.0,32.0
R00061,2025-01-17,INV102,4,Deep Conditioner,18.0,9.5,72.0,38.0
R00062,2025-10-30,INV105,5,Hair Dryer,85.0,50.0,425.0,250.0
R00063,2025-08-25,INV107,5,Hair Clips,5.0,1.5,25.0,7.5
R00064,2025-09-10,INV102,3,Deep Conditioner,18.0,9.5,54.0,28.5
R00065,2025-01-20,INV105,3,Hair Dryer,85.0,50.0,255.0,150.0
R00066,2025-03-28,INV103,2,Styling Gel,12.0,5.5,24.0,11.0
R00067,2025-01-11,INV101,4,Moisturizing Shampoo,15.0,8.0,60.0,32.0
R00068,2025-03-04,INV104,4,Professional Scissors,45.0,22.0,180.0,88.0
R00069,2025-04-21,INV107,4,Hair Clips,5.0,1.5,20.0,6.0
R00070,2025-01-12,INV101,5,Moisturizing Shampoo,15.0,8.0,75.0,40.0
R00071,2025-09-18,INV102,5,Deep Conditioner,18.0,9.5,90.0,47.5
R00072,2025-12-29,INV102,1,Deep Conditioner,18.0,9.5,18.0,9.5
R00073,2025-05-25,INV107,1,Hair Clips,5.0,1.5,5.0,1.5
R00074,2025-03-20,INV103,5,Styling Gel,12.0,5.5,60.0,27.5
R00075,2025-08-08,INV103,5,Styling Gel,12.0,5.5,60.0,27.5
R00076,2025-01-18,INV105,1,Hair Dryer,85.0,50.0,85.0,50.0
R00077,2025-01-05,INV106,4,Curling Iron,65.0,35.0,260.0,140.0
R00078,2025-04-27,INV103,3,Styling Gel,12.0,5.5,36.0,16.5
R00079,2025-11-16,INV101,3,Moisturizing Shampoo,15.0,8.0,45.0,24.0
R00080,2025-05-13,INV104,3,Professional Scissors,45.0,22.0,135.0,66.0
R00081,2025-10-07,INV106,2,Curling Iron,65.0,35.0,130.0,70.0
R00082,2025-06-25,INV107,4,Hair Clips,5.0,1.5,20.0,6.0
R00083,2025-03-03,INV106,5,Curling Iron,65.0,35.0,325.0,175.0
R00084,2025-12-08,INV103,1,Styling Gel,12.0,5.5,12.0,5.5
R00085,2025-09-30,INV102,5,Deep Conditioner,18.0,9.5,90.0,47.5
R00086,2025-07-21,INV103,2,Styling Gel,12.0,5.5,24.0,11.0
R00087,2025-12-03,INV106,2,Curling Iron,65.0,35.0,130.0,70.0
R00088,2025-10-09,INV101,2,Moisturizing Shampoo,15.0,8.0,30.0,16.0
R00089,2025-07-31,INV107,4,Hair Clips,5.0,1.5,20.0,6.0
R00090,2025-07-04,INV104,2,Professional Scissors,45.0,22.0,90.0,44.0
R00091,2025-10-20,INV102,1,Deep Conditioner,18.0,9.5,18.0,9.5
R00092,2025-12-12,INV102,4,Deep Conditioner,18.0,9.5,72.0,38.0
R00093,2025-09-12,INV101,2,Moisturizing Shampoo,15.0,8.0,30.0,16.0
R00094,2025-03-18,INV107,5,Hair Clips,5.0,1.5,25.0,7.5
R00095,2025-07-24,INV107,1,Hair Clips,5.0,1.5,5.0,1.5
R00096,2025-08-05,INV107,5,Hair Clips,5.0,1.5,25.0,7.5
R00097,2025-09-16,INV106,4,Curling Iron,65.0,35.0,260.0,140.0
R00098,2025-01-15,INV105,1,Hair Dryer,85.0,50.0,85.0,50.0
R00099,2025-05-20,INV105,5,Hair Dryer,85.0,50.0,425.0,250.0
R00100,2025-06-30,INV104,2,Professional Scissors,45.0,22.0,90.0,44.0
R00101,2025-06-21,INV101,5,Moisturizing Shampoo,15.0,8.0,75.0,40.0
R00102,2025-06-22,INV107,4,Hair Clips,5.0,1.5,20.0,6.0
R00103,2025-06-11,INV103,5,Styling Gel,12.0,5.5,60.0,27.5
R00104,2025-01-19,INV103,5,Styling Gel,12.0,5.5,60.0,27.5
R00105,2025-09-05,INV101,2,Moisturizing Shampoo,15.0,8.0,30.0,16.0
R00106,2025-10-02,INV107,1,Hair Clips,5.0,1.5,5.0,1.5
R00107,2025-02-12,INV102,3,Deep Conditioner,18.0,9.5,54.0,28.5
R00108,2025-06-19,INV107,5,Hair Clips,5.0,1.5,25.0,7.5
R00109,2025-11-02,INV101,2,Moisturizing Shampoo,15.0,8.0,30.0,16.0
R00110,2025-05-10,INV107,4,Hair Clips,5.0,1.5,20.0,6.0
R00111,2025-10-06,INV104,2,Professional Scissors,45.0,22.0,90.0,44.0
R00112,2025-11-02,INV105,2,Hair Dryer,85.0,50.0,170.0,100.0
R00113,2025-10-06,INV103,1,Styling Gel,12.0,5.5,12.0,5.5
R00114,2025-10-21,INV107,2,Hair Clips,5.0,1.5,10.0,3.0
R00115,2025-04-14,INV103,1,Styling Gel,12.0,5.5,12.0,5.5
R00116,2025-03-08,INV104,4,Professional Scissors,45.0,22.0,180.0,88.0
R00117,2025-03-30,INV105,1,Hair Dryer,85.0,50.0,85.0,50.0
R00118,2025-02-08,INV105,1,Hair Dryer,85.0,50.0,85.0,50.0
R00119,2025-08-22,INV107,2,Hair Clips,5.0,1.5,10.0,3.0
R00120,2025-05-26,INV105,3,Hair Dryer,85.0,50.0,255.0,150.0
R00121,2025-07-31,INV107,3,Hair Clips,5.0,1.5,15.0,4.5
R00122,2025-08-06,INV101,3,Moisturizing Shampoo,15.0,8.0,45.0,24.0
R00123,2025-02-18,INV105,4,Hair Dryer,85.0,50.0,340.0,200.0
R00124,2025-11-24,INV102,2,Deep Conditioner,18.0,9.5,36.0,19.0
R00125,2025-06-18,INV107,3,Hair Clips,5.0,1.5,15.0,4.5
R00126,2025-09-18,INV103,5,Styling Gel,12.0,5.5,60.0,27.5
R00127,2025-07-05,INV102,4,Deep Conditioner,18.0,9.5,72.0,38.0
R00128,2025-04-08,INV106,4,Curling Iron,65.0,35.0,260.0,140.0
R00129,2025-07-17,INV103,3,Styling Gel,12.0,5.5,36.0,16.5
R00130,2025-03-30,INV104,4,Professional Scissors,45.0,22.0,180.0,88.0
R00131,2025-09-23,INV106,4,Curling Iron,65.0,35.0,260.0,140.0
R00132,2025-01-08,INV104,3,Professional Scissors,45.0,22.0,135.0,66.0
R00133,2025-07-05,INV106,4,Curling Iron,65.0,35.0,260.0,140.0
R00134,2025-07-03,INV103,5,Styling Gel,12.0,5.5,60.0,27.5
R00135,2025-01-27,INV106,2,Curling Iron,65.0,35.0,130.0,70.0
R00136,2025-01-03,INV105,2,Hair Dryer,85.0,50.0,170.0,100.0
R00137,2025-12-08,INV104,1,Professional Scissors,45.0,22.0,45.0,22.0
R00138,2025-04-23,INV104,4,Professional Scissors,45.0,22.0,180.0,88.0
R00139,2025-03-31,INV102,3,Deep Conditioner,18.0,9.5,54.0,28.5
R00140,2025-07-22,INV107,4,Hair Clips,5.0,1.5,20.0,6.0
R00141,2025-09-26,INV101,3,Moisturizing Shampoo,15.0,8.0,45.0,24.0
R00142,2025-08-24,INV101,3,Moisturizing Shampoo,15.0,8.0,45.0,24.0
R00143,2025-10-10,INV103,4,Styling Gel,12.0,5.5,48.0,22.0
R00144,2025-10-27,INV105,5,Hair Dryer,85.0,50.0,425.0,250.0
R00145,2025-04-15,INV107,5,Hair Clips,5.0,1.5,25.0,7.5
R00146,2025-02-10,INV104,4,Professional Scissors,45.0,22.0,180.0,88.0
R00147,2025-09-26,INV104,1,Professional Scissors,45.0,22.0,45.0,22.0
R00148,2025-08-30,INV101,5,Moisturizing Shampoo,15.0,8.0,75.0,40.0
R00149,2025-02-28,INV104,5,Professional Scissors,45.0,22.0,225.0,110.0
R00150,2025-06-20,INV101,5,Moisturizing Shampoo,15.0,8.0,75.0,40.0
R00151,2025-06-13,INV103,3,Styling Gel,12.0,5.5,36.0,16.5
R00152,2025-11-16,INV106,4,Curling Iron,65.0,35.0,260.0,140.0
R00153,2025-06-02,INV101,4,Moisturizing Shampoo,15.0,8.0,60.0,32.0
R00154,2025-09-21,INV104,1,Professional Scissors,45.0,22.0,45.0,22.0
R00155,2025-06-04,INV105,3,Hair Dryer,85.0,50.0,255.0,150.0
R00156,2025-11-19,INV103,2,Styling Gel,12.0,5.5,24.0,11.0
R00157,2025-08-02,INV104,2,Professional Scissors,45.0,22.0,90.0,44.0
R00158,2025-05-22,INV106,1,Curling Iron,65.0,35.0,65.0,35.0
R00159,2025-04-03,INV103,4,Styling Gel,12.0,5.5,48.0,22.0
R00160,2025-10-20,INV101,5,Moisturizing Shampoo,15.0,8.0,75.0,40.0
R00161,2025-01-22,INV101,3,Moisturizing Shampoo,15.0,8.0,45.0,24.0
R00162,2025-03-22,INV107,1,Hair Clips,5.0,1.5,5.0,1.5
R00163,2025-02-21,INV101,5,Moisturizing Shampoo,15.0,8.0,75.0,40.0
R00164,2025-10-31,INV101,1,Moisturizing Shampoo,15.0,8.0,15.0,8.0
R00165,2025-01-08,INV106,2,Curling Iron,65.0,35.0,130.0,70.0
R00166,2025-03-20,INV106,1,Curling Iron,65.0,35.0,65.0,35.0
R00167,2025-09-30,INV103,2,Styling Gel,12.0,5.5,24.0,11.0
R00168,2025-01-12,INV104,1,Professional Scissors,45.0,22.0,45.0,22.0
R00169,2025-07-05,INV103,3,Styling Gel,12.0,5.5,36.0,16.5
R00170,2025-12-28,INV106,1,Curling Iron,65.0,35.0,65.0,35.0
R00171,2025-04-11,INV103,3,Styling Gel,12.0,5.5,36.0,16.5
R00172,2025-07-28,INV101,3,Moisturizing Shampoo,15.0,8.0,45.0,24.0
R00173,2025-11-18,INV106,1,Curling Iron,65.0,35.0,65.0,35.0
R00174,2025-06-29,INV105,2,Hair Dryer,85.0,50.0,170.0,100.0
R00175,2025-01-24,INV105,2,Hair Dryer,85.0,50.0,170.0,100.0
R00176,2025-02-13,INV106,2,Curling Iron,65.0,35.0,130.0,70.0
R00177,2025-12-21,INV101,1,Moisturizing Shampoo,15.0,8.0,15.0,8.0
R00178,2025-10-29,INV104,2,Professional Scissors,45.0,22.0,90.0,44.0
R00179,2025-10-16,INV103,4,Styling Gel,12.0,5.5,48.0,22.0
R00180,2025-09-06,INV103,5,Styling Gel,12.0,5.5,60.0,27.5
R00181,2025-07-14,INV101,1,Moisturizing Shampoo,15.0,8.0,15.0,8.0
R00182,2025-02-16,INV104,5,Professional Scissors,45.0,22.0,225.0,110.0
R00183,2025-08-03,INV103,3,Styling Gel,12.0,5.5,36.0,16.5
R00184,2025-09-13,INV107,1,Hair Clips,5.0,1.5,5.0,1.5
R00185,2025-02-24,INV107,4,Hair Clips,5.0,1.5,20.0,6.0
R00186,2025-05-12,INV103,1,Styling Gel,12.0,5.5,12.0,5.5
R00187,2025-06-15,INV102,2,Deep Conditioner,18.0,9.5,36.0,19.0
R00188,2025-02-21,INV105,2,Hair Dryer,85.0,50.0,170.0,100.0
R00189,2025-05-20,INV104,2,Professional Scissors,45.0,22.0,90.0,44.0
R00190,2025-08-17,INV105,3,Hair Dryer,85.0,50.0,255.0,150.0
R00191,2025-09-04,INV105,5,Hair Dryer,85.0,50.0,425.0,250.0
R00192,2025-06-17,INV103,2,Styling Gel,12.0,5.5,24.0,11.0
R00193,2025-01-24,INV102,5,Deep Conditioner,18.0,9.5,90.0,47.5
R00194,2025-06-01,INV101,2,Moisturizing Shampoo,15.0,8.0,30.0,16.0
R00195,2025-01-22,INV105,4,Hair Dryer,85.0,50.0,340.0,200.0
R00196,2025-03-01,INV106,1,Curling Iron,65.0,35.0,65.0,35.0
R00197,2025-08-28,INV103,2,Styling Gel,12.0,5.5,24.0,11.0
R00198,2025-03-06,INV103,2,Styling Gel,12.0,5.5,24.0,11.0
R00199,2025-02-20,INV106,5,Curling Iron,65.0,35.0,325.0,175.0
R00200,2025-11-03,INV105,3,Hair Dryer,85.0,50.0,255.0,150.0
R00201,2025-08-25,INV103,4,Styling Gel,12.0,5.5,48.0,22.0
R00202,2025-06-06,INV106,5,Curling Iron,65.0,35.0,325.0,175.0
R00203,2025-07-22,INV104,5,Professional Scissors,45.0,22.0,225.0,110.0
R00204,2025-03-26,INV101,4,Moisturizing Shampoo,15.0,8.0,60.0,32.0
R00205,2025-06-15,INV101,3,Moisturizing Shampoo,15.0,8.0,45.0,24.0
R00206,2025-01-04,INV101,5,Moisturizing Shampoo,15.0,8.0,75.0,40.0
R00207,2025-12-05,INV107,3,Hair Clips,5.0,1.5,15.0,4.5
R00208,2025-10-30,INV103,2,Styling Gel,12.0,5.5,24.0,11.0
R00209,2025-06-30,INV104,3,Professional Scissors,45.0,22.0,135.0,66.0
R00210,2025-10-20,INV103,1,Styling Gel,12.0,5.5,12.0,5.5
R00211,2025-08-09,INV101,5,Moisturizing Shampoo,15.0,8.0,75.0,40.0
R00212,2025-04-23,INV101,3,Moisturizing Shampoo,15.0,8.0,45.0,24.0
R00213,2025-06-20,INV105,4,Hair Dryer,85.0,50.0,340.0,200.0
R00214,2025-06-27,INV102,3,Deep Conditioner,18.0,9.5,54.0,28.5
R00215,2025-04-30,INV107,3,Hair Clips,5.0,1.5,15.0,4.5
R00216,2025-05-06,INV104,1,Professional Scissors,45.0,22.0,45.0,22.0
R00217,2025-06-17,INV101,2,Moisturizing Shampoo,15.0,8.0,30.0,16.0
R00218,2025-04-26,INV107,2,Hair Clips,5.0,1.5,10.0,3.0
R00219,2025-07-18,INV106,1,Curling Iron,65.0,35.0,65.0,35.0
R00220,2025-12-05,INV104,2,Professional Scissors,45.0,22.0,90.0,44.0
R00221,2025-06-17,INV106,2,Curling Iron,65.0,35.0,130.0,70.0
R00222,2025-05-25,INV104,3,Professional Scissors,45.0,22.0,135.0,66.0
R00223,2025-12-09,INV101,5,Moisturizing Shampoo,15.0,8.0,75.0,40.0
R00224,2025-09-22,INV102,5,Deep Conditioner,18.0,9.5,90.0,47.5
R00225,2025-09-29,INV104,4,Professional Scissors,45.0,22.0,180.0,88.0
R00226,2025-06-06,INV107,3,Hair Clips,5.0,1.5,15.0,4.5
R00227,2025-09-22,INV104,2,Professional Scissors,45.0,22.0,90.0,44.0
R00228,2025-07-10,INV101,5,Moisturizing Shampoo,15.0,8.0,75.0,40.0
R00229,2025-05-16,INV104,4,Professional Scissors,45.0,22.0,180.0,88.0
R00230,2025-09-07,INV102,2,Deep Conditioner,18.0,9.5,36.0,19.0
R00231,2025-01-31,INV107,1,Hair Clips,5.0,1.5,5.0,1.5
R00232,2025-01-03,INV103,3,Styling Gel,12.0,5.5,36.0,16.5
R00233,2025-12-04,INV104,3,Professional Scissors,45.0,22.0,135.0,66.0
R00234,2025-11-08,INV107,5,Hair Clips,5.0,1.5,25.0,7.5
R00235,2025-04-28,INV102,2,Deep Conditioner,18.0,9.5,36.0,19.0
R00236,2025-03-13,INV106,5,Curling Iron,65.0,35.0,325.0,175.0
R00237,2025-01-22,INV103,2,Styling Gel,12.0,5.5,24.0,11.0
R00238,2025-07-09,INV104,3,Professional Scissors,45.0,22.0,135.0,66.0
R00239,2025-08-10,INV102,2,Deep Conditioner,18.0,9.5,36.0,19.0
R00240,2025-01-30,INV106,1,Curling Iron,65.0,35.0,65.0,35.0
R00241,2025-02-01,INV102,4,Deep Conditioner,18.0,9.5,72.0,38.0
R00242,2025-01-16,INV101,4,Moisturizing Shampoo,15.0,8.0,60.0,32.0
R00243,2025-03-19,INV104,2,Professional Scissors,45.0,22.0,90.0,44.0
R00244,2025-08-23,INV103,4,Styling Gel,12.0,5.5,48.0,22.0
R00245,2025-04-19,INV101,5,Moisturizing Shampoo,15.0,8.0,75.0,40.0
R00246,2025-01-26,INV106,5,Curling Iron,65.0,35.0,325.0,175.0
R00247,2025-10-14,INV105,1,Hair Dryer,85.0,50.0,85.0,50.0
R00248,2025-07-08,INV105,4,Hair Dryer,85.0,50.0,340.0,200.0
R00249,2025-09-14,INV103,1,Styling Gel,12.0,5.5,12.0,5.5
R00250,2025-12-15,INV102,1,Deep Conditioner,18.0,9.5,18.0,9.5
R00251,2025-01-24,INV107,3,Hair Clips,5.0,1.5,15.0,4.5
R00252,2025-07-15,INV104,5,Professional Scissors,45.0,22.0,225.0,110.0
R00253,2025-11-08,INV103,3,Styling Gel,12.0,5.5,36.0,16.5
R00254,2025-03-01,INV107,4,Hair Clips,5.0,1.5,20.0,6.0
R00255,2025-09-20,INV105,3,Hair Dryer,85.0,50.0,255.0,150.0
R00256,2025-11-08,INV105,4,Hair Dryer,85.0,50.0,340.0,200.0
R00257,2025-03-14,INV103,1,Styling Gel,12.0,5.5,12.0,5.5
R00258,2025-07-28,INV103,5,Styling Gel,12.0,5.5,60.0,27.5
R00259,2025-07-26,INV106,3,Curling Iron,65.0,35.0,195.0,105.0
R00260,2025-03-04,INV106,3,Curling Iron,65.0,35.0,195.0,105.0
R00261,2025-08-25,INV103,2,Styling Gel,12.0,5.5,24.0,11.0
R00262,2025-08-12,INV103,1,Styling Gel,12.0,5.5,12.0,5.5
R00263,2025-03-14,INV104,5,Professional Scissors,45.0,22.0,225.0,110.0
R00264,2025-11-24,INV101,4,Moisturizing Shampoo,15.0,8.0,60.0,32.0
R00265,2025-12-28,INV103,5,Styling Gel,12.0,5.5,60.0,27.5
R00266,2025-10-31,INV103,2,Styling Gel,12.0,5.5,24.0,11.0
R00267,2025-11-08,INV105,1,Hair Dryer,85.0,50.0,85.0,50.0
R00268,2025-05-02,INV103,4,Styling Gel,12.0,5.5,48.0,22.0
R00269,2025-04-26,INV107,2,Hair Clips,5.0,1.5,10.0,3.0
R00270,2025-06-15,INV106,5,Curling Iron,65.0,35.0,325.0,175.0
R00271,2025-08-18,INV106,1,Curling Iron,65.0,35.0,65.0,35.0
R00272,2025-06-01,INV104,4,Professional Scissors,45.0,22.0,180.0,88.0
R00273,2025-05-15,INV107,2,Hair Clips,5.0,1.5,10.0,3.0
R00274,2025-11-17,INV105,1,Hair Dryer,85.0,50.0,85.0,50.0
R00275,2025-11-21,INV105,4,Hair Dryer,85.0,50.0,340.0,200.0
R00276,2025-06-27,INV104,2,Professional Scissors,45.0,22.0,90.0,44.0
R00277,2025-01-28,INV106,1,Curling Iron,65.0,35.0,65.0,35.0
R00278,2025-08-30,INV105,3,Hair Dryer,85.0,50.0,255.0,150.0
R00279,2025-05-18,INV103,5,Styling Gel,12.0,5.5,60.0,27.5
R00280,2025-12-15,INV103,2,Styling Gel,12.0,5.5,24.0,11.0
R00281,2025-04-02,INV104,4,Professional Scissors,45.0,22.0,180.0,88.0
R00282,2025-03-31,INV104,4,Professional Scissors,45.0,22.0,180.0,88.0
R00283,2025-03-20,INV104,2,Professional Scissors,45.0,22.0,90.0,44.0
R00284,2025-06-27,INV107,3,Hair Clips,5.0,1.5,15.0,4.5
R00285,2025-08-26,INV104,4,Professional Scissors,45.0,22.0,180.0,88.0
R00286,2025-08-24,INV103,4,Styling Gel,12.0,5.5,48.0,22.0
R00287,2025-07-15,INV105,4,Hair Dryer,85.0,50.0,340.0,200.0
R00288,2025-08-15,INV103,3,Styling Gel,12.0,5.5,36.0,16.5
R00289,2025-01-03,INV105,4,Hair Dryer,85.0,50.0,340.0,200.0
R00290,2025-09-16,INV101,1,Moisturizing Shampoo,15.0,8.0,15.0,8.0
R00291,2025-03-31,INV101,4,Moisturizing Shampoo,15.0,8.0,60.0,32.0
R00292,2025-09-16,INV104,5,Professional Scissors,45.0,22.0,225.0,110.0
R00293,2025-11-16,INV104,5,Professional Scissors,45.0,22.0,225.0,110.0
R00294,2025-10-16,INV103,2,Styling Gel,12.0,5.5,24.0,11.0
R00295,2025-07-06,INV103,2,Styling Gel,12.0,5.5,24.0,11.0
R00296,2025-06-16,INV106,3,Curling Iron,65.0,35.0,195.0,105.0
R00297,2025-04-06,INV103,2,Styling Gel,12.0,5.5,24.0,11.0
R00298,2025-07-30,INV104,4,Professional Scissors,45.0,22.0,180.0,88.0
R00299,2025-08-01,INV105,4,Hair Dryer,85.0,50.0,340.0,200.0
R00300,2025-09-24,INV105,5,Hair Dryer,85.0,50.0,425.0,250.0
R00301,2025-11-06,INV106,3,Curling Iron,65.0,35.0,195.0,105.0
R00302,2025-07-18,INV102,4,Deep Conditioner,18.0,9.5,72.0,38.0
R00303,2025-02-08,INV101,1,Moisturizing Shampoo,15.0,8.0,15.0,8.0
R00304,2025-07-10,INV106,2,Curling Iron,65.0,35.0,130.0,70.0
R00305,2025-11-09,INV102,1,Deep Conditioner,18.0,9.5,18.0,9.5
R00306,2025-03-08,INV106,4,Curling Iron,65.0,35.0,260.0,140.0
R00307,2025-02-23,INV105,5,Hair Dryer,85.0,50.0,425.0,250.0
R00308,2025-04-01,INV107,1,Hair Clips,5.0,1.5,5.0,1.5
R00309,2025-02-21,INV101,4,Moisturizing Shampoo,15.0,8.0,60.0,32.0
R00310,2025-12-30,INV106,2,Curling Iron,65.0,35.0,130.0,70.0
R00311,2025-09-13,INV105,5,Hair Dryer,85.0,50.0,425.0,250.0
R00312,2025-01-09,INV102,4,Deep Conditioner,18.0,9.5,72.0,38.0
R00313,2025-07-21,INV106,5,Curling Iron,65.0,35.0,325.0,175.0
R00314,2025-01-25,INV104,3,Professional Scissors,45.0,22.0,135.0,66.0
R00315,2025-11-16,INV104,4,Professional Scissors,45.0,22.0,180.0,88.0
R00316,2025-01-17,INV106,1,Curling Iron,65.0,35.0,65.0,35.0
R00317,2025-11-26,INV104,5,Professional Scissors,45.0,22.0,225.0,110.0
R00318,2025-10-26,INV102,1,Deep Conditioner,18.0,9.5,18.0,9.5
R00319,2025-04-23,INV106,3,Curling Iron,65.0,35.0,195.0,105.0
R00320,2025-03-18,INV105,5,Hair Dryer,85.0,50.0,425.0,250.0
R00321,2025-09-28,INV106,1,Curling Iron,65.0,35.0,65.0,35.0
R00322,2025-06-18,INV101,3,Moisturizing Shampoo,15.0,8.0,45.0,24.0
R00323,2025-06-19,INV106,4,Curling Iron,65.0,35.0,260.0,140.0
R00324,2025-01-12,INV105,3,Hair Dryer,85.0,50.0,255.0,150.0
R00325,2025-11-15,INV103,4,Styling Gel,12.0,5.5,48.0,22.0
R00326,2025-07-08,INV106,5,Curling Iron,65.0,35.0,325.0,175.0
R00327,2025-01-29,INV106,3,Curling Iron,65.0,35.0,195.0,105.0
R00328,2025-06-19,INV104,3,Professional Scissors,45.0,22.0,135.0,66.0
R00329,2025-07-13,INV103,3,Styling Gel,12.0,5.5,36.0,16.5
R00330,2025-07-03,INV101,4,Moisturizing Shampoo,15.0,8.0,60.0,32.0
R00331,2025-04-07,INV107,4,Hair Clips,5.0,1.5,20.0,6.0
R00332,2025-05-09,INV101,5,Moisturizing Shampoo,15.0,8.0,75.0,40.0
R00333,2025-11-01,INV103,2,Styling Gel,12.0,5.5,24.0,11.0
R00334,2025-10-26,INV103,3,Styling Gel,12.0,5.5,36.0,16.5
R00335,2025-10-10,INV104,5,Professional Scissors,45.0,22.0,225.0,110.0
R00336,2025-07-15,INV104,2,Professional Scissors,45.0,22.0,90.0,44.0
R00337,2025-08-17,INV106,1,Curling Iron,65.0,35.0,65.0,35.0
R00338,2025-03-29,INV103,3,Styling Gel,12.0,5.5,36.0,16.5
R00339,2025-08-11,INV107,1,Hair Clips,5.0,1.5,5.0,1.5
R00340,2025-05-16,INV101,2,Moisturizing Shampoo,15.0,8.0,30.0,16.0
R00341,2025-05-16,INV104,3,Professional Scissors,45.0,22.0,135.0,66.0
R00342,2025-04-01,INV106,2,Curling Iron,65.0,35.0,130.0,70.0
R00343,2025-03-15,INV105,5,Hair Dryer,85.0,50.0,425.0,250.0
R00344,2025-08-06,INV107,4,Hair Clips,5.0,1.5,20.0,6.0
R00345,2025-12-22,INV107,5,Hair Clips,5.0,1.5,25.0,7.5
R00346,2025-09-29,INV106,1,Curling Iron,65.0,35.0,65.0,35.0
R00347,2025-07-09,INV102,4,Deep Conditioner,18.0,9.5,72.0,38.0
R00348,2025-01-29,INV102,1,Deep Conditioner,18.0,9.5,18.0,9.5
R00349,2025-08-02,INV105,4,Hair Dryer,85.0,50.0,340.0,200.0
R00350,2025-11-30,INV101,5,Moisturizing Shampoo,15.0,8.0,75.0,40.0
R00351,2025-10-14,INV106,4,Curling Iron,65.0,35.0,260.0,140.0
R00352,2025-12-08,INV101,3,Moisturizing Shampoo,15.0,8.0,45.0,24.0
R00353,2025-07-07,INV106,5,Curling Iron,65.0,35.0,325.0,175.0
R00354,2025-11-20,INV106,2,Curling Iron,65.0,35.0,130.0,70.0
R00355,2025-06-01,INV104,3,Professional Scissors,45.0,22.0,135.0,66.0
R00356,2025-09-15,INV101,5,Moisturizing Shampoo,15.0,8.0,75.0,40.0
R00357,2025-07-19,INV104,1,Professional Scissors,45.0,22.0,45.0,22.0
R00358,2025-02-01,INV104,2,Professional Scissors,45.0,22.0,90.0,44.0
R00359,2025-07-11,INV101,5,Moisturizing Shampoo,15.0,8.0,75.0,40.0
R00360,2025-11-14,INV103,5,Styling Gel,12.0,5.5,60.0,27.5
R00361,2025-08-02,INV106,2,Curling Iron,65.0,35.0,130.0,70.0
R00362,2025-06-30,INV103,2,Styling Gel,12.0,5.5,24.0,11.0
R00363,2025-11-05,INV107,5,Hair Clips,5.0,1.5,25.0,7.5
R00364,2025-03-05,INV106,1,Curling Iron,65.0,35.0,65.0,35.0
R00365,2025-06-26,INV105,2,Hair Dryer,85.0,50.0,170.0,100.0
R00366,2025-07-03,INV102,2,Deep Conditioner,18.0,9.5,36.0,19.0
R00367,2025-09-09,INV102,5,Deep Conditioner,18.0,9.5,90.0,47.5
R00368,2025-06-28,INV105,5,Hair Dryer,85.0,50.0,425.0,250.0
R00369,2025-09-17,INV101,4,Moisturizing Shampoo,15.0,8.0,60.0,32.0
R00370,2025-12-26,INV105,2,Hair Dryer,85.0,50.0,170.0,100.0
R00371,2025-10-27,INV105,4,Hair Dryer,85.0,50.0,340.0,200.0
R00372,2025-12-03,INV104,3,Professional Scissors,45.0,22.0,135.0,66.0
R00373,2025-01-19,INV103,3,Styling Gel,12.0,5.5,36.0,16.5
R00374,2025-05-01,INV105,2,Hair Dryer,85.0,50.0,170.0,100.0
R00375,2025-04-11,INV101,4,Moisturizing Shampoo,15.0,8.0,60.0,32.0
R00376,2025-05-20,INV104,4,Professional Scissors,45.0,22.0,180.0,88.0
R00377,2025-07-20,INV101,4,Moisturizing Shampoo,15.0,8.0,60.0,32.0
R00378,2025-07-14,INV106,1,Curling Iron,65.0,35.0,65.0,35.0
R00379,2025-06-29,INV106,1,Curling Iron,65.0,35.0,65.0,35.0
R00380,2025-01-20,INV103,4,Styling Gel,12.0,5.5,48.0,22.0
R00381,2025-11-26,INV102,2,Deep Conditioner,18.0,9.5,36.0,19.0
R00382,2025-03-16,INV104,1,Professional Scissors,45.0,22.0,45.0,22.0
R00383,2025-12-21,INV102,4,Deep Conditioner,18.0,9.5,72.0,38.0
R00384,2025-04-26,INV104,2,Professional Scissors,45.0,22.0,90.0,44.0
R00385,2025-02-28,INV103,1,Styling Gel,12.0,5.5,12.0,5.5
R00386,2025-10-12,INV107,4,Hair Clips,5.0,1.5,20.0,6.0
R00387,2025-08-07,INV105,2,Hair Dryer,85.0,50.0,170.0,100.0
R00388,2025-12-13,INV102,1,Deep Conditioner,18.0,9.5,18.0,9.5
R00389,2025-11-18,INV102,1,Deep Conditioner,18.0,9.5,18.0,9.5
R00390,2025-03-04,INV101,2,Moisturizing Shampoo,15.0,8.0,30.0,16.0
R00391,2025-12-16,INV104,1,Professional Scissors,45.0,22.0,45.0,22.0
R00392,2025-02-19,INV104,4,Professional Scissors,45.0,22.0,180.0,88.0
R00393,2025-06-04,INV104,1,Professional Scissors,45.0,22.0,45.0,22.0
R00394,2025-05-12,INV102,1,Deep Conditioner,18.0,9.5,18.0,9.5
R00395,2025-05-29,INV104,2,Professional Scissors,45.0,22.0,90.0,44.0
R00396,2025-09-17,INV105,2,Hair Dryer,85.0,50.0,170.0,100.0
R00397,2025-06-15,INV102,1,Deep Conditioner,18.0,9.5,18.0,9.5
R00398,2025-08-14,INV102,5,Deep Conditioner,18.0,9.5,90.0,47.5
R00399,2025-02-25,INV103,4,Styling Gel,12.0,5.5,48.0,22.0
R00400,2025-02-20,INV107,4,Hair Clips,5.0,1.5,20.0,6.0
R00401,2025-09-07,INV103,1,Styling Gel,12.0,5.5,12.0,5.5
R00402,2025-02-03,INV101,5,Moisturizing Shampoo,15.0,8.0,75.0,40.0
R00403,2025-01-08,INV104,1,Professional Scissors,45.0,22.0,45.0,22.0
R00404,2025-02-22,INV105,1,Hair Dryer,85.0,50.0,85.0,50.0
R00405,2025-06-29,INV107,3,Hair Clips,5.0,1.5,15.0,4.5
R00406,2025-08-07,INV101,1,Moisturizing Shampoo,15.0,8.0,15.0,8.0
R00407,2025-01-08,INV105,3,Hair Dryer,85.0,50.0,255.0,150.0
R00408,2025-07-05,INV104,1,Professional Scissors,45.0,22.0,45.0,22.0
R00409,2025-03-12,INV102,3,Deep Conditioner,18.0,9.5,54.0,28.5
R00410,2025-02-17,INV102,1,Deep Conditioner,18.0,9.5,18.0,9.5
R00411,2025-04-17,INV104,4,Professional Scissors,45.0,22.0,180.0,88.0
R00412,2025-08-20,INV105,2,Hair Dryer,85.0,50.0,170.0,100.0
R00413,2025-02-05,INV106,1,Curling Iron,65.0,35.0,65.0,35.0
R00414,2025-09-26,INV103,5,Styling Gel,12.0,5.5,60.0,27.5
R00415,2025-06-16,INV106,5,Curling Iron,65.0,35.0,325.0,175.0
R00416,2025-04-08,INV104,5,Professional Scissors,45.0,22.0,225.0,110.0
R00417,2025-08-26,INV104,4,Professional Scissors,45.0,22.0,180.0,88.0
R00418,2025-04-18,INV107,1,Hair Clips,5.0,1.5,5.0,1.5
R00419,2025-08-20,INV106,2,Curling Iron,65.0,35.0,130.0,70.0
R00420,2025-04-08,INV104,1,Professional Scissors,45.0,22.0,45.0,22.0
R00421,2025-04-06,INV103,3,Styling Gel,12.0,5.5,36.0,16.5
R00422,2025-12-07,INV102,3,Deep Conditioner,18.0,9.5,54.0,28.5
R00423,2025-07-23,INV101,4,Moisturizing Shampoo,15.0,8.0,60.0,32.0
R00424,2025-07-17,INV106,2,Curling Iron,65.0,35.0,130.0,70.0
R00425,2025-02-20,INV105,1,Hair Dryer,85.0,50.0,85.0,50.0
R00426,2025-06-11,INV105,3,Hair Dryer,85.0,50.0,255.0,150.0
R00427,2025-04-14,INV101,4,Moisturizing Shampoo,15.0,8.0,60.0,32.0
R00428,2025-10-11,INV105,5,Hair Dryer,85.0,50.0,425.0,250.0
R00429,2025-10-27,INV101,5,Moisturizing Shampoo,15.0,8.0,75.0,40.0
R00430,2025-05-02,INV107,3,Hair Clips,5.0,1.5,15.0,4.5
R00431,2025-08-06,INV102,3,Deep Conditioner,18.0,9.5,54.0,28.5
R00432,2025-11-14,INV101,4,Moisturizing Shampoo,15.0,8.0,60.0,32.0
R00433,2025-07-11,INV106,1,Curling Iron,65.0,35.0,65.0,35.0
R00434,2025-09-22,INV102,4,Deep Conditioner,18.0,9.5,72.0,38.0
R00435,2025-07-11,INV106,3,Curling Iron,65.0,35.0,195.0,105.0
R00436,2025-03-01,INV105,3,Hair Dryer,85.0,50.0,255.0,150.0
R00437,2025-07-16,INV104,4,Professional Scissors,45.0,22.0,180.0,88.0
R00438,2025-01-02,INV105,2,Hair Dryer,85.0,50.0,170.0,100.0
R00439,2025-07-27,INV103,2,Styling Gel,12.0,5.5,24.0,11.0
R00440,2025-11-05,INV101,5,Moisturizing Shampoo,15.0,8.0,75.0,40.0
R00441,2025-01-17,INV104,3,Professional Scissors,45.0,22.0,135.0,66.0
R00442,2025-08-24,INV101,1,Moisturizing Shampoo,15.0,8.0,15.0,8.0
R00443,2025-04-08,INV107,2,Hair Clips,5.0,1.5,10.0,3.0
R00444,2025-07-21,INV103,5,Styling Gel,12.0,5.5,60.0,27.5
R00445,2025-07-04,INV104,4,Professional Scissors,45.0,22.0,180.0,88.0
R00446,2025-02-28,INV103,1,Styling Gel,12.0,5.5,12.0,5.5
R00447,2025-05-10,INV106,4,Curling Iron,65.0,35.0,260.0,140.0
R00448,2025-06-13,INV104,2,Professional Scissors,45.0,22.0,90.0,44.0
R00449,2025-04-18,INV107,5,Hair Clips,5.0,1.5,25.0,7.5
R00450,2025-09-12,INV102,4,Deep Conditioner,18.0,9.5,72.0,38.0
R00451,2025-12-07,INV105,3,Hair Dryer,85.0,50.0,255.0,150.0
R00452,2025-02-06,INV103,1,Styling Gel,12.0,5.5,12.0,5.5
R00453,2025-05-24,INV101,5,Moisturizing Shampoo,15.0,8.0,75.0,40.0
R00454,2025-12-30,INV105,1,Hair Dryer,85.0,50.0,85.0,50.0
R00455,2025-08-07,INV105,5,Hair Dryer,85.0,50.0,425.0,250.0
R00456,2025-11-21,INV104,2,Professional Scissors,45.0,22.0,90.0,44.0
R00457,2025-09-30,INV102,5,Deep Conditioner,18.0,9.5,90.0,47.5
R00458,2025-03-24,INV107,3,Hair Clips,5.0,1.5,15.0,4.5
R00459,2025-04-04,INV103,5,Styling Gel,12.0,5.5,60.0,27.5
R00460,2025-04-03,INV101,2,Moisturizing Shampoo,15.0,8.0,30.0,16.0
R00461,2025-09-20,INV106,4,Curling Iron,65.0,35.0,260.0,140.0
R00462,2025-05-21,INV106,3,Curling Iron,65.0,35.0,195.0,105.0
R00463,2025-01-08,INV106,3,Curling Iron,65.0,35.0,195.0,105.0
R00464,2025-11-06,INV101,3,Moisturizing Shampoo,15.0,8.0,45.0,24.0
R00465,2025-12-27,INV106,2,Curling Iron,65.0,35.0,130.0,70.0
R00466,2025-09-02,INV103,4,Styling Gel,12.0,5.5,48.0,22.0
R00467,2025-03-27,INV101,3,Moisturizing Shampoo,15.0,8.0,45.0,24.0
R00468,2025-12-17,INV103,1,Styling Gel,12.0,5.5,12.0,5.5
R00469,2025-12-30,INV107,1,Hair Clips,5.0,1.5,5.0,1.5
R00470,2025-11-15,INV102,3,Deep Conditioner,18.0,9.5,54.0,28.5
R00471,2025-06-11,INV102,3,Deep Conditioner,18.0,9.5,54.0,28.5
R00472,2025-08-29,INV101,3,Moisturizing Shampoo,15.0,8.0,45.0,24.0
R00473,2025-09-10,INV101,4,Moisturizing Shampoo,15.0,8.0,60.0,32.0
R00474,2025-05-05,INV107,3,Hair Clips,5.0,1.5,15.0,4.5
R00475,2025-09-13,INV101,5,Moisturizing Shampoo,15.0,8.0,75.0,40.0
R00476,2025-12-02,INV107,4,Hair Clips,5.0,1.5,20.0,6.0
R00477,2025-05-15,INV101,1,Moisturizing Shampoo,15.0,8.0,15.0,8.0
R00478,2025-06-13,INV101,1,Moisturizing Shampoo,15.0,8.0,15.0,8.0
R00479,2025-09-24,INV101,1,Moisturizing Shampoo,15.0,8.0,15.0,8.0
R00480,2025-12-07,INV101,5,Moisturizing Shampoo,15.0,8.0,75.0,40.0
R00481,2025-01-22,INV105,5,Hair Dryer,85.0,50.0,425.0,250.0
R00482,2025-10-17,INV106,3,Curling Iron,65.0,35.0,195.0,105.0
R00483,2025-05-07,INV102,5,Deep Conditioner,18.0,9.5,90.0,47.5
R00484,2025-12-15,INV103,2,Styling Gel,12.0,5.5,24.0,11.0
R00485,2025-05-09,INV105,2,Hair Dryer,85.0,50.0,170.0,100.0
R00486,2025-10-13,INV104,2,Professional Scissors,45.0,22.0,90.0,44.0
R00487,2025-11-01,INV104,2,Professional Scissors,45.0,22.0,90.0,44.0
R00488,2025-08-19,INV101,3,Moisturizing Shampoo,15.0,8.0,45.0,24.0
R00489,2025-02-18,INV102,2,Deep Conditioner,18.0,9.5,36.0,19.0
R00490,2025-02-26,INV101,3,Moisturizing Shampoo,15.0,8.0,45.0,24.0
R00491,2025-10-08,INV105,3,Hair Dryer,85.0,50.0,255.0,150.0
R00492,2025-02-27,INV102,3,Deep Conditioner,18.0,9.5,54.0,28.5
R00493,2025-05-16,INV103,3,Styling Gel,12.0,5.5,36.0,16.5
R00494,2025-11-17,INV103,4,Styling Gel,12.0,5.5,48.0,22.0
R00495,2025-11-20,INV106,1,Curling Iron,65.0,35.0,65.0,35.0
R00496,2025-04-06,INV102,1,Deep Conditioner,18.0,9.5,18.0,9.5
R00497,2025-02-17,INV105,1,Hair Dryer,85.0,50.0,85.0,50.0
R00498,2025-05-21,INV102,3,Deep Conditioner,18.0,9.5,54.0,28.5
R00499,2025-07-28,INV101,3,Moisturizing Shampoo,15.0,8.0,45.0,24.0
R00500,2025-04-30,INV107,4,Hair Clips,5.0,1.5,20.0,6.0
R00501,2025-12-20,INV102,2,Deep Conditioner,18.0,9.5,36.0,19.0
R00502,2025-12-03,INV102,3,Deep Conditioner,18.0,9.5,54.0,28.5
R00503,2025-04-15,INV107,3,Hair Clips,5.0,1.5,15.0,4.5
R00504,2025-09-25,INV103,5,Styling Gel,12.0,5.5,60.0,27.5
R00505,2025-08-28,INV104,3,Professional Scissors,45.0,22.0,135.0,66.0
R00506,2025-06-27,INV106,5,Curling Iron,65.0,35.0,325.0,175.0
R00507,2025-03-26,INV101,3,Moisturizing Shampoo,15.0,8.0,45.0,24.0
R00508,2025-09-04,INV101,1,Moisturizing Shampoo,15.0,8.0,15.0,8.0
R00509,2025-01-19,INV101,4,Moisturizing Shampoo,15.0,8.0,60.0,32.0
R00510,2025-08-28,INV106,3,Curling Iron,65.0,35.0,195.0,105.0
R00511,2025-04-28,INV103,1,Styling Gel,12.0,5.5,12.0,5.5
R00512,2025-05-06,INV107,1,Hair Clips,5.0,1.5,5.0,1.5
R00513,2025-09-18,INV107,5,Hair Clips,5.0,1.5,25.0,7.5
R00514,2025-08-01,INV104,2,Professional Scissors,45.0,22.0,90.0,44.0
R00515,2025-03-01,INV103,1,Styling Gel,12.0,5.5,12.0,5.5
R00516,2025-11-03,INV107,3,Hair Clips,5.0,1.5,15.0,4.5
R00517,2025-12-30,INV106,3,Curling Iron,65.0,35.0,195.0,105.0
R00518,2025-01-31,INV105,2,Hair Dryer,85.0,50.0,170.0,100.0
R00519,2025-03-27,INV105,4,Hair Dryer,85.0,50.0,340.0,200.0
R00520,2025-09-21,INV106,4,Curling Iron,65.0,35.0,260.0,140.0
R00521,2025-05-14,INV107,5,Hair Clips,5.0,1.5,25.0,7.5
R00522,2025-07-05,INV103,3,Styling Gel,12.0,5.5,36.0,16.5
R00523,2025-11-25,INV107,4,Hair Clips,5.0,1.5,20.0,6.0
R00524,2025-11-22,INV104,4,Professional Scissors,45.0,22.0,180.0,88.0
R00525,2025-01-11,INV101,5,Moisturizing Shampoo,15.0,8.0,75.0,40.0
R00526,2025-06-09,INV101,3,Moisturizing Shampoo,15.0,8.0,45.0,24.0
R00527,2025-04-12,INV107,1,Hair Clips,5.0,1.5,5.0,1.5
R00528,2025-10-20,INV102,3,Deep Conditioner,18.0,9.5,54.0,28.5
R00529,2025-04-15,INV106,1,Curling Iron,65.0,35.0,65.0,35.0
R00530,2025-06-09,INV104,1,Professional Scissors,45.0,22.0,45.0,22.0
R00531,2025-01-27,INV101,2,Moisturizing Shampoo,15.0,8.0,30.0,16.0
R00532,2025-10-03,INV105,2,Hair Dryer,85.0,50.0,170.0,100.0
R00533,2025-02-17,INV106,1,Curling Iron,65.0,35.0,65.0,35.0
R00534,2025-10-04,INV102,2,Deep Conditioner,18.0,9.5,36.0,19.0
R00535,2025-03-19,INV101,3,Moisturizing Shampoo,15.0,8.0,45.0,24.0
R00536,2025-01-28,INV104,5,Professional Scissors,45.0,22.0,225.0,110.0
R00537,2025-10-09,INV106,5,Curling Iron,65.0,35.0,325.0,175.0
R00538,2025-06-30,INV107,5,Hair Clips,5.0,1.5,25.0,7.5
R00539,2025-04-25,INV105,2,Hair Dryer,85.0,50.0,170.0,100.0
R00540,2025-11-08,INV103,3,Styling Gel,12.0,5.5,36.0,16.5
R00541,2025-01-18,INV102,5,Deep Conditioner,18.0,9.5,90.0,47.5
R00542,2025-05-25,INV103,1,Styling Gel,12.0,5.5,12.0,5.5
R00543,2025-05-16,INV105,3,Hair Dryer,85.0,50.0,255.0,150.0
R00544,2025-08-19,INV105,4,Hair Dryer,85.0,50.0,340.0,200.0
R00545,2025-04-09,INV102,2,Deep Conditioner,18.0,9.5,36.0,19.0
R00546,2025-07-15,INV101,3,Moisturizing Shampoo,15.0,8.0,45.0,24.0
R00547,2025-04-23,INV103,4,Styling Gel,12.0,5.5,48.0,22.0
R00548,2025-05-02,INV102,4,Deep Conditioner,18.0,9.5,72.0,38.0
R00549,2025-07-31,INV101,2,Moisturizing Shampoo,15.0,8.0,30.0,16.0
R00550,2025-12-09,INV107,2,Hair Clips,5.0,1.5,10.0,3.0
R00551,2025-12-07,INV106,5,Curling Iron,65.0,35.0,325.0,175.0
R00552,2025-04-11,INV105,1,Hair Dryer,85.0,50.0,85.0,50.0
R00553,2025-04-15,INV105,2,Hair Dryer,85.0,50.0,170.0,100.0
R00554,2025-11-19,INV103,3,Styling Gel,12.0,5.5,36.0,16.5
R00555,2025-04-12,INV107,5,Hair Clips,5.0,1.5,25.0,7.5
R00556,2025-10-18,INV102,2,Deep Conditioner,18.0,9.5,36.0,19.0
R00557,2025-07-07,INV102,3,Deep Conditioner,18.0,9.5,54.0,28.5
R00558,2025-07-19,INV107,5,Hair Clips,5.0,1.5,25.0,7.5
R00559,2025-04-10,INV101,1,Moisturizing Shampoo,15.0,8.0,15.0,8.0
R00560,2025-04-18,INV105,1,Hair Dryer,85.0,50.0,85.0,50.0
R00561,2025-01-04,INV102,4,Deep Conditioner,18.0,9.5,72.0,38.0
R00562,2025-10-21,INV103,5,Styling Gel,12.0,5.5,60.0,27.5
R00563,2025-11-12,INV102,1,Deep Conditioner,18.0,9.5,18.0,9.5
R00564,2025-07-31,INV101,3,Moisturizing Shampoo,15.0,8.0,45.0,24.0
R00565,2025-09-18,INV107,4,Hair Clips,5.0,1.5,20.0,6.0
R00566,2025-09-11,INV104,5,Professional Scissors,45.0,22.0,225.0,110.0
R00567,2025-02-02,INV104,5,Professional Scissors,45.0,22.0,225.0,110.0
R00568,2025-08-27,INV103,5,Styling Gel,12.0,5.5,60.0,27.5
R00569,2025-11-29,INV104,2,Professional Scissors,45.0,22.0,90.0,44.0
R00570,2025-06-25,INV107,3,Hair Clips,5.0,1.5,15.0,4.5
R00571,2025-07-22,INV105,5,Hair Dryer,85.0,50.0,425.0,250.0
R00572,2025-10-13,INV102,1,Deep Conditioner,18.0,9.5,18.0,9.5
R00573,2025-06-24,INV107,4,Hair Clips,5.0,1.5,20.0,6.0
R00574,2025-06-25,INV105,3,Hair Dryer,85.0,50.0,255.0,150.0
R00575,2025-03-08,INV102,5,Deep Conditioner,18.0,9.5,90.0,47.5
R00576,2025-02-20,INV102,2,Deep Conditioner,18.0,9.5,36.0,19.0
R00577,2025-05-21,INV103,4,Styling Gel,12.0,5.5,48.0,22.0
R00578,2025-08-31,INV102,1,Deep Conditioner,18.0,9.5,18.0,9.5
R00579,2025-11-13,INV106,4,Curling Iron,65.0,35.0,260.0,140.0
R00580,2025-06-05,INV101,3,Moisturizing Shampoo,15.0,8.0,45.0,24.0
R00581,2025-06-22,INV104,5,Professional Scissors,45.0,22.0,225.0,110.0
R00582,2025-07-26,INV102,1,Deep Conditioner,18.0,9.5,18.0,9.5
R00583,2025-07-30,INV107,1,Hair Clips,5.0,1.5,5.0,1.5
R00584,2025-12-28,INV104,5,Professional Scissors,45.0,22.0,225.0,110.0
R00585,2025-08-05,INV107,1,Hair Clips,5.0,1.5,5.0,1.5
R00586,2025-12-12,INV104,3,Professional Scissors,45.0,22.0,135.0,66.0
R00587,2025-09-19,INV102,3,Deep Conditioner,18.0,9.5,54.0,28.5
R00588,2025-01-16,INV102,5,Deep Conditioner,18.0,9.5,90.0,47.5
R00589,2025-10-25,INV107,1,Hair Clips,5.0,1.5,5.0,1.5
R00590,2025-06-10,INV103,2,Styling Gel,12.0,5.5,24.0,11.0
R00591,2025-05-11,INV105,2,Hair Dryer,85.0,50.0,170.0,100.0
R00592,2025-03-26,INV107,3,Hair Clips,5.0,1.5,15.0,4.5
R00593,2025-11-06,INV106,3,Curling Iron,65.0,35.0,195.0,105.0
R00594,2025-05-26,INV107,2,Hair Clips,5.0,1.5,10.0,3.0
R00595,2025-09-07,INV101,3,Moisturizing Shampoo,15.0,8.0,45.0,24.0
R00596,2025-10-16,INV105,4,Hair Dryer,85.0,50.0,340.0,200.0
R00597,2025-11-26,INV104,4,Professional Scissors,45.0,22.0,180.0,88.0
R00598,2025-09-27,INV105,3,Hair Dryer,85.0,50.0,255.0,150.0
R00599,2025-12-04,INV105,2,Hair Dryer,85.0,50.0,170.0,100.0
R00600,2025-09-18,INV101,4,Moisturizing Shampoo,15.0,8.0,60.0,32.0
R00601,2025-09-08,INV104,1,Professional Scissors,45.0,22.0,45.0,22.0
R00602,2025-02-27,INV102,3,Deep Conditioner,18.0,9.5,54.0,28.5
R00603,2025-04-22,INV101,1,Moisturizing Shampoo,15.0,8.0,15.0,8.0
R00604,2025-07-30,INV107,4,Hair Clips,5.0,1.5,20.0,6.0
R00605,2025-10-25,INV105,4,Hair Dryer,85.0,50.0,340.0,200.0
R00606,2025-04-24,INV103,2,Styling Gel,12.0,5.5,24.0,11.0
R00607,2025-10-07,INV101,2,Moisturizing Shampoo,15.0,8.0,30.0,16.0
R00608,2025-12-07,INV102,4,Deep Conditioner,18.0,9.5,72.0,38.0
R00609,2025-05-18,INV107,1,Hair Clips,5.0,1.5,5.0,1.5
R00610,2025-02-23,INV102,3,Deep Conditioner,18.0,9.5,54.0,28.5
R00611,2025-06-21,INV104,3,Professional Scissors,45.0,22.0,135.0,66.0
R00612,2025-08-07,INV102,3,Deep Conditioner,18.0,9.5,54.0,28.5
R00613,2025-04-15,INV106,2,Curling Iron,65.0,35.0,130.0,70.0
R00614,2025-02-02,INV104,5,Professional Scissors,45.0,22.0,225.0,110.0
R00615,2025-03-15,INV104,2,Professional Scissors,45.0,22.0,90.0,44.0
R00616,2025-11-11,INV105,2,Hair Dryer,85.0,50.0,170.0,100.0
R00617,2025-02-22,INV103,1,Styling Gel,12.0,5.5,12.0,5.5
R00618,2025-11-04,INV106,4,Curling Iron,65.0,35.0,260.0,140.0
R00619,2025-09-29,INV102,1,Deep Conditioner,18.0,9.5,18.0,9.5
R00620,2025-02-03,INV102,5,Deep Conditioner,18.0,9.5,90.0,47.5
R00621,2025-10-20,INV107,1,Hair Clips,5.0,1.5,5.0,1.5
R00622,2025-01-07,INV102,5,Deep Conditioner,18.0,9.5,90.0,47.5
R00623,2025-04-26,INV106,2,Curling Iron,65.0,35.0,130.0,70.0
R00624,2025-04-29,INV106,5,Curling Iron,65.0,35.0,325.0,175.0
R00625,2025-08-31,INV105,1,Hair Dryer,85.0,50.0,85.0,50.0
R00626,2025-11-25,INV107,3,Hair Clips,5.0,1.5,15.0,4.5
R00627,2025-04-12,INV106,2,Curling Iron,65.0,35.0,130.0,70.0
R00628,2025-01-14,INV101,3,Moisturizing Shampoo,15.0,8.0,45.0,24.0
R00629,2025-12-09,INV102,2,Deep Conditioner,18.0,9.5,36.0,19.0
R00630,2025-05-25,INV103,1,Styling Gel,12.0,5.5,12.0,5.5
R00631,2025-01-31,INV105,4,Hair Dryer,85.0,50.0,340.0,200.0
R00632,2025-05-21,INV101,4,Moisturizing Shampoo,15.0,8.0,60.0,32.0
R00633,2025-01-15,INV103,3,Styling Gel,12.0,5.5,36.0,16.5
R00634,2025-11-20,INV102,4,Deep Conditioner,18.0,9.5,72.0,38.0
R00635,2025-03-18,INV102,5,Deep Conditioner,18.0,9.5,90.0,47.5
R00636,2025-12-15,INV101,1,Moisturizing Shampoo,15.0,8.0,15.0,8.0
R00637,2025-11-30,INV107,5,Hair Clips,5.0,1.5,25.0,7.5
R00638,2025-10-26,INV101,2,Moisturizing Shampoo,15.0,8.0,30.0,16.0
R00639,2025-05-13,INV103,2,Styling Gel,12.0,5.5,24.0,11.0
R00640,2025-10-26,INV103,2,Styling Gel,12.0,5.5,24.0,11.0
R00641,2025-07-13,INV106,2,Curling Iron,65.0,35.0,130.0,70.0
R00642,2025-07-17,INV105,4,Hair Dryer,85.0,50.0,340.0,200.0
R00643,2025-04-29,INV107,1,Hair Clips,5.0,1.5,5.0,1.5
R00644,2025-12-23,INV103,3,Styling Gel,12.0,5.5,36.0,16.5
R00645,2025-07-23,INV107,4,Hair Clips,5.0,1.5,20.0,6.0
R00646,2025-06-01,INV102,1,Deep Conditioner,18.0,9.5,18.0,9.5
R00647,2025-10-28,INV107,3,Hair Clips,5.0,1.5,15.0,4.5
R00648,2025-10-23,INV105,2,Hair Dryer,85.0,50.0,170.0,100.0
R00649,2025-06-04,INV105,1,Hair Dryer,85.0,50.0,85.0,50.0
R00650,2025-08-26,INV102,2,Deep Conditioner,18.0,9.5,36.0,19.0
R00651,2025-05-07,INV107,3,Hair Clips,5.0,1.5,15.0,4.5
R00652,2025-01-28,INV105,5,Hair Dryer,85.0,50.0,425.0,250.0
R00653,2025-10-09,INV102,1,Deep Conditioner,18.0,9.5,18.0,9.5
R00654,2025-08-13,INV103,5,Styling Gel,12.0,5.5,60.0,27.5
R00655,2025-07-01,INV107,2,Hair Clips,5.0,1.5,10.0,3.0
R00656,2025-05-20,INV101,4,Moisturizing Shampoo,15.0,8.0,60.0,32.0
R00657,2025-01-21,INV104,5,Professional Scissors,45.0,22.0,225.0,110.0
R00658,2025-12-27,INV104,5,Professional Scissors,45.0,22.0,225.0,110.0
R00659,2025-06-12,INV102,1,Deep Conditioner,18.0,9.5,18.0,9.5
R00660,2025-12-26,INV106,2,Curling Iron,65.0,35.0,130.0,70.0
R00661,2025-07-03,INV107,2,Hair Clips,5.0,1.5,10.0,3.0
R00662,2025-04-30,INV105,2,Hair Dryer,85.0,50.0,170.0,100.0
R00663,2025-10-25,INV103,2,Styling Gel,12.0,5.5,24.0,11.0
R00664,2025-09-20,INV101,5,Moisturizing Shampoo,15.0,8.0,75.0,40.0
R00665,2025-01-29,INV101,5,Moisturizing Shampoo,15.0,8.0,75.0,40.0
R00666,2025-10-22,INV104,5,Professional Scissors,45.0,22.0,225.0,110.0
R00667,2025-07-02,INV106,5,Curling Iron,65.0,35.0,325.0,175.0
R00668,2025-07-27,INV105,3,Hair Dryer,85.0,50.0,255.0,150.0
R00669,2025-12-12,INV107,3,Hair Clips,5.0,1.5,15.0,4.5
R00670,2025-06-24,INV105,3,Hair Dryer,85.0,50.0,255.0,150.0
R00671,2025-11-07,INV104,1,Professional Scissors,45.0,22.0,45.0,22.0
R00672,2025-05-08,INV107,2,Hair Clips,5.0,1.5,10.0,3.0
R00673,2025-11-19,INV105,3,Hair Dryer,85.0,50.0,255.0,150.0
R00674,2025-08-26,INV102,3,Deep Conditioner,18.0,9.5,54.0,28.5
R00675,2025-10-23,INV107,3,Hair Clips,5.0,1.5,15.0,4.5
R00676,2025-12-13,INV104,2,Professional Scissors,45.0,22.0,90.0,44.0
R00677,2025-08-23,INV102,4,Deep Conditioner,18.0,9.5,72.0,38.0
R00678,2025-04-19,INV105,3,Hair Dryer,85.0,50.0,255.0,150.0
R00679,2025-05-26,INV105,5,Hair Dryer,85.0,50.0,425.0,250.0
R00680,2025-11-15,INV107,5,Hair Clips,5.0,1.5,25.0,7.5
R00681,2025-05-15,INV106,2,Curling Iron,65.0,35.0,130.0,70.0
R00682,2025-08-02,INV103,4,Styling Gel,12.0,5.5,48.0,22.0
R00683,2025-09-13,INV107,2,Hair Clips,5.0,1.5,10.0,3.0
R00684,2025-12-29,INV107,1,Hair Clips,5.0,1.5,5.0,1.5
R00685,2025-01-27,INV105,4,Hair Dryer,85.0,50.0,340.0,200.0
R00686,2025-05-04,INV102,5,Deep Conditioner,18.0,9.5,90.0,47.5
R00687,2025-07-12,INV105,4,Hair Dryer,85.0,50.0,340.0,200.0
R00688,2025-06-22,INV103,4,Styling Gel,12.0,5.5,48.0,22.0
R00689,2025-03-29,INV103,5,Styling Gel,12.0,5.5,60.0,27.5
R00690,2025-01-02,INV101,5,Moisturizing Shampoo,15.0,8.0,75.0,40.0
R00691,2025-08-31,INV103,2,Styling Gel,12.0,5.5,24.0,11.0
R00692,2025-12-17,INV101,4,Moisturizing Shampoo,15.0,8.0,60.0,32.0
R00693,2025-04-22,INV105,3,Hair Dryer,85.0,50.0,255.0,150.0
R00694,2025-09-10,INV107,2,Hair Clips,5.0,1.5,10.0,3.0
R00695,2025-10-02,INV102,2,Deep Conditioner,18.0,9.5,36.0,19.0
R00696,2025-06-05,INV107,2,Hair Clips,5.0,1.5,10.0,3.0
R00697,2025-02-08,INV101,5,Moisturizing Shampoo,15.0,8.0,75.0,40.0
R00698,2025-05-16,INV106,2,Curling Iron,65.0,35.0,130.0,70.0
R00699,2025-11-22,INV103,2,Styling Gel,12.0,5.5,24.0,11.0
R00700,2025-05-07,INV103,3,Styling Gel,12.0,5.5,36.0,16.5
R00701,2025-02-17,INV104,5,Professional Scissors,45.0,22.0,225.0,110.0
R00702,2025-03-25,INV104,2,Professional Scissors,45.0,22.0,90.0,44.0
R00703,2025-01-08,INV105,1,Hair Dryer,85.0,50.0,85.0,50.0
R00704,2025-06-09,INV103,4,Styling Gel,12.0,5.5,48.0,22.0
R00705,2025-04-25,INV104,5,Professional Scissors,45.0,22.0,225.0,110.0
R00706,2025-03-17,INV107,5,Hair Clips,5.0,1.5,25.0,7.5
R00707,2025-11-07,INV105,2,Hair Dryer,85.0,50.0,170.0,100.0
R00708,2025-02-12,INV104,1,Professional Scissors,45.0,22.0,45.0,22.0
R00709,2025-03-25,INV103,3,Styling Gel,12.0,5.5,36.0,16.5
R00710,2025-11-30,INV104,2,Professional Scissors,45.0,22.0,90.0,44.0
R00711,2025-10-08,INV103,4,Styling Gel,12.0,5.5,48.0,22.0
R00712,2025-10-22,INV102,1,Deep Conditioner,18.0,9.5,18.0,9.5
R00713,2025-05-19,INV104,5,Professional Scissors,45.0,22.0,225.0,110.0
R00714,2025-10-27,INV104,1,Professional Scissors,45.0,22.0,45.0,22.0
R00715,2025-12-07,INV103,3,Styling Gel,12.0,5.5,36.0,16.5
R00716,2025-08-24,INV102,2,Deep Conditioner,18.0,9.5,36.0,19.0
R00717,2025-08-08,INV103,4,Styling Gel,12.0,5.5,48.0,22.0
R00718,2025-11-26,INV102,1,Deep Conditioner,18.0,9.5,18.0,9.5
R00719,2025-02-18,INV106,1,Curling Iron,65.0,35.0,65.0,35.0
R00720,2025-06-24,INV106,2,Curling Iron,65.0,35.0,130.0,70.0
R00721,2025-08-06,INV105,2,Hair Dryer,85.0,50.0,170.0,100.0
R00722,2025-05-19,INV104,3,Professional Scissors,45.0,22.0,135.0,66.0
R00723,2025-12-02,INV104,5,Professional Scissors,45.0,22.0,225.0,110.0
R00724,2025-09-04,INV107,5,Hair Clips,5.0,1.5,25.0,7.5
R00725,2025-12-15,INV104,1,Professional Scissors,45.0,22.0,45.0,22.0
R00726,2025-08-19,INV106,3,Curling Iron,65.0,35.0,195.0,105.0
R00727,2025-01-21,INV107,4,Hair Clips,5.0,1.5,20.0,6.0
R00728,2025-11-29,INV103,3,Styling Gel,12.0,5.5,36.0,16.5
R00729,2025-09-16,INV102,5,Deep Conditioner,18.0,9.5,90.0,47.5
R00730,2025-05-20,INV104,3,Professional Scissors,45.0,22.0,135.0,66.0
R00731,2025-08-15,INV105,5,Hair Dryer,85.0,50.0,425.0,250.0
R00732,2025-06-19,INV106,5,Curling Iron,65.0,35.0,325.0,175.0
R00733,2025-01-16,INV103,2,Styling Gel,12.0,5.5,24.0,11.0
R00734,2025-08-02,INV105,4,Hair Dryer,85.0,50.0,340.0,200.0
R00735,2025-10-10,INV103,2,Styling Gel,12.0,5.5,24.0,11.0
R00736,2025-02-11,INV102,3,Deep Conditioner,18.0,9.5,54.0,28.5
R00737,2025-03-23,INV103,3,Styling Gel,12.0,5.5,36.0,16.5
R00738,2025-07-24,INV101,5,Moisturizing Shampoo,15.0,8.0,75.0,40.0
R00739,2025-09-24,INV107,4,Hair Clips,5.0,1.5,20.0,6.0
R00740,2025-12-22,INV105,2,Hair Dryer,85.0,50.0,170.0,100.0
R00741,2025-03-31,INV101,1,Moisturizing Shampoo,15.0,8.0,15.0,8.0
R00742,2025-10-30,INV107,1,Hair Clips,5.0,1.5,5.0,1.5
R00743,2025-07-09,INV105,5,Hair Dryer,85.0,50.0,425.0,250.0
R00744,2025-12-08,INV103,1,Styling Gel,12.0,5.5,12.0,5.5
R00745,2025-11-03,INV107,5,Hair Clips,5.0,1.5,25.0,7.5
R00746,2025-05-09,INV103,4,Styling Gel,12.0,5.5,48.0,22.0
R00747,2025-12-05,INV103,2,Styling Gel,12.0,5.5,24.0,11.0
R00748,2025-10-31,INV105,3,Hair Dryer,85.0,50.0,255.0,150.0
R00749,2025-03-14,INV103,3,Styling Gel,12.0,5.5,36.0,16.5
R00750,2025-03-07,INV103,2,Styling Gel,12.0,5.5,24.0,11.0
R00751,2025-03-25,INV102,3,Deep Conditioner,18.0,9.5,54.0,28.5
R00752,2025-02-03,INV103,5,Styling Gel,12.0,5.5,60.0,27.5
R00753,2025-03-14,INV102,3,Deep Conditioner,18.0,9.5,54.0,28.5
R00754,2025-11-09,INV105,3,Hair Dryer,85.0,50.0,255.0,150.0
R00755,2025-08-20,INV103,2,Styling Gel,12.0,5.5,24.0,11.0
R00756,2025-12-02,INV101,5,Moisturizing Shampoo,15.0,8.0,75.0,40.0
R00757,2025-02-09,INV105,2,Hair Dryer,85.0,50.0,170.0,100.0
R00758,2025-08-23,INV104,4,Professional Scissors,45.0,22.0,180.0,88.0
R00759,2025-07-08,INV106,3,Curling Iron,65.0,35.0,195.0,105.0
R00760,2025-08-05,INV102,4,Deep Conditioner,18.0,9.5,72.0,38.0
R00761,2025-07-01,INV106,5,Curling Iron,65.0,35.0,325.0,175.0
R00762,2025-01-11,INV102,1,Deep Conditioner,18.0,9.5,18.0,9.5
R00763,2025-09-16,INV104,5,Professional Scissors,45.0,22.0,225.0,110.0
R00764,2025-01-27,INV102,3,Deep Conditioner,18.0,9.5,54.0,28.5
R00765,2025-09-06,INV104,1,Professional Scissors,45.0,22.0,45.0,22.0
R00766,2025-02-19,INV106,5,Curling Iron,65.0,35.0,325.0,175.0
R00767,2025-03-25,INV101,4,Moisturizing Shampoo,15.0,8.0,60.0,32.0
R00768,2025-09-03,INV102,2,Deep Conditioner,18.0,9.5,36.0,19.0
R00769,2025-05-18,INV101,2,Moisturizing Shampoo,15.0,8.0,30.0,16.0
R00770,2025-08-07,INV104,1,Professional Scissors,45.0,22.0,45.0,22.0
R00771,2025-11-28,INV107,4,Hair Clips,5.0,1.5,20.0,6.0
R00772,2025-02-19,INV104,4,Professional Scissors,45.0,22.0,180.0,88.0
R00773,2025-04-23,INV106,3,Curling Iron,65.0,35.0,195.0,105.0
R00774,2025-12-13,INV105,1,Hair Dryer,85.0,50.0,85.0,50.0
R00775,2025-08-27,INV107,1,Hair Clips,5.0,1.5,5.0,1.5
R00776,2025-01-03,INV101,2,Moisturizing Shampoo,15.0,8.0,30.0,16.0
R00777,2025-06-20,INV104,5,Professional Scissors,45.0,22.0,225.0,110.0
R00778,2025-12-28,INV105,1,Hair Dryer,85.0,50.0,85.0,50.0
R00779,2025-05-01,INV101,5,Moisturizing Shampoo,15.0,8.0,75.0,40.0
R00780,2025-01-09,INV104,4,Professional Scissors,45.0,22.0,180.0,88.0
R00781,2025-12-14,INV106,5,Curling Iron,65.0,35.0,325.0,175.0
R00782,2025-05-25,INV105,5,Hair Dryer,85.0,50.0,425.0,250.0
R00783,2025-05-08,INV105,5,Hair Dryer,85.0,50.0,425.0,250.0
R00784,2025-08-06,INV103,4,Styling Gel,12.0,5.5,48.0,22.0
R00785,2025-10-17,INV107,1,Hair Clips,5.0,1.5,5.0,1.5
R00786,2025-06-08,INV106,1,Curling Iron,65.0,35.0,65.0,35.0
R00787,2025-11-08,INV105,4,Hair Dryer,85.0,50.0,340.0,200.0
R00788,2025-06-16,INV101,2,Moisturizing Shampoo,15.0,8.0,30.0,16.0
R00789,2025-04-05,INV106,5,Curling Iron,65.0,35.0,325.0,175.0
R00790,2025-08-20,INV101,2,Moisturizing Shampoo,15.0,8.0,30.0,16.0
R00791,2025-06-09,INV102,1,Deep Conditioner,18.0,9.5,18.0,9.5
R00792,2025-10-05,INV102,4,Deep Conditioner,18.0,9.5,72.0,38.0
R00793,2025-03-19,INV107,4,Hair Clips,5.0,1.5,20.0,6.0
R00794,2025-08-18,INV104,2,Professional Scissors,45.0,22.0,90.0,44.0
R00795,2025-04-25,INV107,3,Hair Clips,5.0,1.5,15.0,4.5
R00796,2025-08-13,INV105,5,Hair Dryer,85.0,50.0,425.0,250.0
R00797,2025-04-24,INV107,4,Hair Clips,5.0,1.5,20.0,6.0
R00798,2025-05-01,INV105,3,Hair Dryer,85.0,50.0,255.0,150.0
R00799,2025-11-06,INV107,3,Hair Clips,5.0,1.5,15.0,4.5
R00800,2025-03-12,INV101,4,Moisturizing Shampoo,15.0,8.0,60.0,32.0
R00801,2025-12-09,INV101,4,Moisturizing Shampoo,15.0,8.0,60.0,32.0
R00802,2025-09-17,INV101,1,Moisturizing Shampoo,15.0,8.0,15.0,8.0
R00803,2025-01-21,INV101,3,Moisturizing Shampoo,15.0,8.0,45.0,24.0
R00804,2025-08-25,INV101,4,Moisturizing Shampoo,15.0,8.0,60.0,32.0
R00805,2025-07-23,INV107,5,Hair Clips,5.0,1.5,25.0,7.5
R00806,2025-08-09,INV107,4,Hair Clips,5.0,1.5,20.0,6.0
R00807,2025-02-25,INV105,3,Hair Dryer,85.0,50.0,255.0,150.0
R00808,2025-02-08,INV102,4,Deep Conditioner,18.0,9.5,72.0,38.0
R00809,2025-07-18,INV102,4,Deep Conditioner,18.0,9.5,72.0,38.0
R00810,2025-08-16,INV102,1,Deep Conditioner,18.0,9.5,18.0,9.5
R00811,2025-03-16,INV105,2,Hair Dryer,85.0,50.0,170.0,100.0
R00812,2025-02-05,INV101,4,Moisturizing Shampoo,15.0,8.0,60.0,32.0
R00813,2025-07-21,INV106,3,Curling Iron,65.0,35.0,195.0,105.0
R00814,2025-01-14,INV103,2,Styling Gel,12.0,5.5,24.0,11.0
R00815,2025-04-16,INV102,1,Deep Conditioner,18.0,9.5,18.0,9.5
R00816,2025-05-01,INV105,4,Hair Dryer,85.0,50.0,340.0,200.0
R00817,2025-10-02,INV103,1,Styling Gel,12.0,5.5,12.0,5.5
R00818,2025-02-01,INV103,4,Styling Gel,12.0,5.5,48.0,22.0
R00819,2025-09-17,INV102,3,Deep Conditioner,18.0,9.5,54.0,28.5
R00820,2025-11-29,INV105,2,Hair Dryer,85.0,50.0,170.0,100.0
R00821,2025-11-28,INV106,1,Curling Iron,65.0,35.0,65.0,35.0
R00822,2025-11-15,INV103,5,Styling Gel,12.0,5.5,60.0,27.5
R00823,2025-07-05,INV101,5,Moisturizing Shampoo,15.0,8.0,75.0,40.0
R00824,2025-07-04,INV107,5,Hair Clips,5.0,1.5,25.0,7.5
R00825,2025-01-22,INV106,2,Curling Iron,65.0,35.0,130.0,70.0
R00826,2025-08-30,INV103,2,Styling Gel,12.0,5.5,24.0,11.0
R00827,2025-10-30,INV105,1,Hair Dryer,85.0,50.0,85.0,50.0
R00828,2025-12-28,INV103,3,Styling Gel,12.0,5.5,36.0,16.5
R00829,2025-04-03,INV106,1,Curling Iron,65.0,35.0,65.0,35.0
R00830,2025-10-29,INV106,3,Curling Iron,65.0,35.0,195.0,105.0
R00831,2025-02-28,INV107,3,Hair Clips,5.0,1.5,15.0,4.5
R00832,2025-04-11,INV107,3,Hair Clips,5.0,1.5,15.0,4.5
R00833,2025-03-21,INV101,4,Moisturizing Shampoo,15.0,8.0,60.0,32.0
R00834,2025-11-30,INV105,2,Hair Dryer,85.0,50.0,170.0,100.0
R00835,2025-08-23,INV105,4,Hair Dryer,85.0,50.0,340.0,200.0
R00836,2025-02-05,INV103,2,Styling Gel,12.0,5.5,24.0,11.0
R00837,2025-10-01,INV104,2,Professional Scissors,45.0,22.0,90.0,44.0
R00838,2025-04-29,INV104,5,Professional Scissors,45.0,22.0,225.0,110.0
R00839,2025-12-24,INV105,1,Hair Dryer,85.0,50.0,85.0,50.0
R00840,2025-01-28,INV107,1,Hair Clips,5.0,1.5,5.0,1.5
R00841,2025-09-15,INV105,5,Hair Dryer,85.0,50.0,425.0,250.0
R00842,2025-05-08,INV104,4,Professional Scissors,45.0,22.0,180.0,88.0
R00843,2025-02-05,INV101,4,Moisturizing Shampoo,15.0,8.0,60.0,32.0
R00844,2025-02-22,INV107,1,Hair Clips,5.0,1.5,5.0,1.5
R00845,2025-07-21,INV101,5,Moisturizing Shampoo,15.0,8.0,75.0,40.0
R00846,2025-12-28,INV102,5,Deep Conditioner,18.0,9.5,90.0,47.5
R00847,2025-09-14,INV106,3,Curling Iron,65.0,35.0,195.0,105.0
R00848,2025-04-07,INV106,3,Curling Iron,65.0,35.0,195.0,105.0
R00849,2025-10-27,INV103,2,Styling Gel,12.0,5.5,24.0,11.0
R00850,2025-08-15,INV105,1,Hair Dryer,85.0,50.0,85.0,50.0
R00851,2025-06-06,INV105,1,Hair Dryer,85.0,50.0,85.0,50.0
R00852,2025-10-05,INV106,5,Curling Iron,65.0,35.0,325.0,175.0
R00853,2025-04-10,INV102,5,Deep Conditioner,18.0,9.5,90.0,47.5
R00854,2025-12-28,INV106,3,Curling Iron,65.0,35.0,195.0,105.0
R00855,2025-04-12,INV105,1,Hair Dryer,85.0,50.0,85.0,50.0
R00856,2025-06-15,INV102,1,Deep Conditioner,18.0,9.5,18.0,9.5
R00857,2025-01-13,INV102,5,Deep Conditioner,18.0,9.5,90.0,47.5
R00858,2025-01-28,INV101,5,Moisturizing Shampoo,15.0,8.0,75.0,40.0
R00859,2025-05-11,INV106,2,Curling Iron,65.0,35.0,130.0,70.0
R00860,2025-04-15,INV106,2,Curling Iron,65.0,35.0,130.0,70.0
R00861,2025-12-04,INV104,5,Professional Scissors,45.0,22.0,225.0,110.0
R00862,2025-12-07,INV106,4,Curling Iron,65.0,35.0,260.0,140.0
R00863,2025-12-13,INV107,3,Hair Clips,5.0,1.5,15.0,4.5
R00864,2025-04-13,INV107,1,Hair Clips,5.0,1.5,5.0,1.5
R00865,2025-11-18,INV102,2,Deep Conditioner,18.0,9.5,36.0,19.0
R00866,2025-03-29,INV105,2,Hair Dryer,85.0,50.0,170.0,100.0
R00867,2025-06-17,INV101,3,Moisturizing Shampoo,15.0,8.0,45.0,24.0
R00868,2025-02-20,INV101,2,Moisturizing Shampoo,15.0,8.0,30.0,16.0
R00869,2025-05-23,INV103,2,Styling Gel,12.0,5.5,24.0,11.0
R00870,2025-02-15,INV102,1,Deep Conditioner,18.0,9.5,18.0,9.5
R00871,2025-01-18,INV105,2,Hair Dryer,85.0,50.0,170.0,100.0
R00872,2025-03-25,INV107,3,Hair Clips,5.0,1.5,15.0,4.5
R00873,2025-06-30,INV107,3,Hair Clips,5.0,1.5,15.0,4.5
R00874,2025-06-18,INV107,3,Hair Clips,5.0,1.5,15.0,4.5
R00875,2025-11-03,INV106,2,Curling Iron,65.0,35.0,130.0,70.0
R00876,2025-10-22,INV107,1,Hair Clips,5.0,1.5,5.0,1.5
R00877,2025-06-29,INV102,2,Deep Conditioner,18.0,9.5,36.0,19.0
R00878,2025-10-13,INV107,3,Hair Clips,5.0,1.5,15.0,4.5
R00879,2025-06-15,INV107,3,Hair Clips,5.0,1.5,15.0,4.5
R00880,2025-03-15,INV103,1,Styling Gel,12.0,5.5,12.0,5.5
R00881,2025-12-18,INV103,4,Styling Gel,12.0,5.5,48.0,22.0
R00882,2025-03-31,INV106,2,Curling Iron,65.0,35.0,130.0,70.0
R00883,2025-09-06,INV107,4,Hair Clips,5.0,1.5,20.0,6.0
R00884,2025-11-14,INV102,1,Deep Conditioner,18.0,9.5,18.0,9.5
R00885,2025-06-17,INV103,4,Styling Gel,12.0,5.5,48.0,22.0
R00886,2025-08-21,INV104,3,Professional Scissors,45.0,22.0,135.0,66.0
R00887,2025-12-24,INV101,2,Moisturizing Shampoo,15.0,8.0,30.0,16.0
R00888,2025-09-06,INV105,4,Hair Dryer,85.0,50.0,340.0,200.0
R00889,2025-02-14,INV102,3,Deep Conditioner,18.0,9.5,54.0,28.5
R00890,2025-07-05,INV101,1,Moisturizing Shampoo,15.0,8.0,15.0,8.0
R00891,2025-08-19,INV103,2,Styling Gel,12.0,5.5,24.0,11.0
R00892,2025-08-31,INV104,4,Professional Scissors,45.0,22.0,180.0,88.0
R00893,2025-08-13,INV105,3,Hair Dryer,85.0,50.0,255.0,150.0
R00894,2025-06-05,INV105,3,Hair Dryer,85.0,50.0,255.0,150.0
R00895,2025-02-26,INV105,3,Hair Dryer,85.0,50.0,255.0,150.0
R00896,2025-08-24,INV102,5,Deep Conditioner,18.0,9.5,90.0,47.5
R00897,2025-01-17,INV107,1,Hair Clips,5.0,1.5,5.0,1.5
R00898,2025-10-04,INV105,2,Hair Dryer,85.0,50.0,170.0,100.0
R00899,2025-12-23,INV101,1,Moisturizing Shampoo,15.0,8.0,15.0,8.0
R00900,2025-06-30,INV106,3,Curling Iron,65.0,35.0,195.0,105.0
R00901,2025-06-04,INV101,3,Moisturizing Shampoo,15.0,8.0,45.0,24.0
R00902,2025-04-16,INV101,4,Moisturizing Shampoo,15.0,8.0,60.0,32.0
R00903,2025-10-23,INV106,5,Curling Iron,65.0,35.0,325.0,175.0
R00904,2025-08-22,INV104,2,Professional Scissors,45.0,22.0,90.0,44.0
R00905,2025-03-21,INV102,2,Deep Conditioner,18.0,9.5,36.0,19.0
R00906,2025-04-26,INV102,5,Deep Conditioner,18.0,9.5,90.0,47.5
R00907,2025-03-20,INV102,1,Deep Conditioner,18.0,9.5,18.0,9.5
R00908,2025-11-19,INV104,5,Professional Scissors,45.0,22.0,225.0,110.0
R00909,2025-07-25,INV102,3,Deep Conditioner,18.0,9.5,54.0,28.5
R00910,2025-10-31,INV102,5,Deep Conditioner,18.0,9.5,90.0,47.5
R00911,2025-04-30,INV102,3,Deep Conditioner,18.0,9.5,54.0,28.5
R00912,2025-04-04,INV102,4,Deep Conditioner,18.0,9.5,72.0,38.0
R00913,2025-12-29,INV101,4,Moisturizing Shampoo,15.0,8.0,60.0,32.0
R00914,2025-07-08,INV104,2,Professional Scissors,45.0,22.0,90.0,44.0
R00915,2025-11-16,INV105,5,Hair Dryer,85.0,50.0,425.0,250.0
R00916,2025-07-12,INV104,3,Professional Scissors,45.0,22.0,135.0,66.0
R00917,2025-01-08,INV102,3,Deep Conditioner,18.0,9.5,54.0,28.5
R00918,2025-12-17,INV104,1,Professional Scissors,45.0,22.0,45.0,22.0
R00919,2025-01-08,INV104,5,Professional Scissors,45.0,22.0,225.0,110.0
R00920,2025-06-15,INV106,4,Curling Iron,65.0,35.0,260.0,140.0
R00921,2025-06-07,INV101,3,Moisturizing Shampoo,15.0,8.0,45.0,24.0
R00922,2025-05-01,INV107,2,Hair Clips,5.0,1.5,10.0,3.0
R00923,2025-08-10,INV107,2,Hair Clips,5.0,1.5,10.0,3.0
R00924,2025-01-28,INV107,5,Hair Clips,5.0,1.5,25.0,7.5
R00925,2025-04-17,INV105,5,Hair Dryer,85.0,50.0,425.0,250.0
R00926,2025-07-31,INV106,5,Curling Iron,65.0,35.0,325.0,175.0
R00927,2025-10-27,INV105,5,Hair Dryer,85.0,50.0,425.0,250.0
R00928,2025-04-29,INV106,3,Curling Iron,65.0,35.0,195.0,105.0
R00929,2025-07-22,INV107,5,Hair Clips,5.0,1.5,25.0,7.5
R00930,2025-12-30,INV102,1,Deep Conditioner,18.0,9.5,18.0,9.5
R00931,2025-09-04,INV101,1,Moisturizing Shampoo,15.0,8.0,15.0,8.0
R00932,2025-03-12,INV107,4,Hair Clips,5.0,1.5,20.0,6.0
R00933,2025-11-22,INV104,3,Professional Scissors,45.0,22.0,135.0,66.0
R00934,2025-11-20,INV104,5,Professional Scissors,45.0,22.0,225.0,110.0
R00935,2025-05-26,INV106,5,Curling Iron,65.0,35.0,325.0,175.0
R00936,2025-02-14,INV107,1,Hair Clips,5.0,1.5,5.0,1.5
R00937,2025-09-28,INV107,2,Hair Clips,5.0,1.5,10.0,3.0
R00938,2025-02-22,INV102,1,Deep Conditioner,18.0,9.5,18.0,9.5
R00939,2025-07-05,INV104,3,Professional Scissors,45.0,22.0,135.0,66.0
R00940,2025-07-11,INV107,2,Hair Clips,5.0,1.5,10.0,3.0
R00941,2025-02-15,INV103,1,Styling Gel,12.0,5.5,12.0,5.5
R00942,2025-09-01,INV106,3,Curling Iron,65.0,35.0,195.0,105.0
R00943,2025-07-12,INV102,2,Deep Conditioner,18.0,9.5,36.0,19.0
R00944,2025-03-03,INV106,2,Curling Iron,65.0,35.0,130.0,70.0
R00945,2025-07-24,INV102,2,Deep Conditioner,18.0,9.5,36.0,19.0
R00946,2025-02-14,INV102,5,Deep Conditioner,18.0,9.5,90.0,47.5
R00947,2025-12-26,INV106,5,Curling Iron,65.0,35.0,325.0,175.0
R00948,2025-04-11,INV104,4,Professional Scissors,45.0,22.0,180.0,88.0
R00949,2025-04-25,INV104,5,Professional Scissors,45.0,22.0,225.0,110.0
R00950,2025-09-18,INV106,1,Curling Iron,65.0,35.0,65.0,35.0
R00951,2025-11-14,INV106,5,Curling Iron,65.0,35.0,325.0,175.0
R00952,2025-03-24,INV106,5,Curling Iron,65.0,35.0,325.0,175.0
R00953,2025-07-24,INV103,5,Styling Gel,12.0,5.5,60.0,27.5
R00954,2025-06-02,INV107,3,Hair Clips,5.0,1.5,15.0,4.5
R00955,2025-04-19,INV105,1,Hair Dryer,85.0,50.0,85.0,50.0
R00956,2025-07-27,INV106,5,Curling Iron,65.0,35.0,325.0,175.0
R00957,2025-11-09,INV104,2,Professional Scissors,45.0,22.0,90.0,44.0
R00958,2025-12-12,INV106,5,Curling Iron,65.0,35.0,325.0,175.0
R00959,2025-11-21,INV107,3,Hair Clips,5.0,1.5,15.0,4.5
R00960,2025-06-24,INV104,5,Professional Scissors,45.0,22.0,225.0,110.0
R00961,2025-02-08,INV106,1,Curling Iron,65.0,35.0,65.0,35.0
R00962,2025-11-11,INV105,5,Hair Dryer,85.0,50.0,425.0,250.0
R00963,2025-09-22,INV105,2,Hair Dryer,85.0,50.0,170.0,100.0
R00964,2025-10-22,INV106,4,Curling Iron,65.0,35.0,260.0,140.0
R00965,2025-02-02,INV105,5,Hair Dryer,85.0,50.0,425.0,250.0
R00966,2025-07-08,INV101,5,Moisturizing Shampoo,15.0,8.0,75.0,40.0
R00967,2025-12-06,INV102,2,Deep Conditioner,18.0,9.5,36.0,19.0
R00968,2025-04-16,INV106,4,Curling Iron,65.0,35.0,260.0,140.0
R00969,2025-11-03,INV104,1,Professional Scissors,45.0,22.0,45.0,22.0
R00970,2025-08-24,INV106,4,Curling Iron,65.0,35.0,260.0,140.0
R00971,2025-03-04,INV104,1,Professional Scissors,45.0,22.0,45.0,22.0
R00972,2025-05-10,INV102,4,Deep Conditioner,18.0,9.5,72.0,38.0
R00973,2025-06-04,INV105,1,Hair Dryer,85.0,50.0,85.0,50.0
R00974,2025-03-12,INV107,5,Hair Clips,5.0,1.5,25.0,7.5
R00975,2025-05-02,INV104,3,Professional Scissors,45.0,22.0,135.0,66.0
R00976,2025-09-08,INV105,4,Hair Dryer,85.0,50.0,340.0,200.0
R00977,2025-11-06,INV103,4,Styling Gel,12.0,5.5,48.0,22.0
R00978,2025-09-10,INV102,4,Deep Conditioner,18.0,9.5,72.0,38.0
R00979,2025-08-09,INV106,2,Curling Iron,65.0,35.0,130.0,70.0
R00980,2025-10-04,INV106,4,Curling Iron,65.0,35.0,260.0,140.0
R00981,2025-05-03,INV104,5,Professional Scissors,45.0,22.0,225.0,110.0
R00982,2025-01-27,INV101,2,Moisturizing Shampoo,15.0,8.0,30.0,16.0
R00983,2025-02-16,INV103,1,Styling Gel,12.0,5.5,12.0,5.5
R00984,2025-03-10,INV105,1,Hair Dryer,85.0,50.0,85.0,50.0
R00985,2025-11-30,INV107,5,Hair Clips,5.0,1.5,25.0,7.5
R00986,2025-07-07,INV106,3,Curling Iron,65.0,35.0,195.0,105.0
R00987,2025-08-24,INV103,5,Styling Gel,12.0,5.5,60.0,27.5
R00988,2025-11-24,INV101,3,Moisturizing Shampoo,15.0,8.0,45.0,24.0
R00989,2025-09-05,INV105,2,Hair Dryer,85.0,50.0,170.0,100.0
R00990,2025-01-23,INV102,5,Deep Conditioner,18.0,9.5,90.0,47.5
R00991,2025-03-09,INV104,5,Professional Scissors,45.0,22.0,225.0,110.0
R00992,2025-08-03,INV101,5,Moisturizing Shampoo,15.0,8.0,75.0,40.0
R00993,2025-07-06,INV102,5,Deep Conditioner,18.0,9.5,90.0,47.5
R00994,2025-06-18,INV106,4,Curling Iron,65.0,35.0,260.0,140.0
R00995,2025-01-12,INV101,1,Moisturizing Shampoo,15.0,8.0,15.0,8.0
R00996,2025-06-19,INV101,2,Moisturizing Shampoo,15.0,8.0,30.0,16.0
R00997,2025-11-05,INV104,1,Professional Scissors,45.0,22.0,45.0,22.0
R00998,2025-06-06,INV102,2,Deep Conditioner,18.0,9.5,36.0,19.0
R00999,2025-09-24,INV106,5,Curling Iron,65.0,35.0,325.0,175.0
R01000,2025-02-01,INV105,4,Hair Dryer,85.0,50.0,340.0,200.0
