Ngày CT,Số CT,TK Nợ,TK Có,Số tiền,Nội dung,Bộ phận,Mã KH,Mã NCC,IFRS_Category,IFRS_Standard,IFRS_Category,IFRS_Standard
06/06/2024,CT921499,214,214,14454360.34đ,Giao dịch mua bán,Sales,CUST0143,VEND0188,Asset,IAS 16,Asset,IAS 16
31/05/2024,CT440581,156,331,396533.81đ,Giao dịch mua bán,HR,CUST0032,VEND0145,Asset,IAS 16,Asset,IAS 16
26/12/2024,CT570898,214,642,12415746.67đ,Giao dịch mua bán,HR,CUST0163,VEND0009,Asset,IAS 16,Asset,IAS 16
12/09/2024,CT447524,511,632,37804651.25đ,Giao dịch mua bán,Sales,CUST0119,VEND0158,Revenue,IFRS 15,Revenue,IFRS 15
29/07/2024,CT933758,211,632,42725929.19đ,Giao dịch mua bán,Production,CUST0016,VEND0040,Asset,IAS 16,Asset,IAS 16
18/05/2024,CT108437,111,211,3607636.77đ,Giao dịch mua bán,Production,CUST0159,VEND0151,Asset,IAS 16,Asset,IAS 16
10/02/2024,CT577975,112,632,22607986.21đ,Giao dịch mua bán,Sales,CUST0085,VEND0190,Asset,IAS 16,Asset,IAS 16
19/07/2024,CT119639,214,111,145845.47đ,Giao dịch mua bán,IT,CUST0198,VEND0172,Asset,IAS 16,Asset,IAS 16
21/04/2024,CT570412,214,111,21342675.83đ,Giao dịch mua bán,IT,CUST0050,VEND0052,Asset,IAS 16,Asset,IAS 16
05/07/2024,CT259136,632,642,49239444.37đ,Giao dịch mua bán,Finance,CUST0077,VEND0057,Expense,IAS 1,Expense,IAS 1
22/10/2024,CT977945,642,632,37696594.12đ,Giao dịch mua bán,Finance,CUST0027,VEND0075,Expense,IAS 1,Expense,IAS 1
24/03/2024,CT364443,632,112,9612388.26đ,Giao dịch mua bán,Sales,CUST0034,VEND0057,Expense,IAS 1,Expense,IAS 1
18/02/2024,CT770206,632,632,22390024.89đ,Giao dịch mua bán,Finance,CUST0112,VEND0109,Expense,IAS 1,Expense,IAS 1
22/09/2024,CT901868,111,331,23121144.25đ,Giao dịch mua bán,Sales,CUST0086,VEND0059,Asset,IAS 16,Asset,IAS 16
12/08/2024,CT011137,156,632,29658274.15đ,Giao dịch mua bán,Sales,CUST0069,VEND0088,Asset,IAS 16,Asset,IAS 16
08/02/2024,CT149738,632,632,24109361.63đđ,Giao dịch mua bán,HR,CUST0151,VEND0169,Expense,IAS 1,Expense,IAS 1
07/09/2024,CT282924,214,156,5624937.47đ,Giao dịch mua bán,Sales,CUST0187,VEND0027,Asset,IAS 16,Asset,IAS 16
08/01/2024,CT793504,511,131,14786626.7đ,Giao dịch mua bán,Production,CUST0165,VEND0025,Revenue,IFRS 15,Revenue,IFRS 15
17/09/2024,CT789575,642,511,4945838.33đ,Giao dịch mua bán,Finance,CUST0125,VEND0200,Expense,IAS 1,Expense,IAS 1
03/03/2024,CT922650,156,131,48102139.2đ,Giao dịch mua bán,HR,CUST0177,VEND0134,Asset,IAS 16,Asset,IAS 16
03/12/2024,CT254585,632,331,20760935.78đ,Giao dịch mua bán,Sales,CUST0092,VEND0132,Expense,IAS 1,Expense,IAS 1
13/05/2024,CT600194,211,111,48568156.89đ,Giao dịch mua bán,Production,CUST0034,VEND0161,Asset,IAS 16,Asset,IAS 16
07/03/2024,CT939223,511,131,7110057.6đ,Giao dịch mua bán,IT,CUST0089,VEND0110,Revenue,IFRS 15,Revenue,IFRS 15
19/08/2024,CT978236,211,642,49852677.32đ,Giao dịch mua bán,Finance,CUST0109,VEND0036,Asset,IAS 16,Asset,IAS 16
04/04/2024,CT132145,632,214,13792765.51đ,Giao dịch mua bán,Finance,CUST0085,VEND0184,Expense,IAS 1,Expense,IAS 1
01/07/2024,CT606430,152,131,22218260.45,Giao dịch mua bán,Sales,CUST0073,VEND0119,Asset,IAS 16,Asset,IAS 16
28/03/2024,CT055346,156,111,46669306.65,Giao dịch mua bán,HR,CUST0181,VEND0018,Asset,IAS 16,Asset,IAS 16
26/11/2024,CT533075,214,152,41333757.14,Giao dịch mua bán,HR,CUST0184,VEND0177,Asset,IAS 16,Asset,IAS 16
19/06/2024,CT792407,131,156,26123471.22,Giao dịch mua bán,Production,CUST0006,VEND0153,Asset,IAS 16,Asset,IAS 16
14/09/2024,CT551274,632,211,15299059.45,Giao dịch mua bán,Production,CUST0048,VEND0179,Expense,IAS 1,Expense,IAS 1
29/10/2024,CT089963,156,156,30517991.53,Giao dịch mua bán,Sales,CUST0026,VEND0042,Asset,IAS 16,Asset,IAS 16
08/03/2024,CT996696,331,156,42088132.95,Giao dịch mua bán,Sales,CUST0008,VEND0083,Liability,IAS 37,Liability,IAS 37
04/09/2024,CT993357,156,152,41250323.41,Giao dịch mua bán,IT,CUST0189,VEND0132,Asset,IAS 16,Asset,IAS 16
30/04/2024,CT985371,131,642,47338659.31,Giao dịch mua bán,Production,CUST0145,VEND0024,Asset,IAS 16,Asset,IAS 16
18/11/2024,CT348013,331,642,49838995.57,Giao dịch mua bán,IT,CUST0185,VEND0143,Liability,IAS 37,Liability,IAS 37
26/08/2024,DUPLICATE,331,331,42263314.7,Giao dịch mua bán,HR,CUST0129,VEND0035,Liability,IAS 37,Liability,IAS 37
09/03/2024,CT863750,112,156,9784384.29,Giao dịch mua bán,Finance,CUST0162,VEND0129,Asset,IAS 16,Asset,IAS 16
01/05/2024,CT247163,111,331,3861396.47,Giao dịch mua bán,Finance,CUST0171,VEND0109,Asset,IAS 16,Asset,IAS 16
03/02/2024,CT119823,214,331,40669583.48,Giao dịch mua bán,IT,CUST0138,VEND0116,Asset,IAS 16,Asset,IAS 16
21/06/2024,CT560910,214,331,27732672.55,Giao dịch mua bán,HR,CUST0073,VEND0159,Asset,IAS 16,Asset,IAS 16
15/06/2024,CT703811,152,214,46240897.58,Giao dịch mua bán,IT,CUST0170,VEND0041,Asset,IAS 16,Asset,IAS 16
03/04/2024,CT465908,632,152,29014947.31,Giao dịch mua bán,IT,CUST0186,VEND0092,Expense,IAS 1,Expense,IAS 1
30/08/2024,CT592249,214,111,5438563.64,Giao dịch mua bán,IT,CUST0167,VEND0022,Asset,IAS 16,Asset,IAS 16
07/12/2024,CT138310,331,511,26599796.18,Giao dịch mua bán,Sales,CUST0137,VEND0043,Liability,IAS 37,Liability,IAS 37
18/11/2024,CT613994,211,112,29568108.75,Giao dịch mua bán,HR,CUST0128,VEND0172,Asset,IAS 16,Asset,IAS 16
07/08/2024,CT776509,112,511,42733297.77,Giao dịch mua bán,HR,CUST0047,VEND0196,Asset,IAS 16,Asset,IAS 16
19/05/2024,CT093671,156,152,19134485.15,Giao dịch mua bán,Finance,CUST0019,VEND0152,Asset,IAS 16,Asset,IAS 16
25/02/2024,CT262369,112,331,30954431.58,Giao dịch mua bán,IT,CUST0165,VEND0048,Asset,IAS 16,Asset,IAS 16
31/07/2024,CT575458,642,331,25020838.94,Giao dịch mua bán,Production,CUST0038,VEND0083,Expense,IAS 1,Expense,IAS 1
24/08/2024,CT604307,152,211,35747672.57,Giao dịch mua bán,Sales,CUST0151,VEND0036,Asset,IAS 16,Asset,IAS 16
08/09/2024,CT440581,214,211,9679075.53,Giao dịch mua bán,Production,CUST0191,VEND0102,Asset,IAS 16,Asset,IAS 16
20/03/2024,CT440581,112,214,9330355.41,Giao dịch mua bán,Production,CUST0008,VEND0196,Asset,IAS 16,Asset,IAS 16
14/01/2024,CT440581,111,331,34194718.59,Giao dịch mua bán,Finance,CUST0063,VEND0182,Asset,IAS 16,Asset,IAS 16
05/11/2024,CT440581,111,214,3096651.02,Giao dịch mua bán,HR,CUST0147,VEND0194,Asset,IAS 16,Asset,IAS 16
23/08/2024,CT440581,214,156,43807098.25,Giao dịch mua bán,HR,CUST0016,VEND0056,Asset,IAS 16,Asset,IAS 16
15/01/2024,CT440581,156,211,8967998.35,Giao dịch mua bán,IT,CUST0114,VEND0027,Asset,IAS 16,Asset,IAS 16
24/08/2024,CT440581,112,111,4446336.35,Giao dịch mua bán,HR,CUST0122,VEND0141,Asset,IAS 16,Asset,IAS 16
07/05/2024,CT440581,214,214,32614661.97,Giao dịch mua bán,Production,CUST0161,VEND0023,Asset,IAS 16,Asset,IAS 16
23/12/2024,CT440581,156,211,36424552.34,Giao dịch mua bán,Sales,CUST0196,VEND0094,Asset,IAS 16,Asset,IAS 16
10/04/2024,CT440581,331,642,21392444.13,Giao dịch mua bán,HR,CUST0070,VEND0151,Liability,IAS 37,Liability,IAS 37
08/07/2024,CT440581,642,112,42733336.96đ,Giao dịch mua bán,Production,CUST0192,VEND0136,Expense,IAS 1,Expense,IAS 1
14/01/2024,CT440581,214,511,18452088.35,Giao dịch mua bán,Production,CUST0131,VEND0178,Asset,IAS 16,Asset,IAS 16
06/06/2024,CT440581,211,511,23952439.05,Giao dịch mua bán,Finance,CUST0035,VEND0094,Asset,IAS 16,Asset,IAS 16
27/02/2024,CT440581,111,331,32571376.92,Giao dịch mua bán,Finance,CUST0050,VEND0122,Asset,IAS 16,Asset,IAS 16
29/10/2024,CT440581,211,112,43969627.91,Giao dịch mua bán,HR,CUST0008,VEND0187,Asset,IAS 16,Asset,IAS 16
19/11/2024,CT440581,112,156,333291.4,Giao dịch mua bán,Finance,CUST0022,VEND0138,Asset,IAS 16,Asset,IAS 16
09/04/2024,CT440581,131,156,6771497.29,Giao dịch mua bán,Finance,CUST0005,VEND0116,Asset,IAS 16,Asset,IAS 16
28/01/2024,CT440581,131,152,20001236.31,Giao dịch mua bán,IT,CUST0076,VEND0167,Asset,IAS 16,Asset,IAS 16
18/07/2024,CT440581,112,152,27136145.7,Giao dịch mua bán,Sales,CUST0103,VEND0042,Asset,IAS 16,Asset,IAS 16
27/10/2024,CT440581,211,642,38620655.41,Giao dịch mua bán,HR,CUST0089,VEND0151,Asset,IAS 16,Asset,IAS 16
09/11/2024,CT440581,156,511,41052117.97,Giao dịch mua bán,HR,CUST0192,VEND0171,Asset,IAS 16,Asset,IAS 16
05/08/2024,CT440581,156,152,44237900.8,Giao dịch mua bán,Sales,CUST0172,VEND0188,Asset,IAS 16,Asset,IAS 16
02/04/2024,CT440581,131,331,32244798,Giao dịch mua bán,Sales,CUST0094,VEND0115,Asset,IAS 16,Asset,IAS 16
03/08/2024,CT440581,511,632,40100547.63,Giao dịch mua bán,HR,CUST0115,VEND0042,Revenue,IFRS 15,Revenue,IFRS 15
11/06/2024,CT440581,632,331,40400231.76,Giao dịch mua bán,HR,CUST0188,VEND0118,Expense,IAS 1,Expense,IAS 1
18/10/2024,CT158238,152,642,269823.93,Giao dịch mua bán,IT,CUST0130,VEND0157,Asset,IAS 16,Asset,IAS 16
20/08/2024,CT829551,511,511,3692019.08,Giao dịch mua bán,Sales,CUST0038,VEND0135,Revenue,IFRS 15,Revenue,IFRS 15
16/06/2024,CT034048,642,331,7668143.56,Giao dịch mua bán,Finance,CUST0136,VEND0045,Expense,IAS 1,Expense,IAS 1
29/04/2024,CT288850,642,214,3196094.64,Giao dịch mua bán,Sales,CUST0105,VEND0066,Expense,IAS 1,Expense,IAS 1
16/02/2024,CT204933,642,642,6390047.79,Giao dịch mua bán,IT,CUST0184,VEND0167,Expense,IAS 1,Expense,IAS 1
17/01/2024,CT487933,214,112,1670762.44,Giao dịch mua bán,HR,CUST0002,VEND0043,Asset,IAS 16,Asset,IAS 16
23/05/2024,CT110028,642,111,4345617.49,Giao dịch mua bán,IT,CUST0107,VEND0031,Expense,IAS 1,Expense,IAS 1
08/04/2024,CT503721,511,632,8214252.83,Giao dịch mua bán,HR,CUST0160,VEND0013,Revenue,IFRS 15,Revenue,IFRS 15
02/11/2024,DUPLICATE,111,632,9994032.46,Giao dịch mua bán,HR,CUST0197,VEND0022,Asset,IAS 16,Asset,IAS 16
28/02/2024,CT174543,331,131,6478261.31,Giao dịch mua bán,Sales,CUST0080,VEND0199,Liability,IAS 37,Liability,IAS 37
04/07/2024,CT221220,642,511,4117004.44,Giao dịch mua bán,Finance,CUST0080,VEND0107,Expense,IAS 1,Expense,IAS 1
19/03/2024,CT903673,511,131,3031538.06,Giao dịch mua bán,IT,CUST0051,VEND0052,Revenue,IFRS 15,Revenue,IFRS 15
24/01/2024,CT637262,152,632,8533206.5,Giao dịch mua bán,HR,CUST0042,VEND0027,Asset,IAS 16,Asset,IAS 16
29/01/2024,CT230347,331,111,8817022.42,Giao dịch mua bán,IT,CUST0153,VEND0137,Liability,IAS 37,Liability,IAS 37
01/12/2024,CT826190,111,112,9882768.43,Giao dịch mua bán,HR,CUST0068,VEND0113,Asset,IAS 16,Asset,IAS 16
14/05/2024,CT883699,642,152,3914356.8,Giao dịch mua bán,HR,CUST0012,VEND0191,Expense,IAS 1,Expense,IAS 1
23/02/2024,CT285554,214,632,8077809.59,Giao dịch mua bán,Finance,CUST0051,VEND0021,Asset,IAS 16,Asset,IAS 16
13/05/2024,CT850555,214,156,5724121.04,Giao dịch mua bán,Finance,CUST0040,VEND0167,Asset,IAS 16,Asset,IAS 16
15/08/2024,CT993755,211,511,2219603.6,Giao dịch mua bán,HR,CUST0156,VEND0104,Asset,IAS 16,Asset,IAS 16
01/06/2024,CT908055,112,511,6138252.8,Giao dịch mua bán,HR,CUST0152,VEND0017,Asset,IAS 16,Asset,IAS 16
30/05/2024,CT240684,112,642,5499656.31,Giao dịch mua bán,Finance,CUST0079,VEND0168,Asset,IAS 16,Asset,IAS 16
28/05/2024,CT455481,511,331,6780934.19,Giao dịch mua bán,Sales,CUST0085,VEND0095,Revenue,IFRS 15,Revenue,IFRS 15
26/06/2024,CT886685,511,331,3145824.27,Giao dịch mua bán,Production,CUST0069,VEND0046,Revenue,IFRS 15,Revenue,IFRS 15
21/09/2024,CT727643,642,131,4171578.94,Giao dịch mua bán,Finance,CUST0109,VEND0079,Expense,IAS 1,Expense,IAS 1
10/10/2024,CT274854,511,131,3458448.12,Giao dịch mua bán,Sales,CUST0200,VEND0093,Revenue,IFRS 15,Revenue,IFRS 15
31/12/2022,CT923161,214,112,34486099.21,Giao dịch mua bán,HR,CUST0099,VEND0024,Asset,IAS 16,Asset,IAS 16
31/12/2022,CT547291,632,152,11759427.41,Giao dịch mua bán,HR,CUST0011,VEND0099,Expense,IAS 1,Expense,IAS 1
31/12/2022,CT051497,511,642,20188584.35,Giao dịch mua bán,Sales,CUST0024,VEND0073,Revenue,IFRS 15,Revenue,IFRS 15
31/12/2022,CT962988,112,131,4998198.35,Giao dịch mua bán,HR,CUST0117,VEND0031,Asset,IAS 16,Asset,IAS 16
31/12/2022,CT233052,111,211,16327355.39,Giao dịch mua bán,IT,CUST0168,VEND0092,Asset,IAS 16,Asset,IAS 16
31/12/2022,CT881818,112,642,15008758.83,Giao dịch mua bán,Finance,CUST0077,VEND0093,Asset,IAS 16,Asset,IAS 16
31/12/2022,CT823266,214,331,8726697.86,Giao dịch mua bán,Finance,CUST0068,VEND0142,Asset,IAS 16,Asset,IAS 16
31/12/2022,CT993571,152,331,18024529.12,Giao dịch mua bán,Production,CUST0185,VEND0143,Asset,IAS 16,Asset,IAS 16
31/12/2022,CT223912,511,131,4748173.07,Giao dịch mua bán,Finance,CUST0136,VEND0092,Revenue,IFRS 15,Revenue,IFRS 15
31/12/2022,CT707578,632,211,17493408.38,Giao dịch mua bán,Production,CUST0005,VEND0089,Expense,IAS 1,Expense,IAS 1
31/12/2022,CT558065,131,112,18911581.27,Giao dịch mua bán,HR,CUST0050,VEND0169,Asset,IAS 16,Asset,IAS 16
31/12/2022,CT649350,511,156,495667.17,Giao dịch mua bán,Finance,CUST0050,VEND0148,Revenue,IFRS 15,Revenue,IFRS 15
31/12/2022,CT800276,112,131,29154543.58,Giao dịch mua bán,Finance,CUST0089,VEND0024,Asset,IAS 16,Asset,IAS 16
31/12/2022,CT739495,632,112,19728715.82,Giao dịch mua bán,Finance,CUST0157,VEND0183,Expense,IAS 1,Expense,IAS 1
31/12/2022,CT296943,111,331,2977148.53,Giao dịch mua bán,Production,CUST0155,VEND0031,Asset,IAS 16,Asset,IAS 16
31/12/2022,CT123883,642,214,41307287.54,Giao dịch mua bán,Production,CUST0197,VEND0185,Expense,IAS 1,Expense,IAS 1
31/12/2022,CT554888,331,111,39877034.8,Giao dịch mua bán,Sales,CUST0153,VEND0200,Liability,IAS 37,Liability,IAS 37
31/12/2022,CT728047,211,156,16926185.71,Giao dịch mua bán,IT,CUST0126,VEND0076,Asset,IAS 16,Asset,IAS 16
31/12/2022,CT234740,131,156,21302660.32,Giao dịch mua bán,Finance,CUST0001,VEND0200,Asset,IAS 16,Asset,IAS 16
31/12/2022,CT117384,214,131,15825021.89,Giao dịch mua bán,HR,CUST0196,VEND0139,Asset,IAS 16,Asset,IAS 16
31/12/2022,CT873042,511,152,19682302.18,Giao dịch mua bán,HR,CUST0119,VEND0038,Revenue,IFRS 15,Revenue,IFRS 15
31/12/2022,CT914330,642,152,47472981.39,Giao dịch mua bán,Sales,CUST0110,VEND0135,Expense,IAS 1,Expense,IAS 1
31/12/2022,CT938658,112,214,29411250.33,Giao dịch mua bán,Finance,CUST0037,VEND0072,Asset,IAS 16,Asset,IAS 16
31/12/2022,CT915506,632,331,41036561.9,Giao dịch mua bán,HR,CUST0146,VEND0025,Expense,IAS 1,Expense,IAS 1
31/12/2022,CT921709,642,331,38089192.53,Giao dịch mua bán,IT,CUST0133,VEND0105,Expense,IAS 1,Expense,IAS 1
14/12/2024,CT328135,112,211,30618556.26,Giao dịch mua bán,HR,CUST0100,VEND0112,Asset,IAS 16,Asset,IAS 16
13/06/2024,CT986858,632,112,7723474.5,Giao dịch mua bán,Finance,CUST0143,VEND0056,Expense,IAS 1,Expense,IAS 1
15/05/2024,CT271596,152,211,47952640.98,Giao dịch mua bán,IT,CUST0127,VEND0055,Asset,IAS 16,Asset,IAS 16
13/07/2024,CT761318,111,511,25401795.74,Giao dịch mua bán,HR,CUST0150,VEND0003,Asset,IAS 16,Asset,IAS 16
18/11/2024,CT453409,152,642,35830321.31,Giao dịch mua bán,HR,CUST0024,VEND0058,Asset,IAS 16,Asset,IAS 16
29/05/2024,CT456292,111,632,5349174.49,Giao dịch mua bán,Sales,CUST0118,VEND0148,Asset,IAS 16,Asset,IAS 16
20/05/2024,CT552495,511,112,16751220.95,Giao dịch mua bán,HR,CUST0012,VEND0192,Revenue,IFRS 15,Revenue,IFRS 15
15/05/2024,CT889656,156,211,37452580.06,Giao dịch mua bán,HR,CUST0070,VEND0106,Asset,IAS 16,Asset,IAS 16
25/09/2024,CT155967,112,156,13943267.03,Giao dịch mua bán,Sales,CUST0122,VEND0082,Asset,IAS 16,Asset,IAS 16
23/04/2024,CT285295,331,642,27638328.67,Giao dịch mua bán,IT,CUST0036,VEND0102,Liability,IAS 37,Liability,IAS 37
11/10/2024,CT674640,112,152,18178154.75,Giao dịch mua bán,Sales,CUST0156,VEND0081,Asset,IAS 16,Asset,IAS 16
16/11/2024,CT294751,112,511,40133110.54,Giao dịch mua bán,IT,CUST0022,VEND0147,Asset,IAS 16,Asset,IAS 16
09/09/2024,CT810847,632,331,21890659.29,Giao dịch mua bán,Finance,CUST0168,VEND0160,Expense,IAS 1,Expense,IAS 1
20/06/2024,CT435163,131,211,6908473.47,Giao dịch mua bán,IT,CUST0172,VEND0083,Asset,IAS 16,Asset,IAS 16
13/01/2024,CT677337,112,211,40889876.47,Giao dịch mua bán,HR,CUST0067,VEND0147,Asset,IAS 16,Asset,IAS 16
03/10/2024,CT977620,111,642,7742899.14,Giao dịch mua bán,Finance,CUST0128,VEND0162,Asset,IAS 16,Asset,IAS 16
13/12/2024,CT985444,211,331,34895481.39,Giao dịch mua bán,Production,CUST0049,VEND0062,Asset,IAS 16,Asset,IAS 16
07/01/2024,CT439111,511,211,37771052,Giao dịch mua bán,Production,CUST0126,VEND0041,Revenue,IFRS 15,Revenue,IFRS 15
31/07/2024,CT472005,131,511,25104300.6,Giao dịch mua bán,Production,CUST0063,VEND0081,Asset,IAS 16,Asset,IAS 16
07/06/2024,CT712003,211,642,3733332.36,Giao dịch mua bán,HR,CUST0084,VEND0081,Asset,IAS 16,Asset,IAS 16
15/02/2024,CT813651,156,152,34820967.92,Giao dịch mua bán,Sales,CUST0028,VEND0039,Asset,IAS 16,Asset,IAS 16
18/12/2024,CT787920,511,211,4925777.03,Giao dịch mua bán,HR,CUST0090,VEND0175,Revenue,IFRS 15,Revenue,IFRS 15
09/10/2024,CT240092,331,211,9459074.55,Giao dịch mua bán,HR,CUST0078,VEND0002,Liability,IAS 37,Liability,IAS 37
04/09/2024,CT564455,211,156,49387139.44,Giao dịch mua bán,IT,CUST0006,VEND0057,Asset,IAS 16,Asset,IAS 16
14/08/2024,CT555288,642,331,30290183.26,Giao dịch mua bán,HR,CUST0025,VEND0153,Expense,IAS 1,Expense,IAS 1
05/08/2024,CT786604,632,211,28529157.3,Giao dịch mua bán,HR,CUST0036,VEND0178,Expense,IAS 1,Expense,IAS 1
19/05/2024,CT936084,111,156,4728307.51,Giao dịch mua bán,IT,CUST0140,VEND0041,Asset,IAS 16,Asset,IAS 16
19/11/2024,CT485181,112,331,20879802.16,Giao dịch mua bán,Production,CUST0198,VEND0032,Asset,IAS 16,Asset,IAS 16
16/06/2024,CT504841,331,152,27796704.65,Giao dịch mua bán,IT,CUST0079,VEND0143,Liability,IAS 37,Liability,IAS 37
08/12/2024,CT536632,214,112,26141854.66,Giao dịch mua bán,HR,CUST0093,VEND0177,Asset,IAS 16,Asset,IAS 16
20/03/2024,CT360517,111,511,24694308.55,Giao dịch mua bán,Production,CUST0061,VEND0012,Asset,IAS 16,Asset,IAS 16
02/09/2024,CT118854,331,642,37378897.56,Giao dịch mua bán,HR,CUST0098,VEND0175,Liability,IAS 37,Liability,IAS 37
06/09/2024,CT007156,156,511,39042489.26,Giao dịch mua bán,Production,CUST0054,VEND0066,Asset,IAS 16,Asset,IAS 16
17/10/2024,CT029183,211,211,32746359.05,Giao dịch mua bán,IT,CUST0115,VEND0184,Asset,IAS 16,Asset,IAS 16
05/07/2024,CT708918,131,211,44345366.2,Giao dịch mua bán,HR,CUST0138,VEND0149,Asset,IAS 16,Asset,IAS 16
12/07/2024,CT048630,131,111,28136268.48,Giao dịch mua bán,IT,CUST0102,VEND0096,Asset,IAS 16,Asset,IAS 16
08/04/2024,CT990988,152,211,44506972.18,Giao dịch mua bán,Production,CUST0161,VEND0130,Asset,IAS 16,Asset,IAS 16
04/07/2024,CT531346,131,511,13212401.56,Giao dịch mua bán,Production,CUST0042,VEND0071,Asset,IAS 16,Asset,IAS 16
25/12/2024,CT547156,632,131,29180956.31,Giao dịch mua bán,HR,CUST0096,VEND0161,Expense,IAS 1,Expense,IAS 1
01/03/2024,CT264181,112,131,37029520.79,Giao dịch mua bán,Finance,CUST0005,VEND0017,Asset,IAS 16,Asset,IAS 16
05/10/2024,CT989340,156,214,35361258.03,Giao dịch mua bán,Production,CUST0110,VEND0167,Asset,IAS 16,Asset,IAS 16
06/05/2024,CT195595,211,331,15476071.95,Giao dịch mua bán,Sales,CUST0194,VEND0021,Asset,IAS 16,Asset,IAS 16
24/07/2024,CT785196,211,331,524128.17,Giao dịch mua bán,Sales,CUST0123,VEND0121,Asset,IAS 16,Asset,IAS 16
10/10/2024,CT660733,111,131,12993140.15,Giao dịch mua bán,Sales,CUST0113,VEND0010,Asset,IAS 16,Asset,IAS 16
12/11/2024,CT848948,511,111,10705797.91,Giao dịch mua bán,IT,CUST0196,VEND0024,Revenue,IFRS 15,Revenue,IFRS 15
30/03/2024,CT314621,152,214,42828450.31,Giao dịch mua bán,Finance,CUST0022,VEND0177,Asset,IAS 16,Asset,IAS 16
28/03/2024,CT703507,642,511,31535754.49,Giao dịch mua bán,HR,CUST0153,VEND0179,Expense,IAS 1,Expense,IAS 1
09/04/2024,CT496096,112,214,21769619.32,Giao dịch mua bán,IT,CUST0024,VEND0114,Asset,IAS 16,Asset,IAS 16
26/08/2024,CT618673,211,211,45474954.12,Giao dịch mua bán,Production,CUST0022,VEND0094,Asset,IAS 16,Asset,IAS 16
22/09/2024,CT343754,112,331,49732726.53,Giao dịch mua bán,Production,CUST0032,VEND0079,Asset,IAS 16,Asset,IAS 16
18/01/2024,CT449222,131,211,48278390.58,Giao dịch mua bán,Sales,CUST0057,VEND0111,Asset,IAS 16,Asset,IAS 16
24/04/2024,CT611275,156,331,22704160.02,Giao dịch mua bán,IT,CUST0101,VEND0100,Asset,IAS 16,Asset,IAS 16
17/07/2024,CT398040,152,111,46238347,Giao dịch mua bán,Production,CUST0052,VEND0195,Asset,IAS 16,Asset,IAS 16
02/11/2024,DUPLICATE,211,211,20521469.64,Giao dịch mua bán,Sales,CUST0103,VEND0112,Asset,IAS 16,Asset,IAS 16
23/09/2024,CT268195,111,642,32612046.98,Giao dịch mua bán,Production,CUST0078,VEND0096,Asset,IAS 16,Asset,IAS 16
06/05/2024,CT552234,632,214,48796069.4,Giao dịch mua bán,HR,CUST0166,VEND0197,Expense,IAS 1,Expense,IAS 1
28/07/2024,CT076084,214,511,40801298.46,Giao dịch mua bán,Finance,CUST0099,VEND0032,Asset,IAS 16,Asset,IAS 16
04/09/2024,CT155850,112,131,18014023.08,Giao dịch mua bán,Sales,CUST0123,VEND0018,Asset,IAS 16,Asset,IAS 16
14/02/2024,CT248944,152,152,32514001.23,Giao dịch mua bán,Finance,CUST0047,VEND0184,Asset,IAS 16,Asset,IAS 16
21/05/2024,CT543271,331,632,22316046.13,Giao dịch mua bán,IT,CUST0120,VEND0161,Liability,IAS 37,Liability,IAS 37
11/11/2024,CT676444,214,111,13351528.51,Giao dịch mua bán,HR,CUST0135,VEND0194,Asset,IAS 16,Asset,IAS 16
08/03/2024,CT638885,331,211,32532150.59,Giao dịch mua bán,Finance,CUST0197,VEND0024,Liability,IAS 37,Liability,IAS 37
12/06/2024,CT530279,111,131,45686676.52,Giao dịch mua bán,Finance,CUST0073,VEND0119,Asset,IAS 16,Asset,IAS 16
16/10/2024,CT272546,331,511,25059985.91,Giao dịch mua bán,Sales,CUST0055,VEND0034,Liability,IAS 37,Liability,IAS 37
06/11/2024,CT828461,214,632,43610799.87,Giao dịch mua bán,Sales,CUST0191,VEND0064,Asset,IAS 16,Asset,IAS 16
23/10/2024,CT459948,112,112,968083.99,Giao dịch mua bán,Production,CUST0084,VEND0087,Asset,IAS 16,Asset,IAS 16
21/05/2024,CT756660,511,211,11933481.11,Giao dịch mua bán,Production,CUST0127,VEND0164,Revenue,IFRS 15,Revenue,IFRS 15
26/04/2024,CT860347,156,211,14858584.59,Giao dịch mua bán,IT,CUST0160,VEND0061,Asset,IAS 16,Asset,IAS 16
12/06/2024,CT192801,156,152,16748460.79,Giao dịch mua bán,Finance,CUST0003,VEND0055,Asset,IAS 16,Asset,IAS 16
12/04/2024,CT584322,214,152,19371881.98,Giao dịch mua bán,IT,CUST0048,VEND0056,Asset,IAS 16,Asset,IAS 16
02/07/2024,CT121048,112,511,48919661.15,Giao dịch mua bán,HR,CUST0021,VEND0150,Asset,IAS 16,Asset,IAS 16
30/12/2024,CT476975,211,156,39942203.28,Giao dịch mua bán,Production,CUST0053,VEND0008,Asset,IAS 16,Asset,IAS 16
06/08/2024,CT797044,112,642,24601940.16,Giao dịch mua bán,HR,CUST0028,VEND0067,Asset,IAS 16,Asset,IAS 16
26/11/2024,CT623826,331,214,7164698.8,Giao dịch mua bán,Production,CUST0105,VEND0154,Liability,IAS 37,Liability,IAS 37
14/07/2024,CT609668,211,111,8326637.82,Giao dịch mua bán,Sales,CUST0014,VEND0115,Asset,IAS 16,Asset,IAS 16
22/09/2024,CT404737,211,632,23037806.02,Giao dịch mua bán,Production,CUST0143,VEND0073,Asset,IAS 16,Asset,IAS 16
04/11/2024,CT909416,112,214,12771169.02,Giao dịch mua bán,IT,CUST0047,VEND0175,Asset,IAS 16,Asset,IAS 16
20/10/2024,CT907136,632,632,43756146.07,Giao dịch mua bán,Production,CUST0156,VEND0115,Expense,IAS 1,Expense,IAS 1
07/10/2024,CT379277,331,331,29600399.39,Giao dịch mua bán,Finance,CUST0145,VEND0029,Liability,IAS 37,Liability,IAS 37
10/09/2024,CT602195,111,156,38644895.36đ,Giao dịch mua bán,Sales,CUST0040,VEND0162,Asset,IAS 16,Asset,IAS 16
13/06/2024,CT083478,156,111,46155267.66,Giao dịch mua bán,Sales,CUST0077,VEND0127,Asset,IAS 16,Asset,IAS 16
30/11/2024,CT584990,152,211,8580162.58,Giao dịch mua bán,HR,CUST0023,VEND0111,Asset,IAS 16,Asset,IAS 16
22/10/2024,CT512492,642,331,30236653,Giao dịch mua bán,Sales,CUST0189,VEND0001,Expense,IAS 1,Expense,IAS 1
13/10/2024,CT019715,642,331,22406013.27,Giao dịch mua bán,Production,CUST0181,VEND0189,Expense,IAS 1,Expense,IAS 1
07/05/2024,CT393103,131,131,16100680.52,Giao dịch mua bán,HR,CUST0053,VEND0162,Asset,IAS 16,Asset,IAS 16
16/03/2024,CT259876,156,642,24602223.88,Giao dịch mua bán,HR,CUST0112,VEND0068,Asset,IAS 16,Asset,IAS 16
01/02/2024,CT837845,111,156,30134544.7,Giao dịch mua bán,Production,CUST0022,VEND0050,Asset,IAS 16,Asset,IAS 16
20/02/2024,CT853978,511,642,33096822.37,Giao dịch mua bán,HR,CUST0159,VEND0151,Revenue,IFRS 15,Revenue,IFRS 15
01/04/2024,CT157146,632,214,19638575.57,Giao dịch mua bán,IT,CUST0024,VEND0098,Expense,IAS 1,Expense,IAS 1
15/03/2024,CT988969,156,214,15124129.19,Giao dịch mua bán,Finance,CUST0131,VEND0038,Asset,IAS 16,Asset,IAS 16
01/12/2024,CT192916,642,211,41581192.81,Giao dịch mua bán,Sales,CUST0124,VEND0021,Expense,IAS 1,Expense,IAS 1
08/02/2024,CT324246,214,152,321034.35,Giao dịch mua bán,HR,CUST0130,VEND0198,Asset,IAS 16,Asset,IAS 16
20/09/2024,CT372284,112,642,10837104.37,Giao dịch mua bán,HR,CUST0009,VEND0012,Asset,IAS 16,Asset,IAS 16
20/01/2024,CT228937,131,642,45854449.83,Giao dịch mua bán,Sales,CUST0086,VEND0121,Asset,IAS 16,Asset,IAS 16
30/05/2024,CT762524,211,511,14227462.74,Giao dịch mua bán,IT,CUST0159,VEND0172,Asset,IAS 16,Asset,IAS 16
01/05/2024,CT611474,152,642,35306696.04,Giao dịch mua bán,Finance,CUST0031,VEND0173,Asset,IAS 16,Asset,IAS 16
27/12/2024,CT761587,214,511,11573472.14,Giao dịch mua bán,IT,CUST0058,VEND0091,Asset,IAS 16,Asset,IAS 16
02/06/2024,CT273885,632,112,44675490.92,Giao dịch mua bán,Production,CUST0196,VEND0067,Expense,IAS 1,Expense,IAS 1
06/08/2024,CT062944,331,152,17354909.61,Giao dịch mua bán,HR,CUST0165,VEND0051,Liability,IAS 37,Liability,IAS 37
19/01/2024,CT409778,511,331,44822249.6,Giao dịch mua bán,IT,CUST0165,VEND0054,Revenue,IFRS 15,Revenue,IFRS 15
10/07/2024,CT195382,642,112,46812484.2,Giao dịch mua bán,IT,CUST0030,VEND0140,Expense,IAS 1,Expense,IAS 1
03/09/2024,CT167348,511,642,5632957.09,Giao dịch mua bán,Sales,CUST0028,VEND0119,Revenue,IFRS 15,Revenue,IFRS 15
29/01/2024,CT354272,156,111,4106551.97,Giao dịch mua bán,HR,CUST0056,VEND0134,Asset,IAS 16,Asset,IAS 16
11/05/2024,CT849284,112,214,15209286.01,Giao dịch mua bán,Production,CUST0100,VEND0025,Asset,IAS 16,Asset,IAS 16
26/08/2024,CT547243,211,511,9764322.35,Giao dịch mua bán,Sales,CUST0037,VEND0086,Asset,IAS 16,Asset,IAS 16
24/05/2024,CT700908,111,511,47343549.89,Giao dịch mua bán,IT,CUST0091,VEND0051,Asset,IAS 16,Asset,IAS 16
01/09/2024,CT722339,214,112,41537876.24,Giao dịch mua bán,IT,CUST0165,VEND0021,Asset,IAS 16,Asset,IAS 16
24/03/2024,CT717660,152,632,21924102.81,Giao dịch mua bán,IT,CUST0003,VEND0011,Asset,IAS 16,Asset,IAS 16
04/03/2024,CT877697,331,331,5003675.92,Giao dịch mua bán,HR,CUST0194,VEND0163,Liability,IAS 37,Liability,IAS 37
05/11/2024,CT909517,211,642,23764160,Giao dịch mua bán,IT,CUST0042,VEND0198,Asset,IAS 16,Asset,IAS 16
30/09/2024,CT173770,214,111,39684173.02,Giao dịch mua bán,IT,CUST0043,VEND0153,Asset,IAS 16,Asset,IAS 16
20/09/2024,CT971035,131,131,29304471.64,Giao dịch mua bán,Finance,CUST0025,VEND0196,Asset,IAS 16,Asset,IAS 16
28/05/2024,CT144673,642,152,49440154.72,Giao dịch mua bán,Finance,CUST0145,VEND0028,Expense,IAS 1,Expense,IAS 1
06/02/2024,CT387115,331,111,46047451.03,Giao dịch mua bán,Production,CUST0189,VEND0134,Liability,IAS 37,Liability,IAS 37
25/11/2024,CT793282,152,214,4470102.66,Giao dịch mua bán,IT,CUST0161,VEND0093,Asset,IAS 16,Asset,IAS 16
04/11/2024,CT253152,214,152,13665647.54,Giao dịch mua bán,Finance,CUST0189,VEND0195,Asset,IAS 16,Asset,IAS 16
27/09/2024,CT946938,214,111,46429789.66,Giao dịch mua bán,IT,CUST0100,VEND0010,Asset,IAS 16,Asset,IAS 16
14/07/2024,CT247377,214,214,15526400.28,Giao dịch mua bán,Production,CUST0137,VEND0124,Asset,IAS 16,Asset,IAS 16
12/11/2024,CT016080,642,112,25550225.82,Giao dịch mua bán,Finance,CUST0123,VEND0005,Expense,IAS 1,Expense,IAS 1
04/02/2024,CT330138,632,214,3540941.45,Giao dịch mua bán,Production,CUST0174,VEND0176,Expense,IAS 1,Expense,IAS 1
24/04/2024,CT303225,152,642,3222113.37,Giao dịch mua bán,HR,CUST0168,VEND0141,Asset,IAS 16,Asset,IAS 16
16/11/2024,CT669023,156,211,23792742.86,Giao dịch mua bán,Production,CUST0112,VEND0100,Asset,IAS 16,Asset,IAS 16
25/11/2024,CT833053,111,112,10343515.8,Giao dịch mua bán,Finance,CUST0096,VEND0093,Asset,IAS 16,Asset,IAS 16
17/08/2024,CT746550,152,642,45906252.22,Giao dịch mua bán,IT,CUST0042,VEND0176,Asset,IAS 16,Asset,IAS 16
27/05/2024,CT912438,131,152,38361034.74,Giao dịch mua bán,HR,CUST0174,VEND0174,Asset,IAS 16,Asset,IAS 16
05/05/2024,CT530108,152,131,23958823.87,Giao dịch mua bán,Production,CUST0003,VEND0015,Asset,IAS 16,Asset,IAS 16
17/05/2024,CT810718,112,331,119640.53,Giao dịch mua bán,Finance,CUST0073,VEND0070,Asset,IAS 16,Asset,IAS 16
27/12/2024,CT643983,511,152,33036346.73,Giao dịch mua bán,HR,CUST0003,VEND0131,Revenue,IFRS 15,Revenue,IFRS 15
29/09/2024,CT795334,632,156,17282958.4,Giao dịch mua bán,Finance,CUST0040,VEND0135,Expense,IAS 1,Expense,IAS 1
27/07/2024,CT485913,511,642,34949167.07,Giao dịch mua bán,HR,CUST0043,VEND0058,Revenue,IFRS 15,Revenue,IFRS 15
08/05/2024,CT632967,331,111,32419840.47,Giao dịch mua bán,IT,CUST0004,VEND0181,Liability,IAS 37,Liability,IAS 37
31/12/2024,CT829449,111,511,29618447.75,Giao dịch mua bán,IT,CUST0005,VEND0043,Asset,IAS 16,Asset,IAS 16
13/10/2024,CT055889,111,632,9392595.91,Giao dịch mua bán,Production,CUST0068,VEND0094,Asset,IAS 16,Asset,IAS 16
17/12/2024,CT493205,511,156,49543516.12,Giao dịch mua bán,Finance,CUST0040,VEND0094,Revenue,IFRS 15,Revenue,IFRS 15
18/12/2024,CT760948,642,112,33270670.14,Giao dịch mua bán,Finance,CUST0152,VEND0022,Expense,IAS 1,Expense,IAS 1
28/05/2024,CT753299,331,511,32970510.2,Giao dịch mua bán,Sales,CUST0143,VEND0184,Liability,IAS 37,Liability,IAS 37
29/03/2024,CT574752,632,112,30724709.47,Giao dịch mua bán,Production,CUST0190,VEND0144,Expense,IAS 1,Expense,IAS 1
12/02/2024,CT933808,214,511,48772621.26,Giao dịch mua bán,IT,CUST0006,VEND0160,Asset,IAS 16,Asset,IAS 16
05/06/2024,CT255519,211,211,32616728.83,Giao dịch mua bán,HR,CUST0108,VEND0150,Asset,IAS 16,Asset,IAS 16
12/02/2024,CT277729,111,642,25341025.95,Giao dịch mua bán,Sales,CUST0102,VEND0026,Asset,IAS 16,Asset,IAS 16
05/04/2024,CT945248,111,632,2628561.07,Giao dịch mua bán,Finance,CUST0005,VEND0087,Asset,IAS 16,Asset,IAS 16
27/02/2024,CT212138,131,632,39433873.59,Giao dịch mua bán,Finance,CUST0093,VEND0105,Asset,IAS 16,Asset,IAS 16
30/12/2024,CT966160,511,112,33408477.27,Giao dịch mua bán,Finance,CUST0134,VEND0114,Revenue,IFRS 15,Revenue,IFRS 15
21/11/2024,CT541133,632,632,25961274.87,Giao dịch mua bán,HR,CUST0101,VEND0110,Expense,IAS 1,Expense,IAS 1
15/08/2024,CT355421,331,131,40244075.13,Giao dịch mua bán,HR,CUST0125,VEND0014,Liability,IAS 37,Liability,IAS 37
26/06/2024,CT477272,156,131,980711.76,Giao dịch mua bán,Production,CUST0146,VEND0174,Asset,IAS 16,Asset,IAS 16
10/08/2024,CT766166,111,331,48817010.77,Giao dịch mua bán,Finance,CUST0139,VEND0050,Asset,IAS 16,Asset,IAS 16
30/06/2024,CT723837,156,511,12260897.36,Giao dịch mua bán,HR,CUST0117,VEND0194,Asset,IAS 16,Asset,IAS 16
13/02/2024,CT571824,111,511,39579556.39,Giao dịch mua bán,Sales,CUST0200,VEND0136,Asset,IAS 16,Asset,IAS 16
04/08/2024,CT586761,211,642,2292474.84,Giao dịch mua bán,Sales,CUST0042,VEND0017,Asset,IAS 16,Asset,IAS 16
22/09/2024,CT570387,156,156,14584848.3,Giao dịch mua bán,HR,CUST0175,VEND0064,Asset,IAS 16,Asset,IAS 16
05/01/2024,CT198812,112,632,4632959.33,Giao dịch mua bán,HR,CUST0042,VEND0107,Asset,IAS 16,Asset,IAS 16
28/07/2024,CT283360,211,632,6281210.09,Giao dịch mua bán,HR,CUST0195,VEND0139,Asset,IAS 16,Asset,IAS 16
14/12/2024,CT925959,156,331,8006513.58,Giao dịch mua bán,Sales,CUST0019,VEND0134,Asset,IAS 16,Asset,IAS 16
22/08/2024,CT725299,511,511,23458854.91,Giao dịch mua bán,Finance,CUST0052,VEND0141,Revenue,IFRS 15,Revenue,IFRS 15
24/11/2024,CT417294,112,111,38823310.36,Giao dịch mua bán,Sales,CUST0050,VEND0112,Asset,IAS 16,Asset,IAS 16
07/10/2024,CT969818,152,152,48423276.37,Giao dịch mua bán,Sales,CUST0080,VEND0112,Asset,IAS 16,Asset,IAS 16
07/02/2024,CT498889,511,511,26324264.76,Giao dịch mua bán,Finance,CUST0063,VEND0200,Revenue,IFRS 15,Revenue,IFRS 15
06/02/2024,CT191474,211,511,26198435.72,Giao dịch mua bán,IT,CUST0035,VEND0027,Asset,IAS 16,Asset,IAS 16
21/09/2024,CT723590,111,632,33997889.66,Giao dịch mua bán,Finance,CUST0123,VEND0134,Asset,IAS 16,Asset,IAS 16
30/06/2024,CT812606,152,152,30957109.07,Giao dịch mua bán,Finance,CUST0151,VEND0200,Asset,IAS 16,Asset,IAS 16
18/02/2024,CT273248,112,131,18478240.07,Giao dịch mua bán,HR,CUST0068,VEND0003,Asset,IAS 16,Asset,IAS 16
23/01/2024,CT121401,331,111,43560408.1,Giao dịch mua bán,Sales,CUST0116,VEND0185,Liability,IAS 37,Liability,IAS 37
22/06/2024,CT486007,156,642,20295290.98,Giao dịch mua bán,HR,CUST0013,VEND0079,Asset,IAS 16,Asset,IAS 16
30/01/2024,CT949003,152,331,36475697.83,Giao dịch mua bán,Finance,CUST0010,VEND0048,Asset,IAS 16,Asset,IAS 16
10/06/2024,CT687484,331,211,20008402.54,Giao dịch mua bán,HR,CUST0040,VEND0073,Liability,IAS 37,Liability,IAS 37
10/04/2024,CT644542,511,642,4151400.96,Giao dịch mua bán,Sales,CUST0105,VEND0024,Revenue,IFRS 15,Revenue,IFRS 15
23/09/2024,CT164260,511,642,5831820.95,Giao dịch mua bán,IT,CUST0074,VEND0162,Revenue,IFRS 15,Revenue,IFRS 15
03/11/2024,CT423821,112,112,41070121.5,Giao dịch mua bán,IT,CUST0034,VEND0188,Asset,IAS 16,Asset,IAS 16
19/06/2024,CT157912,331,214,49408281.75,Giao dịch mua bán,Finance,CUST0151,VEND0009,Liability,IAS 37,Liability,IAS 37
08/03/2024,CT272025,131,156,19322232.27,Giao dịch mua bán,Sales,CUST0158,VEND0125,Asset,IAS 16,Asset,IAS 16
13/12/2024,CT669211,211,642,13078143.58,Giao dịch mua bán,Production,CUST0008,VEND0058,Asset,IAS 16,Asset,IAS 16
23/01/2024,CT167136,131,632,33264597.15,Giao dịch mua bán,Finance,CUST0190,VEND0045,Asset,IAS 16,Asset,IAS 16
09/06/2024,CT627285,156,152,25935108.81,Giao dịch mua bán,IT,CUST0045,VEND0159,Asset,IAS 16,Asset,IAS 16
05/08/2024,CT357203,331,642,27591268.25,Giao dịch mua bán,Sales,CUST0086,VEND0080,Liability,IAS 37,Liability,IAS 37
17/08/2024,CT598577,211,214,18577142.71,Giao dịch mua bán,IT,CUST0087,VEND0122,Asset,IAS 16,Asset,IAS 16
31/01/2024,CT158218,211,642,1243354.92,Giao dịch mua bán,HR,CUST0143,VEND0086,Asset,IAS 16,Asset,IAS 16
21/02/2024,CT268735,642,112,1154329.73,Giao dịch mua bán,Finance,CUST0026,VEND0108,Expense,IAS 1,Expense,IAS 1
07/08/2024,CT796560,511,112,1859305.24,Giao dịch mua bán,HR,CUST0129,VEND0177,Revenue,IFRS 15,Revenue,IFRS 15
13/04/2024,CT828365,331,331,9998850.59,Giao dịch mua bán,Sales,CUST0086,VEND0027,Liability,IAS 37,Liability,IAS 37
10/09/2024,CT370318,642,112,1222294.82,Giao dịch mua bán,IT,CUST0139,VEND0061,Expense,IAS 1,Expense,IAS 1
10/08/2024,CT952689,211,214,37471873.21,Giao dịch mua bán,Sales,CUST0029,VEND0091,Asset,IAS 16,Asset,IAS 16
24/01/2024,CT728690,152,331,6541974.1,Giao dịch mua bán,Finance,CUST0148,VEND0143,Asset,IAS 16,Asset,IAS 16
17/11/2024,CT995089,642,642,43819109.71,Giao dịch mua bán,Finance,CUST0131,VEND0100,Expense,IAS 1,Expense,IAS 1
11/01/2024,DUPLICATE,331,112,22678062.14,Giao dịch mua bán,Production,CUST0117,VEND0199,Liability,IAS 37,Liability,IAS 37
14/09/2024,CT799307,211,214,1553500.3,Giao dịch mua bán,Finance,CUST0180,VEND0106,Asset,IAS 16,Asset,IAS 16
27/03/2024,CT132878,131,131,42541680.88,Giao dịch mua bán,Finance,CUST0187,VEND0180,Asset,IAS 16,Asset,IAS 16
15/12/2024,CT438355,511,111,30893845.48,Giao dịch mua bán,IT,CUST0019,VEND0091,Revenue,IFRS 15,Revenue,IFRS 15
06/11/2024,CT054358,131,511,47582501.13,Giao dịch mua bán,Production,CUST0072,VEND0194,Asset,IAS 16,Asset,IAS 16
07/08/2024,CT498548,211,214,39521516.58,Giao dịch mua bán,HR,CUST0057,VEND0113,Asset,IAS 16,Asset,IAS 16
06/10/2024,CT932099,211,111,15522629.35,Giao dịch mua bán,IT,CUST0015,VEND0124,Asset,IAS 16,Asset,IAS 16
07/07/2024,CT807826,112,211,42898875.11,Giao dịch mua bán,Sales,CUST0050,VEND0005,Asset,IAS 16,Asset,IAS 16
11/04/2024,CT132546,152,331,36457072.4,Giao dịch mua bán,Production,CUST0119,VEND0117,Asset,IAS 16,Asset,IAS 16
24/02/2024,CT232482,331,156,22403392.73,Giao dịch mua bán,Finance,CUST0138,VEND0167,Liability,IAS 37,Liability,IAS 37
17/04/2024,CT415295,156,211,23742864.29,Giao dịch mua bán,HR,CUST0019,VEND0007,Asset,IAS 16,Asset,IAS 16
11/08/2024,CT430227,511,331,25969439.46,Giao dịch mua bán,IT,CUST0120,VEND0045,Revenue,IFRS 15,Revenue,IFRS 15
28/07/2024,CT070428,511,211,18108573.6,Giao dịch mua bán,IT,CUST0189,VEND0076,Revenue,IFRS 15,Revenue,IFRS 15
08/10/2024,CT188859,156,331,43259418.57,Giao dịch mua bán,Finance,CUST0043,VEND0032,Asset,IAS 16,Asset,IAS 16
17/11/2024,CT890795,152,156,15246777.29,Giao dịch mua bán,Sales,CUST0131,VEND0042,Asset,IAS 16,Asset,IAS 16
01/01/2024,CT283690,511,511,28345988.54,Giao dịch mua bán,HR,CUST0144,VEND0200,Revenue,IFRS 15,Revenue,IFRS 15
16/08/2024,CT931037,642,131,44979924.98,Giao dịch mua bán,Sales,CUST0003,VEND0195,Expense,IAS 1,Expense,IAS 1
13/09/2024,CT382027,211,131,29940618.53,Giao dịch mua bán,Sales,CUST0125,VEND0184,Asset,IAS 16,Asset,IAS 16
20/06/2024,CT578078,112,112,39468296.98,Giao dịch mua bán,HR,CUST0067,VEND0179,Asset,IAS 16,Asset,IAS 16
14/08/2024,CT247052,112,632,43964213.08,Giao dịch mua bán,IT,CUST0041,VEND0130,Asset,IAS 16,Asset,IAS 16
10/08/2024,CT145882,156,131,13311784.91,Giao dịch mua bán,Finance,CUST0143,VEND0104,Asset,IAS 16,Asset,IAS 16
20/12/2024,CT619384,156,152,42219131.38,Giao dịch mua bán,Production,CUST0197,VEND0176,Asset,IAS 16,Asset,IAS 16
25/09/2024,CT510028,214,156,31633725.27,Giao dịch mua bán,Sales,CUST0112,VEND0176,Asset,IAS 16,Asset,IAS 16
13/08/2024,CT677682,632,511,35146528.02,Giao dịch mua bán,Production,CUST0191,VEND0046,Expense,IAS 1,Expense,IAS 1
23/08/2024,CT845498,211,214,6759076.86,Giao dịch mua bán,IT,CUST0041,VEND0115,Asset,IAS 16,Asset,IAS 16
12/05/2024,CT732732,156,511,37194885.75,Giao dịch mua bán,Finance,CUST0040,VEND0177,Asset,IAS 16,Asset,IAS 16
08/12/2024,CT670736,214,214,3216245.31,Giao dịch mua bán,Finance,CUST0147,VEND0035,Asset,IAS 16,Asset,IAS 16
31/03/2024,CT144056,511,131,31762641.63,Giao dịch mua bán,IT,CUST0162,VEND0183,Revenue,IFRS 15,Revenue,IFRS 15
02/11/2024,CT080488,632,152,2322806.42,Giao dịch mua bán,HR,CUST0039,VEND0051,Expense,IAS 1,Expense,IAS 1
06/08/2024,CT207760,111,331,1042617.93,Giao dịch mua bán,IT,CUST0038,VEND0026,Asset,IAS 16,Asset,IAS 16
27/04/2024,CT884171,112,331,19262488.79,Giao dịch mua bán,Sales,CUST0115,VEND0070,Asset,IAS 16,Asset,IAS 16
04/02/2024,CT448729,632,214,48279585.29,Giao dịch mua bán,Sales,CUST0110,VEND0111,Expense,IAS 1,Expense,IAS 1
04/06/2024,CT637752,111,642,36357922.82,Giao dịch mua bán,Sales,CUST0150,VEND0147,Asset,IAS 16,Asset,IAS 16
13/02/2024,CT263707,131,152,14345940.49,Giao dịch mua bán,IT,CUST0069,VEND0190,Asset,IAS 16,Asset,IAS 16
15/04/2024,CT602636,642,111,42558016.08,Giao dịch mua bán,Finance,CUST0132,VEND0135,Expense,IAS 1,Expense,IAS 1
07/09/2024,CT905863,642,131,31281498.49,Giao dịch mua bán,Finance,CUST0073,VEND0038,Expense,IAS 1,Expense,IAS 1
02/12/2024,CT109344,152,632,20757029.93,Giao dịch mua bán,Finance,CUST0167,VEND0111,Asset,IAS 16,Asset,IAS 16
04/02/2024,CT821186,331,211,46891997.42đ,Giao dịch mua bán,Production,CUST0028,VEND0071,Liability,IAS 37,Liability,IAS 37
07/06/2024,CT486798,111,112,4486791.43,Giao dịch mua bán,Sales,CUST0151,VEND0095,Asset,IAS 16,Asset,IAS 16
19/11/2024,CT265687,642,331,38486413.49,Giao dịch mua bán,Sales,CUST0158,VEND0119,Expense,IAS 1,Expense,IAS 1
01/02/2024,CT539478,156,211,37093133.2,Giao dịch mua bán,IT,CUST0042,VEND0143,Asset,IAS 16,Asset,IAS 16
25/02/2024,CT825586,111,112,48736427.88,Giao dịch mua bán,Production,CUST0088,VEND0075,Asset,IAS 16,Asset,IAS 16
19/10/2024,CT455105,211,156,14246197.66,Giao dịch mua bán,Sales,CUST0192,VEND0173,Asset,IAS 16,Asset,IAS 16
27/06/2024,CT481964,152,632,40076447.48,Giao dịch mua bán,Production,CUST0052,VEND0006,Asset,IAS 16,Asset,IAS 16
13/08/2024,CT533245,511,112,24228015.01,Giao dịch mua bán,HR,CUST0058,VEND0178,Revenue,IFRS 15,Revenue,IFRS 15
24/07/2024,CT291386,642,152,29282294.37,Giao dịch mua bán,Sales,CUST0163,VEND0073,Expense,IAS 1,Expense,IAS 1
13/12/2024,CT179494,152,211,34182368.38,Giao dịch mua bán,Finance,CUST0153,VEND0094,Asset,IAS 16,Asset,IAS 16
17/03/2024,CT262328,156,152,27628834.18,Giao dịch mua bán,HR,CUST0031,VEND0076,Asset,IAS 16,Asset,IAS 16
20/09/2024,CT268188,642,331,46795030.37,Giao dịch mua bán,Sales,CUST0027,VEND0158,Expense,IAS 1,Expense,IAS 1
23/12/2024,CT692260,111,511,32454394.08,Giao dịch mua bán,HR,CUST0180,VEND0169,Asset,IAS 16,Asset,IAS 16
27/03/2024,CT025743,511,511,9293085.6,Giao dịch mua bán,IT,CUST0148,VEND0072,Revenue,IFRS 15,Revenue,IFRS 15
16/01/2024,CT496847,211,331,19123103.22,Giao dịch mua bán,Finance,CUST0092,VEND0077,Asset,IAS 16,Asset,IAS 16
29/06/2024,CT670682,331,632,48755547.52,Giao dịch mua bán,IT,CUST0182,VEND0037,Liability,IAS 37,Liability,IAS 37
23/10/2024,CT123972,156,131,37801123.26,Giao dịch mua bán,HR,CUST0057,VEND0007,Asset,IAS 16,Asset,IAS 16
22/07/2024,CT082161,632,642,22169608.69,Giao dịch mua bán,Sales,CUST0178,VEND0079,Expense,IAS 1,Expense,IAS 1
03/04/2024,CT228013,152,111,45307426.79,Giao dịch mua bán,HR,CUST0070,VEND0112,Asset,IAS 16,Asset,IAS 16
21/11/2024,CT519855,211,152,32238125.62,Giao dịch mua bán,IT,CUST0111,VEND0030,Asset,IAS 16,Asset,IAS 16
01/06/2024,CT756321,211,214,21480121.43,Giao dịch mua bán,IT,CUST0029,VEND0162,Asset,IAS 16,Asset,IAS 16
19/10/2024,CT295053,156,331,6442949.2,Giao dịch mua bán,Production,CUST0186,VEND0128,Asset,IAS 16,Asset,IAS 16
19/04/2024,CT112946,112,214,8842542.02,Giao dịch mua bán,IT,CUST0125,VEND0170,Asset,IAS 16,Asset,IAS 16
29/10/2024,CT743950,331,152,4305514.77,Giao dịch mua bán,Sales,CUST0073,VEND0174,Liability,IAS 37,Liability,IAS 37
17/05/2024,CT732958,642,331,20570805.22,Giao dịch mua bán,Sales,CUST0187,VEND0192,Expense,IAS 1,Expense,IAS 1
25/01/2024,CT207169,331,511,5176195.52,Giao dịch mua bán,Finance,CUST0101,VEND0025,Liability,IAS 37,Liability,IAS 37
29/02/2024,CT207030,152,211,37526949.98,Giao dịch mua bán,IT,CUST0042,VEND0039,Asset,IAS 16,Asset,IAS 16
08/07/2024,CT406831,214,214,37942140.75,Giao dịch mua bán,Production,CUST0026,VEND0026,Asset,IAS 16,Asset,IAS 16
25/02/2024,CT369496,331,632,48475387.54,Giao dịch mua bán,Sales,CUST0046,VEND0150,Liability,IAS 37,Liability,IAS 37
09/01/2024,CT867217,211,131,31718662.83,Giao dịch mua bán,Finance,CUST0163,VEND0166,Asset,IAS 16,Asset,IAS 16
20/09/2024,CT571023,214,112,790865.3,Giao dịch mua bán,Finance,CUST0138,VEND0015,Asset,IAS 16,Asset,IAS 16
01/05/2024,CT164486,156,211,49072368.45,Giao dịch mua bán,Sales,CUST0015,VEND0025,Asset,IAS 16,Asset,IAS 16
24/11/2024,CT598469,211,214,46984559.61,Giao dịch mua bán,HR,CUST0199,VEND0146,Asset,IAS 16,Asset,IAS 16
04/01/2024,CT662991,112,511,32638828.23,Giao dịch mua bán,Sales,CUST0129,VEND0154,Asset,IAS 16,Asset,IAS 16
01/10/2024,CT427593,214,131,17766072.86,Giao dịch mua bán,IT,CUST0138,VEND0011,Asset,IAS 16,Asset,IAS 16
11/10/2024,CT881220,211,331,44915778.79,Giao dịch mua bán,IT,CUST0046,VEND0196,Asset,IAS 16,Asset,IAS 16
21/05/2024,CT532582,632,131,28246586.41,Giao dịch mua bán,Sales,CUST0060,VEND0006,Expense,IAS 1,Expense,IAS 1
13/03/2024,CT382230,112,131,38617605,Giao dịch mua bán,IT,CUST0013,VEND0119,Asset,IAS 16,Asset,IAS 16
30/05/2024,CT500469,211,131,17306366.59,Giao dịch mua bán,Finance,CUST0067,VEND0193,Asset,IAS 16,Asset,IAS 16
31/03/2024,CT909742,111,331,9244005.69,Giao dịch mua bán,Sales,CUST0075,VEND0171,Asset,IAS 16,Asset,IAS 16
08/09/2024,CT174453,511,152,3430952.18,Giao dịch mua bán,IT,CUST0179,VEND0161,Revenue,IFRS 15,Revenue,IFRS 15
22/11/2024,CT179625,642,111,353246.03,Giao dịch mua bán,IT,CUST0104,VEND0093,Expense,IAS 1,Expense,IAS 1
18/12/2024,CT531512,211,214,15416265.02,Giao dịch mua bán,Sales,CUST0012,VEND0164,Asset,IAS 16,Asset,IAS 16
18/12/2024,CT158500,642,152,12498073.16,Giao dịch mua bán,Sales,CUST0027,VEND0117,Expense,IAS 1,Expense,IAS 1
08/06/2024,CT771460,511,112,40252390.38,Giao dịch mua bán,Sales,CUST0125,VEND0195,Revenue,IFRS 15,Revenue,IFRS 15
15/06/2024,CT207918,214,331,35598558.81đ,Giao dịch mua bán,Production,CUST0172,VEND0144,Asset,IAS 16,Asset,IAS 16
08/11/2024,CT029538,152,112,39979827.96,Giao dịch mua bán,IT,CUST0019,VEND0028,Asset,IAS 16,Asset,IAS 16
28/04/2024,CT413909,214,111,44712312.68,Giao dịch mua bán,HR,CUST0001,VEND0044,Asset,IAS 16,Asset,IAS 16
31/01/2024,CT636167,131,131,17831075.62,Giao dịch mua bán,IT,CUST0004,VEND0077,Asset,IAS 16,Asset,IAS 16
19/03/2024,CT440093,152,111,44767938.52,Giao dịch mua bán,Production,CUST0142,VEND0159,Asset,IAS 16,Asset,IAS 16
29/03/2024,CT212551,331,156,40983763.42,Giao dịch mua bán,Finance,CUST0042,VEND0181,Liability,IAS 37,Liability,IAS 37
03/07/2024,CT162879,112,111,42165645.04,Giao dịch mua bán,Finance,CUST0124,VEND0003,Asset,IAS 16,Asset,IAS 16
07/07/2024,CT717272,331,156,29554764.37,Giao dịch mua bán,IT,CUST0104,VEND0029,Liability,IAS 37,Liability,IAS 37
29/08/2024,CT583390,331,131,16768717.93,Giao dịch mua bán,IT,CUST0169,VEND0186,Liability,IAS 37,Liability,IAS 37
26/07/2024,CT518477,156,131,25064668.5,Giao dịch mua bán,Finance,CUST0106,VEND0043,Asset,IAS 16,Asset,IAS 16
12/09/2024,CT379392,112,214,39175056.84đ,Giao dịch mua bán,IT,CUST0190,VEND0006,Asset,IAS 16,Asset,IAS 16
14/01/2024,CT301798,214,156,5598693.29,Giao dịch mua bán,Sales,CUST0035,VEND0056,Asset,IAS 16,Asset,IAS 16
12/01/2024,CT335991,642,211,28413011.96,Giao dịch mua bán,Finance,CUST0169,VEND0157,Expense,IAS 1,Expense,IAS 1
14/09/2024,CT940772,331,156,17856699.05,Giao dịch mua bán,Finance,CUST0059,VEND0113,Liability,IAS 37,Liability,IAS 37
03/05/2024,CT452100,511,214,7488865.28,Giao dịch mua bán,Sales,CUST0019,VEND0046,Revenue,IFRS 15,Revenue,IFRS 15
03/03/2024,CT782728,642,211,30097111.56,Giao dịch mua bán,Sales,CUST0152,VEND0160,Expense,IAS 1,Expense,IAS 1
21/01/2024,CT792256,112,331,15208013.11,Giao dịch mua bán,HR,CUST0030,VEND0006,Asset,IAS 16,Asset,IAS 16
29/07/2024,CT506467,112,111,24502891.98,Giao dịch mua bán,Production,CUST0043,VEND0037,Asset,IAS 16,Asset,IAS 16
11/05/2024,CT556755,112,112,44728481.19,Giao dịch mua bán,Finance,CUST0187,VEND0063,Asset,IAS 16,Asset,IAS 16
20/10/2024,CT163311,632,112,3537585.13,Giao dịch mua bán,HR,CUST0008,VEND0094,Expense,IAS 1,Expense,IAS 1
04/11/2024,CT762488,642,152,47220004.82,Giao dịch mua bán,Production,CUST0015,VEND0145,Expense,IAS 1,Expense,IAS 1
14/12/2024,CT392913,111,112,32785099.75,Giao dịch mua bán,HR,CUST0109,VEND0021,Asset,IAS 16,Asset,IAS 16
12/09/2024,CT044097,112,511,24549011.17,Giao dịch mua bán,HR,CUST0070,VEND0010,Asset,IAS 16,Asset,IAS 16
01/04/2024,CT790218,511,511,18729034.17,Giao dịch mua bán,HR,CUST0115,VEND0019,Revenue,IFRS 15,Revenue,IFRS 15
10/12/2024,CT265157,211,112,15499714.87,Giao dịch mua bán,Sales,CUST0005,VEND0001,Asset,IAS 16,Asset,IAS 16
18/07/2024,CT227324,156,214,16550034.96,Giao dịch mua bán,HR,CUST0023,VEND0130,Asset,IAS 16,Asset,IAS 16
09/08/2024,CT014484,642,642,8441931.15,Giao dịch mua bán,Finance,CUST0123,VEND0105,Expense,IAS 1,Expense,IAS 1
29/06/2024,CT733884,642,112,28379876.35,Giao dịch mua bán,Production,CUST0040,VEND0196,Expense,IAS 1,Expense,IAS 1
22/11/2024,CT662657,511,112,3136724.5,Giao dịch mua bán,Production,CUST0152,VEND0122,Revenue,IFRS 15,Revenue,IFRS 15
14/08/2024,CT041319,211,211,20579544.9,Giao dịch mua bán,Production,CUST0048,VEND0182,Asset,IAS 16,Asset,IAS 16
17/02/2024,CT616400,211,211,21200020.96,Giao dịch mua bán,IT,CUST0156,VEND0176,Asset,IAS 16,Asset,IAS 16
04/10/2024,CT082772,511,214,43059475.27,Giao dịch mua bán,IT,CUST0198,VEND0083,Revenue,IFRS 15,Revenue,IFRS 15
22/03/2024,CT163230,152,511,43836292.74,Giao dịch mua bán,IT,CUST0130,VEND0040,Asset,IAS 16,Asset,IAS 16
16/09/2024,CT431692,642,214,6333925.68,Giao dịch mua bán,Production,CUST0126,VEND0047,Expense,IAS 1,Expense,IAS 1
05/07/2024,CT562081,511,642,20288120.62,Giao dịch mua bán,Finance,CUST0008,VEND0174,Revenue,IFRS 15,Revenue,IFRS 15
11/02/2024,CT233485,112,642,41140855.97,Giao dịch mua bán,IT,CUST0098,VEND0151,Asset,IAS 16,Asset,IAS 16
17/12/2024,CT373649,642,156,41182447,Giao dịch mua bán,HR,CUST0103,VEND0049,Expense,IAS 1,Expense,IAS 1
27/08/2024,CT317287,642,214,30891315.41,Giao dịch mua bán,Sales,CUST0019,VEND0154,Expense,IAS 1,Expense,IAS 1
23/10/2024,CT835663,131,331,11478042.41,Giao dịch mua bán,Production,CUST0018,VEND0091,Asset,IAS 16,Asset,IAS 16
17/09/2024,CT028023,331,211,48340656.07,Giao dịch mua bán,IT,CUST0092,VEND0077,Liability,IAS 37,Liability,IAS 37
04/03/2024,CT415551,156,111,14480727.03,Giao dịch mua bán,Production,CUST0073,VEND0179,Asset,IAS 16,Asset,IAS 16
13/12/2024,CT302013,511,211,48518159.63,Giao dịch mua bán,IT,CUST0075,VEND0142,Revenue,IFRS 15,Revenue,IFRS 15
06/06/2024,CT597109,214,111,12813477.74,Giao dịch mua bán,Production,CUST0016,VEND0045,Asset,IAS 16,Asset,IAS 16
24/10/2024,CT044379,112,511,27865826.39,Giao dịch mua bán,Sales,CUST0139,VEND0048,Asset,IAS 16,Asset,IAS 16
15/06/2024,CT715330,112,632,19239018.01,Giao dịch mua bán,Finance,CUST0146,VEND0138,Asset,IAS 16,Asset,IAS 16
25/05/2024,CT665931,112,112,8847834.26,Giao dịch mua bán,IT,CUST0159,VEND0185,Asset,IAS 16,Asset,IAS 16
05/03/2024,CT837580,111,156,7056371.81,Giao dịch mua bán,Finance,CUST0122,VEND0125,Asset,IAS 16,Asset,IAS 16
04/12/2024,CT876283,642,214,26405681.82,Giao dịch mua bán,Production,CUST0103,VEND0177,Expense,IAS 1,Expense,IAS 1
25/06/2024,CT145936,156,112,34212824.99,Giao dịch mua bán,Sales,CUST0070,VEND0183,Asset,IAS 16,Asset,IAS 16
21/12/2024,CT446019,331,111,36129927.45,Giao dịch mua bán,HR,CUST0036,VEND0164,Liability,IAS 37,Liability,IAS 37
19/02/2024,CT054632,111,152,47832200.35,Giao dịch mua bán,Production,CUST0045,VEND0094,Asset,IAS 16,Asset,IAS 16
15/03/2024,CT851263,511,331,22672814.8,Giao dịch mua bán,HR,CUST0104,VEND0133,Revenue,IFRS 15,Revenue,IFRS 15
20/04/2024,CT912696,131,511,44786568.38,Giao dịch mua bán,Sales,CUST0021,VEND0078,Asset,IAS 16,Asset,IAS 16
24/09/2024,CT064812,156,156,30242647.47,Giao dịch mua bán,IT,CUST0149,VEND0031,Asset,IAS 16,Asset,IAS 16
13/03/2024,CT757434,112,632,11655426.45,Giao dịch mua bán,Sales,CUST0025,VEND0145,Asset,IAS 16,Asset,IAS 16
03/03/2024,CT637433,152,642,44681241.83,Giao dịch mua bán,Production,CUST0099,VEND0176,Asset,IAS 16,Asset,IAS 16
30/01/2024,CT689627,211,156,47469354.96,Giao dịch mua bán,Finance,CUST0054,VEND0096,Asset,IAS 16,Asset,IAS 16
09/12/2024,CT541468,214,131,6230790.62,Giao dịch mua bán,HR,CUST0128,VEND0126,Asset,IAS 16,Asset,IAS 16
12/06/2024,CT115986,331,214,4505297.24,Giao dịch mua bán,HR,CUST0012,VEND0150,Liability,IAS 37,Liability,IAS 37
30/12/2024,CT432983,152,152,30508712.3,Giao dịch mua bán,IT,CUST0074,VEND0028,Asset,IAS 16,Asset,IAS 16
26/08/2024,CT794934,211,331,17626612.57,Giao dịch mua bán,Finance,CUST0015,VEND0133,Asset,IAS 16,Asset,IAS 16
26/01/2024,CT621137,331,111,6374839.41,Giao dịch mua bán,IT,CUST0014,VEND0107,Liability,IAS 37,Liability,IAS 37
25/12/2024,CT690021,111,152,18273641.31,Giao dịch mua bán,IT,CUST0056,VEND0105,Asset,IAS 16,Asset,IAS 16
30/12/2024,CT717245,214,331,21550125.07,Giao dịch mua bán,Sales,CUST0003,VEND0130,Asset,IAS 16,Asset,IAS 16
02/01/2024,CT593417,214,331,21870265.84,Giao dịch mua bán,Finance,CUST0005,VEND0075,Asset,IAS 16,Asset,IAS 16
06/09/2024,CT218753,632,152,20114860.96,Giao dịch mua bán,IT,CUST0054,VEND0128,Expense,IAS 1,Expense,IAS 1
06/12/2024,CT909724,331,642,1050978.25,Giao dịch mua bán,Production,CUST0076,VEND0165,Liability,IAS 37,Liability,IAS 37
15/03/2024,CT488812,214,511,8953952.63,Giao dịch mua bán,Production,CUST0059,VEND0195,Asset,IAS 16,Asset,IAS 16
15/07/2024,CT414628,111,214,22046810.49,Giao dịch mua bán,Production,CUST0099,VEND0111,Asset,IAS 16,Asset,IAS 16
19/08/2024,CT553079,112,642,39788819.09,Giao dịch mua bán,IT,CUST0113,VEND0128,Asset,IAS 16,Asset,IAS 16
19/02/2024,CT897014,511,632,38925381.47,Giao dịch mua bán,Finance,CUST0140,VEND0107,Revenue,IFRS 15,Revenue,IFRS 15
24/09/2024,CT619251,112,511,26090255.69,Giao dịch mua bán,Finance,CUST0025,VEND0009,Asset,IAS 16,Asset,IAS 16
25/08/2024,CT748196,131,112,28832680.38,Giao dịch mua bán,HR,CUST0116,VEND0138,Asset,IAS 16,Asset,IAS 16
24/12/2024,CT586408,111,152,41368718.3,Giao dịch mua bán,IT,CUST0054,VEND0161,Asset,IAS 16,Asset,IAS 16
26/04/2024,CT412800,214,156,10038600.2,Giao dịch mua bán,Production,CUST0072,VEND0174,Asset,IAS 16,Asset,IAS 16
30/06/2024,CT805078,156,331,44588266.78,Giao dịch mua bán,Sales,CUST0080,VEND0114,Asset,IAS 16,Asset,IAS 16
27/08/2024,CT752167,511,156,26088430.74,Giao dịch mua bán,Production,CUST0049,VEND0143,Revenue,IFRS 15,Revenue,IFRS 15
26/05/2024,CT901255,112,156,15860598.26,Giao dịch mua bán,HR,CUST0170,VEND0071,Asset,IAS 16,Asset,IAS 16
21/03/2024,CT721038,112,511,5361797.8,Giao dịch mua bán,Sales,CUST0167,VEND0029,Asset,IAS 16,Asset,IAS 16
17/04/2024,CT293163,131,112,44482259.55,Giao dịch mua bán,Production,CUST0096,VEND0169,Asset,IAS 16,Asset,IAS 16
09/07/2024,CT247105,156,632,47522699.99,Giao dịch mua bán,HR,CUST0180,VEND0043,Asset,IAS 16,Asset,IAS 16
01/01/2024,CT667982,211,214,32778573.56,Giao dịch mua bán,Finance,CUST0034,VEND0063,Asset,IAS 16,Asset,IAS 16
08/09/2024,CT295622,331,111,1955865.55,Giao dịch mua bán,Production,CUST0030,VEND0095,Liability,IAS 37,Liability,IAS 37
14/10/2024,CT907193,152,511,20811939.47,Giao dịch mua bán,HR,CUST0187,VEND0141,Asset,IAS 16,Asset,IAS 16
30/01/2024,CT919378,331,211,6855589.97,Giao dịch mua bán,IT,CUST0067,VEND0095,Liability,IAS 37,Liability,IAS 37
30/07/2024,CT848348,131,131,34017965.86,Giao dịch mua bán,IT,CUST0102,VEND0129,Asset,IAS 16,Asset,IAS 16
23/09/2024,CT308980,642,211,48475020.36,Giao dịch mua bán,Finance,CUST0150,VEND0037,Expense,IAS 1,Expense,IAS 1
25/05/2024,CT585628,152,152,22321999.22,Giao dịch mua bán,HR,CUST0002,VEND0121,Asset,IAS 16,Asset,IAS 16
22/06/2024,CT035235,511,112,29531086,Giao dịch mua bán,HR,CUST0080,VEND0101,Revenue,IFRS 15,Revenue,IFRS 15
14/07/2024,CT140620,211,331,2840444.4,Giao dịch mua bán,Production,CUST0081,VEND0140,Asset,IAS 16,Asset,IAS 16
02/03/2024,CT710721,214,511,32915519.15,Giao dịch mua bán,IT,CUST0135,VEND0190,Asset,IAS 16,Asset,IAS 16
19/03/2024,CT064560,632,632,22225738.56,Giao dịch mua bán,HR,CUST0072,VEND0072,Expense,IAS 1,Expense,IAS 1
31/10/2024,CT205977,331,112,20251644.72,Giao dịch mua bán,IT,CUST0031,VEND0064,Liability,IAS 37,Liability,IAS 37
07/12/2024,CT010585,112,156,46299241.27,Giao dịch mua bán,Sales,CUST0055,VEND0064,Asset,IAS 16,Asset,IAS 16
04/03/2024,CT036436,131,112,28666579.18,Giao dịch mua bán,Finance,CUST0086,VEND0111,Asset,IAS 16,Asset,IAS 16
10/10/2024,CT416998,632,131,516191.7,Giao dịch mua bán,Finance,CUST0133,VEND0173,Expense,IAS 1,Expense,IAS 1
21/08/2024,CT845315,632,111,17181806.83,Giao dịch mua bán,HR,CUST0037,VEND0122,Expense,IAS 1,Expense,IAS 1
13/03/2024,CT634758,642,131,5932905.24,Giao dịch mua bán,HR,CUST0047,VEND0159,Expense,IAS 1,Expense,IAS 1
02/07/2024,CT096682,131,632,39451030.86,Giao dịch mua bán,Production,CUST0050,VEND0030,Asset,IAS 16,Asset,IAS 16
10/02/2024,CT136699,152,511,8781309.98,Giao dịch mua bán,Sales,CUST0125,VEND0036,Asset,IAS 16,Asset,IAS 16
22/09/2024,CT941744,152,632,18492590.68,Giao dịch mua bán,Finance,CUST0079,VEND0135,Asset,IAS 16,Asset,IAS 16
15/06/2024,CT340382,152,331,6736394.13,Giao dịch mua bán,HR,CUST0047,VEND0045,Asset,IAS 16,Asset,IAS 16
31/07/2024,CT671470,131,642,45156690.51,Giao dịch mua bán,IT,CUST0024,VEND0148,Asset,IAS 16,Asset,IAS 16
27/09/2024,CT471990,642,152,42811158.35,Giao dịch mua bán,IT,CUST0116,VEND0032,Expense,IAS 1,Expense,IAS 1
29/06/2024,CT015339,152,642,8415144.5,Giao dịch mua bán,Sales,CUST0147,VEND0026,Asset,IAS 16,Asset,IAS 16
25/06/2024,CT945461,152,211,10050580.58,Giao dịch mua bán,HR,CUST0024,VEND0054,Asset,IAS 16,Asset,IAS 16
20/07/2024,CT809274,632,211,2480951.74,Giao dịch mua bán,HR,CUST0154,VEND0200,Expense,IAS 1,Expense,IAS 1
25/07/2024,CT872663,211,632,43552049.75,Giao dịch mua bán,HR,CUST0079,VEND0132,Asset,IAS 16,Asset,IAS 16
09/07/2024,CT546436,214,152,18096767.39,Giao dịch mua bán,Finance,CUST0151,VEND0009,Asset,IAS 16,Asset,IAS 16
