InvoiceNO,InvoiceAmt,ShipDate,InvoiceDate,VendorID,VendorName,ProductID,UnitCost,ShipCost,FlatDuty,TariffAmt,ShipLocation,QualityRate,PaymentTerms,ShipTerms,PayAddress,PONumber,PODate,ReceivingNumber,ReceivingDate,QtyReceived,QtyPurchased,QtyInvoice,Approved
INV00001,31958.45,2025-01-28,2025-01-28,V104,China Auto,PROD163,317.03,309.71,25.0,1505.89,China,3,Net 30,FOB Shipping Point,123 China Blvd,PO0001,2025-01-17,REC00001,2025-02-01,95,95,95,Yes
INV00002,33896.61,2025-07-31,2025-07-31,V101,Global Tech Parts,PROD727,290.56,482.21,0.0,0.0,USA,2,Net 30,FOB Destination,123 USA Blvd,PO0002,2025-07-18,REC00002,2025-08-03,115,115,115,No
INV00003,13771.43,2025-03-29,2025-03-29,V103,Euro Wheels,PROD830,45.82,371.57,25.0,636.9,Germany,4,Net 60,FOB Destination,123 Germany Blvd,PO0003,2025-03-16,REC00003,2025-03-31,278,278,278,Yes
INV00004,6028.55,2025-02-13,2025-02-13,V103,Euro Wheels,PROD473,87.98,276.05,25.0,272.74,Germany,5,Net 60,FOB Destination,123 Germany Blvd,PO0004,2025-01-29,REC00004,2025-02-18,62,62,62,Yes
INV00005,3122.85,2025-01-27,2025-01-27,V101,Global Tech Parts,PROD619,39.74,380.79,0.0,0.0,USA,2,Net 30,FOB Destination,123 USA Blvd,PO0005,2025-01-19,REC00005,2025-02-02,69,69,69,No
INV00006,14583.68,2025-02-27,2025-02-27,V102,Asia Motors,PROD704,43.23,441.92,25.0,672.23,Japan,5,Net 45,FOB Shipping Point,123 Japan Blvd,PO0006,2025-02-12,REC00006,2025-03-02,311,311,311,Yes
INV00007,92684.29,2025-12-21,2025-12-21,V103,Euro Wheels,PROD621,318.4,386.97,25.0,4393.92,Germany,4,Net 60,FOB Destination,123 Germany Blvd,PO0007,2025-12-07,REC00007,2025-12-23,276,276,276,Yes
INV00008,146470.24,2025-11-29,2025-11-29,V103,Euro Wheels,PROD873,487.14,157.1,25.0,6966.1,Germany,4,Net 60,FOB Destination,123 Germany Blvd,PO0008,2025-11-18,REC00008,2025-12-04,286,286,286,Yes
INV00009,229287.74,2025-02-28,2025-02-28,V104,China Auto,PROD671,442.99,414.11,25.0,10897.55,China,5,Net 30,FOB Shipping Point,123 China Blvd,PO0009,2025-02-20,REC00009,2025-03-04,492,492,492,Yes
INV00010,84181.54,2025-11-23,2025-11-23,V102,Asia Motors,PROD142,251.5,444.76,25.0,3986.28,Japan,5,Net 45,FOB Shipping Point,123 Japan Blvd,PO0010,2025-11-13,REC00010,2025-11-26,317,317,317,Yes
INV00011,14960.22,2025-02-11,2025-02-11,V104,China Auto,PROD633,416.78,56.17,25.0,708.53,China,2,Net 30,FOB Shipping Point,123 China Blvd,PO0011,2025-02-06,REC00011,2025-02-16,34,34,34,No
INV00012,50378.54,2025-11-07,2025-11-07,V104,China Auto,PROD601,102.79,382.18,25.0,2379.59,China,3,Net 30,FOB Shipping Point,123 China Blvd,PO0012,2025-10-24,REC00012,2025-11-09,463,463,463,Yes
INV00013,3294.72,2025-04-08,2025-04-08,V101,Global Tech Parts,PROD430,97.76,68.64,0.0,0.0,USA,1,Net 30,FOB Destination,123 USA Blvd,PO0013,2025-03-28,REC00013,2025-04-15,33,33,33,No
INV00014,20889.82,2025-06-12,2025-06-12,V104,China Auto,PROD287,71.44,311.53,25.0,978.73,China,1,Net 30,FOB Shipping Point,123 China Blvd,PO0014,2025-05-28,REC00014,2025-06-19,274,274,274,No
INV00015,68819.82,2025-03-31,2025-03-31,V103,Euro Wheels,PROD495,433.31,93.52,25.0,3271.49,Germany,2,Net 60,FOB Destination,123 Germany Blvd,PO0015,2025-03-18,REC00015,2025-04-05,151,151,151,No
INV00016,89922.29,2025-05-08,2025-05-08,V104,China Auto,PROD826,196.91,372.16,25.0,4263.1,China,3,Net 30,FOB Shipping Point,123 China Blvd,PO0016,2025-04-28,REC00016,2025-05-10,433,433,433,Yes
INV00017,96347.08,2025-04-14,2025-04-14,V103,Euro Wheels,PROD365,322.16,253.97,25.0,4574.67,Germany,1,Net 60,FOB Destination,123 Germany Blvd,PO0017,2025-04-02,REC00017,2025-04-17,284,284,284,No
INV00018,20336.26,2025-11-19,2025-11-19,V103,Euro Wheels,PROD591,223.25,386.2,25.0,948.81,Germany,1,Net 60,FOB Destination,123 Germany Blvd,PO0018,2025-11-07,REC00018,2025-11-25,85,85,85,No
INV00019,58197.3,2025-07-24,2025-07-24,V103,Euro Wheels,PROD125,203.49,55.56,25.0,2767.46,Germany,5,Net 60,FOB Destination,123 Germany Blvd,PO0019,2025-07-16,REC00019,2025-07-30,272,272,272,Yes
INV00020,75813.43,2025-04-11,2025-04-11,V102,Asia Motors,PROD183,283.72,120.31,25.0,3603.24,Japan,1,Net 45,FOB Shipping Point,123 Japan Blvd,PO0020,2025-04-04,REC00020,2025-04-16,254,254,254,No
INV00021,150974.41,2025-11-24,2025-11-24,V104,China Auto,PROD246,452.39,371.4,25.0,7170.38,China,5,Net 30,FOB Shipping Point,123 China Blvd,PO0021,2025-11-17,REC00021,2025-11-28,317,317,317,Yes
INV00022,7770.89,2025-06-14,2025-06-14,V104,China Auto,PROD210,73.9,374.36,25.0,351.03,China,5,Net 30,FOB Shipping Point,123 China Blvd,PO0022,2025-06-05,REC00022,2025-06-17,95,95,95,Yes
INV00023,110877.27,2025-04-23,2025-04-23,V102,Asia Motors,PROD701,419.31,343.12,25.0,5262.34,Japan,2,Net 45,FOB Shipping Point,123 Japan Blvd,PO0023,2025-04-15,REC00023,2025-04-28,251,251,251,No
INV00024,20718.92,2025-03-11,2025-03-11,V101,Global Tech Parts,PROD272,426.23,259.88,0.0,0.0,USA,4,Net 30,FOB Destination,123 USA Blvd,PO0024,2025-02-26,REC00024,2025-03-18,48,48,48,Yes
INV00025,7232.84,2025-05-01,2025-05-01,V101,Global Tech Parts,PROD648,49.49,205.26,0.0,0.0,USA,2,Net 30,FOB Destination,123 USA Blvd,PO0025,2025-04-21,REC00025,2025-05-04,142,142,142,No
INV00026,67771.25,2025-07-14,2025-07-14,V102,Asia Motors,PROD170,164.3,465.4,25.0,3203.85,Japan,4,Net 45,FOB Shipping Point,123 Japan Blvd,PO0026,2025-07-07,REC00026,2025-07-20,390,390,390,Yes
INV00027,6621.97,2025-06-30,2025-06-30,V103,Euro Wheels,PROD586,72.54,351.28,25.0,297.41,Germany,5,Net 60,FOB Destination,123 Germany Blvd,PO0027,2025-06-15,REC00027,2025-07-07,82,82,82,Yes
INV00028,104965.59,2025-12-27,2025-12-27,V101,Global Tech Parts,PROD733,464.32,493.59,0.0,0.0,USA,3,Net 30,FOB Destination,123 USA Blvd,PO0028,2025-12-13,REC00028,2026-01-01,225,225,225,Yes
INV00029,32735.29,2025-08-02,2025-08-02,V101,Global Tech Parts,PROD905,225.98,194.17,0.0,0.0,USA,2,Net 30,FOB Destination,123 USA Blvd,PO0029,2025-07-19,REC00029,2025-08-04,144,144,144,No
INV00030,29129.57,2025-09-22,2025-09-22,V103,Euro Wheels,PROD535,395.98,415.82,25.0,1366.13,Germany,1,Net 60,FOB Destination,123 Germany Blvd,PO0030,2025-09-14,REC00030,2025-09-28,69,69,69,No
INV00031,20776.1,2025-08-11,2025-08-11,V102,Asia Motors,PROD409,241.98,424.78,25.0,967.92,Japan,3,Net 45,FOB Shipping Point,123 Japan Blvd,PO0031,2025-08-06,REC00031,2025-08-17,80,80,80,Yes
INV00032,48773.35,2025-02-20,2025-02-20,V101,Global Tech Parts,PROD715,126.98,266.99,0.0,0.0,USA,1,Net 30,FOB Destination,123 USA Blvd,PO0032,2025-02-06,REC00032,2025-02-26,382,382,382,No
INV00033,166322.9,2025-12-06,2025-12-06,V101,Global Tech Parts,PROD270,350.0,72.9,0.0,0.0,USA,2,Net 30,FOB Destination,123 USA Blvd,PO0033,2025-11-21,REC00033,2025-12-11,475,475,475,No
INV00034,64378.25,2025-03-05,2025-03-05,V101,Global Tech Parts,PROD949,142.9,73.25,0.0,0.0,USA,1,Net 30,FOB Destination,123 USA Blvd,PO0034,2025-02-27,REC00034,2025-03-11,450,450,450,No
INV00035,47513.81,2025-08-31,2025-08-31,V104,China Auto,PROD163,310.3,245.63,25.0,2249.68,China,1,Net 30,FOB Shipping Point,123 China Blvd,PO0035,2025-08-16,REC00035,2025-09-02,145,145,145,No
INV00036,52436.86,2025-12-27,2025-12-27,V103,Euro Wheels,PROD474,408.7,57.39,25.0,2493.07,Germany,5,Net 60,FOB Destination,123 Germany Blvd,PO0036,2025-12-17,REC00036,2026-01-01,122,122,122,Yes
INV00037,49864.35,2025-02-14,2025-02-14,V101,Global Tech Parts,PROD210,298.37,334.93,0.0,0.0,USA,3,Net 30,FOB Destination,123 USA Blvd,PO0037,2025-01-30,REC00037,2025-02-16,166,166,166,Yes
INV00038,143981.4,2025-07-16,2025-07-16,V101,Global Tech Parts,PROD185,439.06,408.78,0.0,0.0,USA,3,Net 30,FOB Destination,123 USA Blvd,PO0038,2025-07-01,REC00038,2025-07-22,327,327,327,Yes
INV00039,174637.24,2025-04-21,2025-04-21,V101,Global Tech Parts,PROD855,368.37,398.23,0.0,0.0,USA,2,Net 30,FOB Destination,123 USA Blvd,PO0039,2025-04-13,REC00039,2025-04-23,473,473,473,No
INV00040,78328.46,2025-05-24,2025-05-24,V103,Euro Wheels,PROD719,465.55,91.06,25.0,3724.4,Germany,4,Net 60,FOB Destination,123 Germany Blvd,PO0040,2025-05-09,REC00040,2025-05-28,160,160,160,Yes
INV00041,114083.91,2025-10-24,2025-10-24,V102,Asia Motors,PROD884,260.15,425.39,25.0,5411.12,Japan,5,Net 45,FOB Shipping Point,123 Japan Blvd,PO0041,2025-10-11,REC00041,2025-10-26,416,416,416,Yes
INV00042,18579.23,2025-07-25,2025-07-25,V103,Euro Wheels,PROD178,310.45,299.77,25.0,869.26,Germany,4,Net 60,FOB Destination,123 Germany Blvd,PO0042,2025-07-11,REC00042,2025-07-28,56,56,56,Yes
INV00043,7714.84,2025-02-11,2025-02-11,V101,Global Tech Parts,PROD359,272.81,76.16,0.0,0.0,USA,3,Net 30,FOB Destination,123 USA Blvd,PO0043,2025-01-30,REC00043,2025-02-13,28,28,28,Yes
INV00044,125913.78,2025-12-24,2025-12-24,V104,China Auto,PROD388,434.83,331.62,25.0,5978.91,China,4,Net 30,FOB Shipping Point,123 China Blvd,PO0044,2025-12-13,REC00044,2025-12-26,275,275,275,Yes
INV00045,29531.35,2025-09-16,2025-09-16,V103,Euro Wheels,PROD655,62.11,224.59,25.0,1394.37,Germany,2,Net 60,FOB Destination,123 Germany Blvd,PO0045,2025-09-10,REC00045,2025-09-22,449,449,449,No
INV00046,180826.53,2025-05-29,2025-05-29,V101,Global Tech Parts,PROD285,408.21,397.71,0.0,0.0,USA,1,Net 30,FOB Destination,123 USA Blvd,PO0046,2025-05-14,REC00046,2025-06-02,442,442,442,No
INV00047,72663.1,2025-08-26,2025-08-26,V102,Asia Motors,PROD764,206.06,372.86,25.0,3441.2,Japan,4,Net 45,FOB Shipping Point,123 Japan Blvd,PO0047,2025-08-13,REC00047,2025-09-01,334,334,334,Yes
INV00048,23143.25,2025-05-21,2025-05-21,V104,China Auto,PROD375,127.04,441.61,25.0,1079.84,China,3,Net 30,FOB Shipping Point,123 China Blvd,PO0048,2025-05-10,REC00048,2025-05-23,170,170,170,Yes
INV00049,13264.79,2025-02-03,2025-02-03,V101,Global Tech Parts,PROD252,62.83,133.32,0.0,0.0,USA,4,Net 30,FOB Destination,123 USA Blvd,PO0049,2025-01-22,REC00049,2025-02-07,209,209,209,Yes
INV00050,12330.56,2025-06-23,2025-06-23,V102,Asia Motors,PROD885,478.84,238.79,25.0,574.61,Japan,1,Net 45,FOB Shipping Point,123 Japan Blvd,PO0050,2025-06-17,REC00050,2025-06-29,24,24,24,No
INV00051,12835.92,2025-10-16,2025-10-16,V101,Global Tech Parts,PROD466,67.35,376.17,0.0,0.0,USA,5,Net 30,FOB Destination,123 USA Blvd,PO0051,2025-10-02,REC00051,2025-10-23,185,185,185,Yes
INV00052,7513.54,2025-07-14,2025-07-14,V102,Asia Motors,PROD246,117.36,464.54,25.0,334.48,Japan,4,Net 45,FOB Shipping Point,123 Japan Blvd,PO0052,2025-07-07,REC00052,2025-07-20,57,57,57,Yes
INV00053,7928.61,2025-05-14,2025-05-14,V103,Euro Wheels,PROD713,352.52,130.54,25.0,370.15,Germany,3,Net 60,FOB Destination,123 Germany Blvd,PO0053,2025-04-30,REC00053,2025-05-20,21,21,21,Yes
INV00054,77205.45,2025-02-13,2025-02-13,V103,Euro Wheels,PROD445,207.58,458.88,25.0,3653.41,Germany,5,Net 60,FOB Destination,123 Germany Blvd,PO0054,2025-02-07,REC00054,2025-02-19,352,352,352,Yes
INV00055,39737.73,2025-05-22,2025-05-22,V102,Asia Motors,PROD826,398.24,406.44,25.0,1871.73,Japan,1,Net 45,FOB Shipping Point,123 Japan Blvd,PO0055,2025-05-14,REC00055,2025-05-28,94,94,94,No
INV00056,51806.21,2025-12-05,2025-12-05,V103,Euro Wheels,PROD191,243.21,451.74,25.0,2444.26,Germany,5,Net 60,FOB Destination,123 Germany Blvd,PO0056,2025-11-27,REC00056,2025-12-08,201,201,201,Yes
INV00057,162657.94,2025-03-08,2025-03-08,V103,Euro Wheels,PROD976,392.34,321.88,25.0,7729.1,Germany,2,Net 60,FOB Destination,123 Germany Blvd,PO0057,2025-02-21,REC00057,2025-03-10,394,394,394,No
INV00058,228868.62,2025-09-15,2025-09-15,V102,Asia Motors,PROD177,452.72,197.38,25.0,10887.92,Japan,2,Net 45,FOB Shipping Point,123 Japan Blvd,PO0058,2025-09-07,REC00058,2025-09-22,481,481,481,No
INV00059,151557.98,2025-06-03,2025-06-03,V102,Asia Motors,PROD537,456.44,86.19,25.0,7211.75,Japan,5,Net 45,FOB Shipping Point,123 Japan Blvd,PO0059,2025-05-29,REC00059,2025-06-07,316,316,316,Yes
INV00060,125713.66,2025-07-25,2025-07-25,V102,Asia Motors,PROD649,367.63,234.92,25.0,5973.99,Japan,5,Net 45,FOB Shipping Point,123 Japan Blvd,PO0060,2025-07-19,REC00060,2025-07-27,325,325,325,Yes
INV00061,74004.84,2026-01-05,2026-01-05,V103,Euro Wheels,PROD984,371.21,313.22,25.0,3507.93,Germany,1,Net 60,FOB Destination,123 Germany Blvd,PO0061,2025-12-22,REC00061,2026-01-09,189,189,189,No
INV00062,35595.04,2025-12-03,2025-12-03,V101,Global Tech Parts,PROD187,206.36,101.12,0.0,0.0,USA,1,Net 30,FOB Destination,123 USA Blvd,PO0062,2025-11-26,REC00062,2025-12-06,172,172,172,No
INV00063,49746.05,2025-10-30,2025-10-30,V102,Asia Motors,PROD207,128.02,388.54,25.0,2349.17,Japan,5,Net 45,FOB Shipping Point,123 Japan Blvd,PO0063,2025-10-25,REC00063,2025-11-06,367,367,367,Yes
INV00064,24311.52,2025-11-01,2025-11-01,V102,Asia Motors,PROD919,90.51,52.47,25.0,1154.0,Japan,4,Net 45,FOB Shipping Point,123 Japan Blvd,PO0064,2025-10-17,REC00064,2025-11-04,255,255,255,Yes
INV00065,3635.57,2025-05-04,2025-05-04,V103,Euro Wheels,PROD658,19.22,361.43,25.0,154.72,Germany,5,Net 60,FOB Destination,123 Germany Blvd,PO0065,2025-04-25,REC00065,2025-05-07,161,161,161,Yes
INV00066,120426.64,2025-01-20,2025-01-20,V101,Global Tech Parts,PROD878,253.3,109.14,0.0,0.0,USA,4,Net 30,FOB Destination,123 USA Blvd,PO0066,2025-01-15,REC00066,2025-01-22,475,475,475,Yes
INV00067,23858.56,2025-11-22,2025-11-22,V101,Global Tech Parts,PROD631,63.89,219.26,0.0,0.0,USA,1,Net 30,FOB Destination,123 USA Blvd,PO0067,2025-11-08,REC00067,2025-11-25,370,370,370,No
INV00068,186671.73,2025-09-04,2025-09-04,V104,China Auto,PROD706,439.68,134.47,25.0,8881.54,China,3,Net 30,FOB Shipping Point,123 China Blvd,PO0068,2025-08-23,REC00068,2025-09-06,404,404,404,Yes
INV00069,122646.03,2025-09-10,2025-09-10,V104,China Auto,PROD621,237.45,203.68,25.0,5829.4,China,3,Net 30,FOB Shipping Point,123 China Blvd,PO0069,2025-08-28,REC00069,2025-09-15,491,491,491,Yes
INV00070,106366.08,2025-07-28,2025-07-28,V101,Global Tech Parts,PROD650,494.93,451.06,0.0,0.0,USA,3,Net 30,FOB Destination,123 USA Blvd,PO0070,2025-07-21,REC00070,2025-07-31,214,214,214,Yes
INV00071,49503.28,2025-12-07,2025-12-07,V103,Euro Wheels,PROD848,178.43,204.84,25.0,2346.35,Germany,3,Net 60,FOB Destination,123 Germany Blvd,PO0071,2025-11-24,REC00071,2025-12-09,263,263,263,Yes
INV00072,76020.9,2025-10-31,2025-10-31,V101,Global Tech Parts,PROD388,176.58,444.66,0.0,0.0,USA,2,Net 30,FOB Destination,123 USA Blvd,PO0072,2025-10-25,REC00072,2025-11-07,428,428,428,No
INV00073,150302.78,2025-05-04,2025-05-04,V103,Euro Wheels,PROD735,407.64,470.08,25.0,7133.7,Germany,1,Net 60,FOB Destination,123 Germany Blvd,PO0073,2025-04-22,REC00073,2025-05-10,350,350,350,No
INV00074,17423.39,2025-01-19,2025-01-19,V101,Global Tech Parts,PROD629,37.04,125.71,0.0,0.0,USA,5,Net 30,FOB Destination,123 USA Blvd,PO0074,2025-01-13,REC00074,2025-01-26,467,467,467,Yes
INV00075,10140.47,2025-09-13,2025-09-13,V104,China Auto,PROD235,168.02,235.89,25.0,470.46,China,2,Net 30,FOB Shipping Point,123 China Blvd,PO0075,2025-08-30,REC00075,2025-09-19,56,56,56,No
INV00076,153901.93,2025-11-01,2025-11-01,V103,Euro Wheels,PROD712,438.05,252.79,25.0,7315.44,Germany,4,Net 60,FOB Destination,123 Germany Blvd,PO0076,2025-10-21,REC00076,2025-11-06,334,334,334,Yes
INV00077,75670.96,2025-11-24,2025-11-24,V103,Euro Wheels,PROD152,171.7,467.12,25.0,3579.94,Germany,2,Net 60,FOB Destination,123 Germany Blvd,PO0077,2025-11-13,REC00077,2025-11-28,417,417,417,No
INV00078,107241.15,2025-09-04,2025-09-04,V101,Global Tech Parts,PROD221,246.88,95.23,0.0,0.0,USA,4,Net 30,FOB Destination,123 USA Blvd,PO0078,2025-08-28,REC00078,2025-09-09,434,434,434,Yes
INV00079,39131.84,2025-05-30,2025-05-30,V104,China Auto,PROD463,360.41,128.5,25.0,1856.11,China,4,Net 30,FOB Shipping Point,123 China Blvd,PO0079,2025-05-24,REC00079,2025-06-06,103,103,103,Yes
INV00080,224143.37,2025-02-04,2025-02-04,V101,Global Tech Parts,PROD417,494.67,57.86,0.0,0.0,USA,3,Net 30,FOB Destination,123 USA Blvd,PO0080,2025-01-22,REC00080,2025-02-11,453,453,453,Yes
INV00081,197677.82,2025-03-27,2025-03-27,V102,Asia Motors,PROD285,386.79,273.88,25.0,9399.0,Japan,2,Net 45,FOB Shipping Point,123 Japan Blvd,PO0081,2025-03-14,REC00081,2025-04-01,486,486,486,No
INV00082,25204.83,2026-01-04,2026-01-04,V101,Global Tech Parts,PROD762,216.15,347.58,0.0,0.0,USA,1,Net 30,FOB Destination,123 USA Blvd,PO0082,2025-12-20,REC00082,2026-01-06,115,115,115,No
INV00083,30562.5,2025-01-18,2025-01-18,V103,Euro Wheels,PROD107,301.4,156.38,25.0,1446.72,Germany,1,Net 60,FOB Destination,123 Germany Blvd,PO0083,2025-01-06,REC00083,2025-01-25,96,96,96,No
INV00084,19716.38,2025-07-31,2025-07-31,V104,China Auto,PROD862,86.99,418.75,25.0,917.74,China,5,Net 30,FOB Shipping Point,123 China Blvd,PO0084,2025-07-17,REC00084,2025-08-04,211,211,211,Yes
INV00085,404.58,2025-05-21,2025-05-21,V101,Global Tech Parts,PROD274,10.21,292.27,0.0,0.0,USA,1,Net 30,FOB Destination,123 USA Blvd,PO0085,2025-05-09,REC00085,2025-05-26,11,11,11,No
INV00086,35230.7,2025-10-17,2025-10-17,V104,China Auto,PROD600,82.0,249.1,25.0,1664.6,China,1,Net 30,FOB Shipping Point,123 China Blvd,PO0086,2025-10-05,REC00086,2025-10-23,406,406,406,No
INV00087,223381.32,2025-05-26,2025-05-26,V104,China Auto,PROD913,478.3,372.86,25.0,10618.26,China,3,Net 30,FOB Shipping Point,123 China Blvd,PO0087,2025-05-19,REC00087,2025-06-01,444,444,444,Yes
INV00088,52823.91,2025-05-13,2025-05-13,V101,Global Tech Parts,PROD557,485.78,359.67,0.0,0.0,USA,1,Net 30,FOB Destination,123 USA Blvd,PO0088,2025-05-08,REC00088,2025-05-19,108,108,108,No
INV00089,36374.02,2025-08-07,2025-08-07,V102,Asia Motors,PROD643,82.51,395.29,25.0,1712.08,Japan,5,Net 45,FOB Shipping Point,123 Japan Blvd,PO0089,2025-07-25,REC00089,2025-08-11,415,415,415,Yes
INV00090,194398.91,2025-08-09,2025-08-09,V103,Euro Wheels,PROD707,478.0,138.61,25.0,9249.3,Germany,4,Net 60,FOB Destination,123 Germany Blvd,PO0090,2025-08-01,REC00090,2025-08-15,387,387,387,Yes
INV00091,1511.78,2025-06-25,2025-06-25,V101,Global Tech Parts,PROD738,16.77,52.79,0.0,0.0,USA,4,Net 30,FOB Destination,123 USA Blvd,PO0091,2025-06-18,REC00091,2025-06-29,87,87,87,Yes
INV00092,15982.05,2025-12-20,2025-12-20,V102,Asia Motors,PROD603,100.83,182.2,25.0,751.18,Japan,2,Net 45,FOB Shipping Point,123 Japan Blvd,PO0092,2025-12-06,REC00092,2025-12-24,149,149,149,No
INV00093,108198.84,2025-08-11,2025-08-11,V103,Euro Wheels,PROD824,357.84,338.76,25.0,5135.0,Germany,3,Net 60,FOB Destination,123 Germany Blvd,PO0093,2025-08-03,REC00093,2025-08-14,287,287,287,Yes
INV00094,79255.08,2025-10-10,2025-10-10,V103,Euro Wheels,PROD591,354.48,322.83,25.0,3757.49,Germany,1,Net 60,FOB Destination,123 Germany Blvd,PO0094,2025-09-28,REC00094,2025-10-14,212,212,212,No
INV00095,28420.38,2025-09-11,2025-09-11,V104,China Auto,PROD852,303.11,69.75,25.0,1348.84,China,2,Net 30,FOB Shipping Point,123 China Blvd,PO0095,2025-09-04,REC00095,2025-09-18,89,89,89,No
INV00096,5999.5,2025-08-07,2025-08-07,V104,China Auto,PROD299,171.42,394.78,25.0,265.7,China,4,Net 30,FOB Shipping Point,123 China Blvd,PO0096,2025-07-27,REC00096,2025-08-10,31,31,31,Yes
INV00097,37190.89,2025-07-03,2025-07-03,V104,China Auto,PROD792,455.59,331.44,25.0,1754.02,China,4,Net 30,FOB Shipping Point,123 China Blvd,PO0097,2025-06-25,REC00097,2025-07-06,77,77,77,Yes
INV00098,20820.75,2025-04-27,2025-04-27,V103,Euro Wheels,PROD625,100.37,139.6,25.0,983.63,Germany,1,Net 60,FOB Destination,123 Germany Blvd,PO0098,2025-04-18,REC00098,2025-05-03,196,196,196,No
INV00099,46926.66,2025-02-10,2025-02-10,V101,Global Tech Parts,PROD116,257.42,76.22,0.0,0.0,USA,4,Net 30,FOB Destination,123 USA Blvd,PO0099,2025-02-02,REC00099,2025-02-16,182,182,182,Yes
INV00100,35246.58,2026-01-03,2026-01-03,V103,Euro Wheels,PROD720,248.04,61.91,25.0,1674.27,Germany,5,Net 60,FOB Destination,123 Germany Blvd,PO0100,2025-12-28,REC00100,2026-01-08,135,135,135,Yes
INV00101,154036.74,2025-10-03,2025-10-03,V102,Asia Motors,PROD590,352.42,444.72,25.0,7312.72,Japan,3,Net 45,FOB Shipping Point,123 Japan Blvd,PO0101,2025-09-20,REC00101,2025-10-06,415,415,415,Yes
INV00102,36561.34,2025-12-16,2025-12-16,V101,Global Tech Parts,PROD722,159.94,254.96,0.0,0.0,USA,2,Net 30,FOB Destination,123 USA Blvd,PO0102,2025-12-05,REC00102,2025-12-21,227,227,227,No
INV00103,195125.58,2025-03-17,2025-03-17,V104,China Auto,PROD868,472.56,98.7,25.0,9285.8,China,5,Net 30,FOB Shipping Point,123 China Blvd,PO0103,2025-03-02,REC00103,2025-03-19,393,393,393,Yes
INV00104,56149.29,2025-04-07,2025-04-07,V101,Global Tech Parts,PROD547,423.53,243.33,0.0,0.0,USA,3,Net 30,FOB Destination,123 USA Blvd,PO0104,2025-04-02,REC00104,2025-04-09,132,132,132,Yes
INV00105,119241.08,2025-12-25,2025-12-25,V101,Global Tech Parts,PROD217,387.03,422.87,0.0,0.0,USA,4,Net 30,FOB Destination,123 USA Blvd,PO0105,2025-12-17,REC00105,2026-01-01,307,307,307,Yes
INV00106,27348.05,2025-08-21,2025-08-21,V102,Asia Motors,PROD658,53.37,256.45,25.0,1288.89,Japan,4,Net 45,FOB Shipping Point,123 Japan Blvd,PO0106,2025-08-12,REC00106,2025-08-26,483,483,483,Yes
INV00107,142532.56,2025-12-05,2025-12-05,V101,Global Tech Parts,PROD270,288.74,472.48,0.0,0.0,USA,2,Net 30,FOB Destination,123 USA Blvd,PO0107,2025-11-23,REC00107,2025-12-07,492,492,492,No
INV00108,61653.65,2025-12-25,2025-12-25,V104,China Auto,PROD249,314.75,157.97,25.0,2927.18,China,4,Net 30,FOB Shipping Point,123 China Blvd,PO0108,2025-12-14,REC00108,2025-12-30,186,186,186,Yes
INV00109,21740.96,2025-07-18,2025-07-18,V102,Asia Motors,PROD970,142.46,325.59,25.0,1018.59,Japan,4,Net 45,FOB Shipping Point,123 Japan Blvd,PO0109,2025-07-13,REC00109,2025-07-23,143,143,143,Yes
INV00110,167029.54,2025-08-31,2025-08-31,V102,Asia Motors,PROD276,334.4,222.54,25.0,7942.0,Japan,2,Net 45,FOB Shipping Point,123 Japan Blvd,PO0110,2025-08-22,REC00110,2025-09-03,475,475,475,No
INV00111,56336.0,2025-09-22,2025-09-22,V103,Euro Wheels,PROD192,310.31,269.01,25.0,2668.67,Germany,2,Net 60,FOB Destination,123 Germany Blvd,PO0111,2025-09-12,REC00111,2025-09-26,172,172,172,No
INV00112,72558.36,2025-12-19,2025-12-19,V102,Asia Motors,PROD428,322.43,421.89,25.0,3433.88,Japan,1,Net 45,FOB Shipping Point,123 Japan Blvd,PO0112,2025-12-08,REC00112,2025-12-21,213,213,213,No
INV00113,100927.6,2025-04-12,2025-04-12,V104,China Auto,PROD396,358.15,119.19,25.0,4799.21,China,2,Net 30,FOB Shipping Point,123 China Blvd,PO0113,2025-03-30,REC00113,2025-04-19,268,268,268,No
INV00114,79767.61,2025-12-24,2025-12-24,V101,Global Tech Parts,PROD994,347.91,444.13,0.0,0.0,USA,1,Net 30,FOB Destination,123 USA Blvd,PO0114,2025-12-11,REC00114,2025-12-30,228,228,228,No
INV00115,714.46,2025-04-03,2025-04-03,V101,Global Tech Parts,PROD216,35.41,112.49,0.0,0.0,USA,1,Net 30,FOB Destination,123 USA Blvd,PO0115,2025-03-23,REC00115,2025-04-10,17,17,17,No
INV00116,157557.67,2025-06-10,2025-06-10,V102,Asia Motors,PROD732,404.2,76.56,25.0,7497.91,Japan,1,Net 45,FOB Shipping Point,123 Japan Blvd,PO0116,2025-06-03,REC00116,2025-06-14,371,371,371,No
INV00117,240526.11,2025-08-12,2025-08-12,V102,Asia Motors,PROD338,484.94,164.85,25.0,11444.58,Japan,1,Net 45,FOB Shipping Point,123 Japan Blvd,PO0117,2025-08-05,REC00117,2025-08-14,472,472,472,No
INV00118,13741.25,2025-07-20,2025-07-20,V102,Asia Motors,PROD879,186.06,236.2,25.0,641.91,Japan,2,Net 45,FOB Shipping Point,123 Japan Blvd,PO0118,2025-07-14,REC00118,2025-07-22,69,69,69,No
INV00119,10861.58,2025-12-11,2025-12-11,V101,Global Tech Parts,PROD745,378.98,250.14,0.0,0.0,USA,3,Net 30,FOB Destination,123 USA Blvd,PO0119,2025-12-02,REC00119,2025-12-15,28,28,28,Yes
INV00120,17515.86,2025-10-18,2025-10-18,V102,Asia Motors,PROD708,263.96,307.06,25.0,818.28,Japan,4,Net 45,FOB Shipping Point,123 Japan Blvd,PO0120,2025-10-05,REC00120,2025-10-23,62,62,62,Yes
INV00121,14655.47,2025-05-18,2025-05-18,V104,China Auto,PROD124,60.13,361.62,25.0,679.47,China,2,Net 30,FOB Shipping Point,123 China Blvd,PO0121,2025-05-11,REC00121,2025-05-20,226,226,226,No
INV00122,47378.53,2025-10-05,2025-10-05,V101,Global Tech Parts,PROD642,477.34,121.87,0.0,0.0,USA,5,Net 30,FOB Destination,123 USA Blvd,PO0122,2025-09-27,REC00122,2025-10-09,99,99,99,Yes
INV00123,35748.17,2026-01-01,2026-01-01,V104,China Auto,PROD187,474.08,380.51,25.0,1682.98,China,5,Net 30,FOB Shipping Point,123 China Blvd,PO0123,2025-12-19,REC00123,2026-01-06,71,71,71,Yes
INV00124,67654.92,2025-10-11,2025-10-11,V104,China Auto,PROD777,161.28,400.35,25.0,3201.41,China,5,Net 30,FOB Shipping Point,123 China Blvd,PO0124,2025-10-04,REC00124,2025-10-13,397,397,397,Yes
INV00125,143514.44,2025-01-28,2025-01-28,V104,China Auto,PROD693,309.72,398.8,25.0,6813.84,China,4,Net 30,FOB Shipping Point,123 China Blvd,PO0125,2025-01-18,REC00125,2025-02-01,440,440,440,Yes
INV00126,19362.17,2025-11-06,2025-11-06,V101,Global Tech Parts,PROD967,69.52,105.13,0.0,0.0,USA,3,Net 30,FOB Destination,123 USA Blvd,PO0126,2025-10-27,REC00126,2025-11-11,277,277,277,Yes
INV00127,2146.02,2025-09-05,2025-09-05,V101,Global Tech Parts,PROD255,15.91,284.55,0.0,0.0,USA,5,Net 30,FOB Destination,123 USA Blvd,PO0127,2025-08-30,REC00127,2025-09-09,117,117,117,Yes
INV00128,30837.37,2025-09-21,2025-09-21,V103,Euro Wheels,PROD485,129.01,469.22,25.0,1444.91,Germany,4,Net 60,FOB Destination,123 Germany Blvd,PO0128,2025-09-14,REC00128,2025-09-25,224,224,224,Yes
INV00129,155171.12,2025-02-17,2025-02-17,V104,China Auto,PROD858,326.19,336.35,25.0,7371.89,China,1,Net 30,FOB Shipping Point,123 China Blvd,PO0129,2025-02-09,REC00129,2025-02-24,452,452,452,No
INV00130,73081.78,2025-08-24,2025-08-24,V104,China Auto,PROD993,325.14,339.22,25.0,3462.74,China,4,Net 30,FOB Shipping Point,123 China Blvd,PO0130,2025-08-10,REC00130,2025-08-27,213,213,213,Yes
INV00131,67966.9,2025-09-30,2025-09-30,V102,Asia Motors,PROD265,199.56,51.59,25.0,3232.87,Japan,2,Net 45,FOB Shipping Point,123 Japan Blvd,PO0131,2025-09-21,REC00131,2025-10-06,324,324,324,No
INV00132,44042.64,2025-11-04,2025-11-04,V102,Asia Motors,PROD394,124.26,309.18,25.0,2081.36,Japan,3,Net 45,FOB Shipping Point,123 Japan Blvd,PO0132,2025-10-22,REC00132,2025-11-11,335,335,335,Yes
INV00133,172244.64,2025-12-15,2025-12-15,V104,China Auto,PROD866,375.53,302.01,25.0,8186.55,China,1,Net 30,FOB Shipping Point,123 China Blvd,PO0133,2025-12-06,REC00133,2025-12-19,436,436,436,No
INV00134,26348.99,2025-04-17,2025-04-17,V101,Global Tech Parts,PROD355,214.84,353.35,0.0,0.0,USA,3,Net 30,FOB Destination,123 USA Blvd,PO0134,2025-04-04,REC00134,2025-04-20,121,121,121,Yes
INV00135,40247.55,2025-11-30,2025-11-30,V103,Euro Wheels,PROD935,155.57,365.52,25.0,1897.95,Germany,4,Net 60,FOB Destination,123 Germany Blvd,PO0135,2025-11-24,REC00135,2025-12-04,244,244,244,Yes
INV00136,34640.92,2025-03-24,2025-03-24,V103,Euro Wheels,PROD188,461.41,217.8,25.0,1638.01,Germany,3,Net 60,FOB Destination,123 Germany Blvd,PO0136,2025-03-12,REC00136,2025-03-31,71,71,71,Yes
INV00137,8176.23,2025-02-02,2025-02-02,V101,Global Tech Parts,PROD449,222.79,155.79,0.0,0.0,USA,2,Net 30,FOB Destination,123 USA Blvd,PO0137,2025-01-27,REC00137,2025-02-08,36,36,36,No
INV00138,11656.56,2025-03-21,2025-03-21,V104,China Auto,PROD458,76.13,440.45,25.0,532.91,China,1,Net 30,FOB Shipping Point,123 China Blvd,PO0138,2025-03-08,REC00138,2025-03-24,140,140,140,No
INV00139,55462.59,2025-03-20,2025-03-20,V102,Asia Motors,PROD162,121.02,288.78,25.0,2626.13,Japan,2,Net 45,FOB Shipping Point,123 Japan Blvd,PO0139,2025-03-15,REC00139,2025-03-26,434,434,434,No
INV00140,9905.26,2025-08-29,2025-08-29,V102,Asia Motors,PROD369,319.17,496.66,25.0,446.84,Japan,5,Net 45,FOB Shipping Point,123 Japan Blvd,PO0140,2025-08-18,REC00140,2025-08-31,28,28,28,Yes
INV00141,59056.29,2025-07-19,2025-07-19,V102,Asia Motors,PROD858,140.56,438.85,25.0,2790.12,Japan,5,Net 45,FOB Shipping Point,123 Japan Blvd,PO0141,2025-07-05,REC00141,2025-07-25,397,397,397,Yes
INV00142,147560.16,2025-10-08,2025-10-08,V103,Euro Wheels,PROD214,411.58,168.94,25.0,7017.44,Germany,3,Net 60,FOB Destination,123 Germany Blvd,PO0142,2025-09-27,REC00142,2025-10-14,341,341,341,Yes
INV00143,57257.26,2025-10-31,2025-10-31,V101,Global Tech Parts,PROD387,350.78,430.9,0.0,0.0,USA,2,Net 30,FOB Destination,123 USA Blvd,PO0143,2025-10-20,REC00143,2025-11-05,162,162,162,No
INV00144,46166.78,2025-11-22,2025-11-22,V103,Euro Wheels,PROD892,394.87,119.68,25.0,2191.53,Germany,2,Net 60,FOB Destination,123 Germany Blvd,PO0144,2025-11-12,REC00144,2025-11-24,111,111,111,No
INV00145,87672.96,2025-03-17,2025-03-17,V102,Asia Motors,PROD558,465.39,177.91,25.0,4165.24,Japan,4,Net 45,FOB Shipping Point,123 Japan Blvd,PO0145,2025-03-06,REC00145,2025-03-24,179,179,179,Yes
INV00146,44843.42,2025-08-11,2025-08-11,V102,Asia Motors,PROD745,198.22,70.25,25.0,2130.87,Japan,4,Net 45,FOB Shipping Point,123 Japan Blvd,PO0146,2025-08-02,REC00146,2025-08-17,215,215,215,Yes
INV00147,43604.34,2025-08-15,2025-08-15,V102,Asia Motors,PROD696,83.3,109.23,25.0,2070.01,Japan,1,Net 45,FOB Shipping Point,123 Japan Blvd,PO0147,2025-08-08,REC00147,2025-08-20,497,497,497,No
INV00148,65987.32,2025-04-11,2025-04-11,V102,Asia Motors,PROD242,171.02,239.33,25.0,3129.67,Japan,4,Net 45,FOB Shipping Point,123 Japan Blvd,PO0148,2025-03-28,REC00148,2025-04-17,366,366,366,Yes
INV00149,12951.16,2025-12-08,2025-12-08,V104,China Auto,PROD844,103.8,65.34,25.0,612.42,China,4,Net 30,FOB Shipping Point,123 China Blvd,PO0149,2025-11-29,REC00149,2025-12-15,118,118,118,Yes
INV00150,75640.89,2025-06-06,2025-06-06,V101,Global Tech Parts,PROD846,251.0,89.89,0.0,0.0,USA,3,Net 30,FOB Destination,123 USA Blvd,PO0150,2025-06-01,REC00150,2025-06-09,301,301,301,Yes
INV00151,149743.45,2025-11-11,2025-11-11,V104,China Auto,PROD336,384.3,417.9,25.0,7109.55,China,5,Net 30,FOB Shipping Point,123 China Blvd,PO0151,2025-11-03,REC00151,2025-11-14,370,370,370,Yes
INV00152,84328.42,2025-04-09,2025-04-09,V103,Euro Wheels,PROD809,336.42,232.06,25.0,4003.4,Germany,2,Net 60,FOB Destination,123 Germany Blvd,PO0152,2025-03-27,REC00152,2025-04-15,238,238,238,No
INV00153,27510.88,2025-04-07,2025-04-07,V103,Euro Wheels,PROD630,495.95,407.01,25.0,1289.47,Germany,3,Net 60,FOB Destination,123 Germany Blvd,PO0153,2025-03-26,REC00153,2025-04-11,52,52,52,Yes
INV00154,91347.34,2025-05-30,2025-05-30,V101,Global Tech Parts,PROD148,242.45,186.14,0.0,0.0,USA,3,Net 30,FOB Destination,123 USA Blvd,PO0154,2025-05-18,REC00154,2025-06-04,376,376,376,Yes
INV00155,2291.06,2025-06-28,2025-06-28,V103,Euro Wheels,PROD959,121.7,349.28,25.0,91.28,Germany,2,Net 60,FOB Destination,123 Germany Blvd,PO0155,2025-06-15,REC00155,2025-07-02,15,15,15,No
INV00156,65270.15,2025-04-17,2025-04-17,V101,Global Tech Parts,PROD416,242.62,247.99,0.0,0.0,USA,4,Net 30,FOB Destination,123 USA Blvd,PO0156,2025-04-12,REC00156,2025-04-23,268,268,268,Yes
INV00157,21409.21,2025-04-01,2025-04-01,V102,Asia Motors,PROD476,259.59,396.36,25.0,999.42,Japan,3,Net 45,FOB Shipping Point,123 Japan Blvd,PO0157,2025-03-22,REC00157,2025-04-07,77,77,77,Yes
INV00158,209158.52,2025-06-29,2025-06-29,V104,China Auto,PROD731,441.56,496.42,25.0,9935.1,China,3,Net 30,FOB Shipping Point,123 China Blvd,PO0158,2025-06-14,REC00158,2025-07-06,450,450,450,Yes
INV00159,24368.25,2025-01-29,2025-01-29,V101,Global Tech Parts,PROD561,143.9,336.95,0.0,0.0,USA,3,Net 30,FOB Destination,123 USA Blvd,PO0159,2025-01-18,REC00159,2025-02-04,167,167,167,Yes
INV00160,29579.13,2025-04-15,2025-04-15,V101,Global Tech Parts,PROD456,321.11,358.12,0.0,0.0,USA,5,Net 30,FOB Destination,123 USA Blvd,PO0160,2025-04-07,REC00160,2025-04-18,91,91,91,Yes
INV00161,55527.5,2025-09-15,2025-09-15,V101,Global Tech Parts,PROD690,145.32,160.58,0.0,0.0,USA,5,Net 30,FOB Destination,123 USA Blvd,PO0161,2025-09-06,REC00161,2025-09-18,381,381,381,Yes
INV00162,96019.33,2025-11-12,2025-11-12,V101,Global Tech Parts,PROD659,218.74,211.21,0.0,0.0,USA,1,Net 30,FOB Destination,123 USA Blvd,PO0162,2025-11-01,REC00162,2025-11-17,438,438,438,No
INV00163,65732.29,2025-10-20,2025-10-20,V103,Euro Wheels,PROD642,289.85,273.65,25.0,3115.89,Germany,1,Net 60,FOB Destination,123 Germany Blvd,PO0163,2025-10-14,REC00163,2025-10-24,215,215,215,No
INV00164,86693.28,2025-08-14,2025-08-14,V104,China Auto,PROD607,319.28,175.33,25.0,4118.71,China,1,Net 30,FOB Shipping Point,123 China Blvd,PO0164,2025-07-31,REC00164,2025-08-16,258,258,258,No
INV00165,40259.2,2025-08-17,2025-08-17,V102,Asia Motors,PROD799,418.82,215.95,25.0,1905.63,Japan,1,Net 45,FOB Shipping Point,123 Japan Blvd,PO0165,2025-08-02,REC00165,2025-08-22,91,91,91,No
INV00166,18878.38,2025-04-16,2025-04-16,V102,Asia Motors,PROD500,377.58,219.81,25.0,887.31,Japan,1,Net 45,FOB Shipping Point,123 Japan Blvd,PO0166,2025-04-04,REC00166,2025-04-20,47,47,47,No
INV00167,96992.92,2025-03-02,2025-03-02,V102,Asia Motors,PROD547,330.91,375.29,25.0,4599.65,Japan,4,Net 45,FOB Shipping Point,123 Japan Blvd,PO0167,2025-02-15,REC00167,2025-03-06,278,278,278,Yes
INV00168,39746.06,2025-05-22,2025-05-22,V101,Global Tech Parts,PROD889,261.04,67.98,0.0,0.0,USA,4,Net 30,FOB Destination,123 USA Blvd,PO0168,2025-05-13,REC00168,2025-05-25,152,152,152,Yes
INV00169,7495.23,2025-12-15,2025-12-15,V104,China Auto,PROD173,21.17,423.8,25.0,335.54,China,4,Net 30,FOB Shipping Point,123 China Blvd,PO0169,2025-12-02,REC00169,2025-12-18,317,317,317,Yes
INV00170,32966.09,2025-12-23,2025-12-23,V104,China Auto,PROD251,336.31,100.42,25.0,1563.84,China,3,Net 30,FOB Shipping Point,123 China Blvd,PO0170,2025-12-12,REC00170,2025-12-28,93,93,93,Yes
INV00171,16019.45,2025-06-13,2025-06-13,V104,China Auto,PROD277,440.75,259.67,25.0,749.28,China,3,Net 30,FOB Shipping Point,123 China Blvd,PO0171,2025-06-02,REC00171,2025-06-17,34,34,34,Yes
INV00172,17680.15,2025-02-02,2025-02-02,V103,Euro Wheels,PROD831,165.61,439.99,25.0,819.77,Germany,5,Net 60,FOB Destination,123 Germany Blvd,PO0172,2025-01-22,REC00172,2025-02-06,99,99,99,Yes
INV00173,95620.57,2025-10-03,2025-10-03,V102,Asia Motors,PROD431,409.42,159.77,25.0,4544.56,Japan,1,Net 45,FOB Shipping Point,123 Japan Blvd,PO0173,2025-09-27,REC00173,2025-10-08,222,222,222,No
INV00174,43554.97,2025-09-22,2025-09-22,V102,Asia Motors,PROD177,191.38,325.93,25.0,2057.34,Japan,4,Net 45,FOB Shipping Point,123 Japan Blvd,PO0174,2025-09-15,REC00174,2025-09-27,215,215,215,Yes
INV00175,48766.71,2025-10-12,2025-10-12,V104,China Auto,PROD591,214.81,473.9,25.0,2298.47,China,5,Net 30,FOB Shipping Point,123 China Blvd,PO0175,2025-10-07,REC00175,2025-10-15,214,214,214,Yes
INV00176,210723.09,2025-09-08,2025-09-08,V103,Euro Wheels,PROD235,487.45,339.04,25.0,10017.1,Germany,3,Net 60,FOB Destination,123 Germany Blvd,PO0176,2025-09-01,REC00176,2025-09-13,411,411,411,Yes
INV00177,37541.14,2025-10-30,2025-10-30,V101,Global Tech Parts,PROD524,167.9,267.34,0.0,0.0,USA,1,Net 30,FOB Destination,123 USA Blvd,PO0177,2025-10-16,REC00177,2025-11-01,222,222,222,No
INV00178,5379.91,2025-07-14,2025-07-14,V102,Asia Motors,PROD317,44.72,142.79,25.0,248.2,Japan,5,Net 45,FOB Shipping Point,123 Japan Blvd,PO0178,2025-07-09,REC00178,2025-07-18,111,111,111,Yes
INV00179,13458.26,2025-02-01,2025-02-01,V102,Asia Motors,PROD972,107.41,237.94,25.0,628.35,Japan,4,Net 45,FOB Shipping Point,123 Japan Blvd,PO0179,2025-01-20,REC00179,2025-02-07,117,117,117,Yes
INV00180,59594.33,2025-05-17,2025-05-17,V104,China Auto,PROD677,338.8,160.75,25.0,2828.98,China,4,Net 30,FOB Shipping Point,123 China Blvd,PO0180,2025-05-04,REC00180,2025-05-20,167,167,167,Yes
INV00181,47425.16,2025-03-04,2025-03-04,V102,Asia Motors,PROD351,123.28,282.54,25.0,2243.7,Japan,4,Net 45,FOB Shipping Point,123 Japan Blvd,PO0181,2025-02-20,REC00181,2025-03-09,364,364,364,Yes
INV00182,33916.54,2025-10-29,2025-10-29,V104,China Auto,PROD845,409.73,334.65,25.0,1597.95,China,2,Net 30,FOB Shipping Point,123 China Blvd,PO0182,2025-10-16,REC00182,2025-11-05,78,78,78,No
INV00183,90661.55,2025-08-23,2025-08-23,V103,Euro Wheels,PROD495,223.49,290.72,25.0,4302.18,Germany,5,Net 60,FOB Destination,123 Germany Blvd,PO0183,2025-08-08,REC00183,2025-08-25,385,385,385,Yes
INV00184,21778.97,2025-12-01,2025-12-01,V101,Global Tech Parts,PROD200,103.65,116.12,0.0,0.0,USA,3,Net 30,FOB Destination,123 USA Blvd,PO0184,2025-11-21,REC00184,2025-12-05,209,209,209,Yes
INV00185,788.43,2025-08-19,2025-08-19,V103,Euro Wheels,PROD847,20.46,441.18,25.0,15.35,Germany,1,Net 60,FOB Destination,123 Germany Blvd,PO0185,2025-08-10,REC00185,2025-08-22,15,15,15,No
INV00186,22000.24,2025-04-29,2025-04-29,V102,Asia Motors,PROD752,46.11,236.68,25.0,1035.17,Japan,1,Net 45,FOB Shipping Point,123 Japan Blvd,PO0186,2025-04-22,REC00186,2025-05-05,449,449,449,No
INV00187,11193.28,2025-10-17,2025-10-17,V102,Asia Motors,PROD764,45.41,154.08,25.0,524.49,Japan,1,Net 45,FOB Shipping Point,123 Japan Blvd,PO0187,2025-10-12,REC00187,2025-10-21,231,231,231,No
INV00188,165497.31,2025-04-02,2025-04-02,V102,Asia Motors,PROD520,448.64,126.04,25.0,7873.63,Japan,1,Net 45,FOB Shipping Point,123 Japan Blvd,PO0188,2025-03-23,REC00188,2025-04-05,351,351,351,No
INV00189,65410.86,2025-04-07,2025-04-07,V104,China Auto,PROD887,224.46,101.67,25.0,3108.77,China,4,Net 30,FOB Shipping Point,123 China Blvd,PO0189,2025-03-27,REC00189,2025-04-13,277,277,277,Yes
INV00190,14623.53,2025-04-20,2025-04-20,V101,Global Tech Parts,PROD983,43.28,470.97,0.0,0.0,USA,5,Net 30,FOB Destination,123 USA Blvd,PO0190,2025-04-10,REC00190,2025-04-27,327,327,327,Yes
INV00191,49067.49,2025-12-29,2025-12-29,V104,China Auto,PROD418,149.35,429.06,25.0,2314.93,China,1,Net 30,FOB Shipping Point,123 China Blvd,PO0191,2025-12-24,REC00191,2026-01-01,310,310,310,No
INV00192,107287.83,2025-02-06,2025-02-06,V104,China Auto,PROD475,299.13,159.33,25.0,5100.17,China,1,Net 30,FOB Shipping Point,123 China Blvd,PO0192,2025-01-23,REC00192,2025-02-11,341,341,341,No
INV00193,35015.29,2025-05-24,2025-05-24,V101,Global Tech Parts,PROD951,114.77,354.75,0.0,0.0,USA,2,Net 30,FOB Destination,123 USA Blvd,PO0193,2025-05-14,REC00193,2025-05-31,302,302,302,No
INV00194,985.95,2025-06-03,2025-06-03,V103,Euro Wheels,PROD198,29.1,441.51,25.0,24.74,Germany,2,Net 60,FOB Destination,123 Germany Blvd,PO0194,2025-05-21,REC00194,2025-06-05,17,17,17,No
INV00195,54047.8,2025-09-06,2025-09-06,V102,Asia Motors,PROD276,111.26,284.22,25.0,2558.98,Japan,2,Net 45,FOB Shipping Point,123 Japan Blvd,PO0195,2025-08-28,REC00195,2025-09-08,460,460,460,No
INV00196,26690.78,2025-10-19,2025-10-19,V101,Global Tech Parts,PROD185,95.57,217.89,0.0,0.0,USA,1,Net 30,FOB Destination,123 USA Blvd,PO0196,2025-10-06,REC00196,2025-10-26,277,277,277,No
INV00197,144667.07,2025-01-26,2025-01-26,V102,Asia Motors,PROD637,389.86,140.46,25.0,6881.03,Japan,5,Net 45,FOB Shipping Point,123 Japan Blvd,PO0197,2025-01-15,REC00197,2025-01-30,353,353,353,Yes
INV00198,22428.78,2025-06-18,2025-06-18,V104,China Auto,PROD651,65.69,469.89,25.0,1044.47,China,5,Net 30,FOB Shipping Point,123 China Blvd,PO0198,2025-06-08,REC00198,2025-06-23,318,318,318,Yes
INV00199,7553.64,2025-06-25,2025-06-25,V104,China Auto,PROD352,32.52,84.81,25.0,354.47,China,3,Net 30,FOB Shipping Point,123 China Blvd,PO0199,2025-06-19,REC00199,2025-06-28,218,218,218,Yes
INV00200,51866.15,2025-04-12,2025-04-12,V102,Asia Motors,PROD966,422.73,352.64,25.0,2451.83,Japan,4,Net 45,FOB Shipping Point,123 Japan Blvd,PO0200,2025-04-01,REC00200,2025-04-15,116,116,116,Yes
INV00201,46904.87,2025-07-08,2025-07-08,V103,Euro Wheels,PROD716,262.76,253.11,25.0,2220.32,Germany,1,Net 60,FOB Destination,123 Germany Blvd,PO0201,2025-07-01,REC00201,2025-07-12,169,169,169,No
INV00202,78558.58,2025-02-07,2025-02-07,V103,Euro Wheels,PROD817,159.86,146.23,25.0,3732.73,Germany,1,Net 60,FOB Destination,123 Germany Blvd,PO0202,2025-01-25,REC00202,2025-02-10,467,467,467,No
INV00203,32093.1,2025-10-30,2025-10-30,V103,Euro Wheels,PROD230,82.25,200.34,25.0,1517.51,Germany,2,Net 60,FOB Destination,123 Germany Blvd,PO0203,2025-10-20,REC00203,2025-11-03,369,369,369,No
INV00204,43291.79,2025-02-02,2025-02-02,V101,Global Tech Parts,PROD464,432.1,81.79,0.0,0.0,USA,5,Net 30,FOB Destination,123 USA Blvd,PO0204,2025-01-20,REC00204,2025-02-05,100,100,100,Yes
INV00205,57201.32,2025-11-24,2025-11-24,V101,Global Tech Parts,PROD314,438.43,205.42,0.0,0.0,USA,2,Net 30,FOB Destination,123 USA Blvd,PO0205,2025-11-11,REC00205,2025-11-29,130,130,130,No
INV00206,207528.68,2025-06-05,2025-06-05,V102,Asia Motors,PROD477,408.87,145.26,25.0,9874.21,Japan,1,Net 45,FOB Shipping Point,123 Japan Blvd,PO0206,2025-05-25,REC00206,2025-06-07,483,483,483,No
INV00207,86338.46,2025-07-24,2025-07-24,V103,Euro Wheels,PROD514,221.06,199.54,25.0,4100.66,Germany,3,Net 60,FOB Destination,123 Germany Blvd,PO0207,2025-07-11,REC00207,2025-07-30,371,371,371,Yes
INV00208,67620.62,2025-10-12,2025-10-12,V102,Asia Motors,PROD799,149.19,392.98,25.0,3200.13,Japan,2,Net 45,FOB Shipping Point,123 Japan Blvd,PO0208,2025-10-02,REC00208,2025-10-16,429,429,429,No
INV00209,62447.54,2025-04-08,2025-04-08,V102,Asia Motors,PROD264,485.61,215.9,25.0,2962.22,Japan,2,Net 45,FOB Shipping Point,123 Japan Blvd,PO0209,2025-03-30,REC00209,2025-04-14,122,122,122,No
INV00210,69596.78,2025-06-18,2025-06-18,V102,Asia Motors,PROD986,413.97,459.49,25.0,3291.06,Japan,5,Net 45,FOB Shipping Point,123 Japan Blvd,PO0210,2025-06-11,REC00210,2025-06-23,159,159,159,Yes
INV00211,45309.77,2025-05-22,2025-05-22,V104,China Auto,PROD840,292.9,75.65,25.0,2152.82,China,3,Net 30,FOB Shipping Point,123 China Blvd,PO0211,2025-05-10,REC00211,2025-05-26,147,147,147,Yes
INV00212,138898.54,2025-05-16,2025-05-16,V102,Asia Motors,PROD639,387.35,182.87,25.0,6604.32,Japan,4,Net 45,FOB Shipping Point,123 Japan Blvd,PO0212,2025-05-05,REC00212,2025-05-18,341,341,341,Yes
INV00213,84912.49,2025-11-05,2025-11-05,V101,Global Tech Parts,PROD433,226.03,377.27,0.0,0.0,USA,1,Net 30,FOB Destination,123 USA Blvd,PO0213,2025-10-23,REC00213,2025-11-09,374,374,374,No
INV00214,7735.11,2025-07-02,2025-07-02,V103,Euro Wheels,PROD798,120.64,489.81,25.0,343.82,Germany,4,Net 60,FOB Destination,123 Germany Blvd,PO0214,2025-06-25,REC00214,2025-07-05,57,57,57,Yes
INV00215,10219.09,2025-06-19,2025-06-19,V102,Asia Motors,PROD988,19.03,263.28,25.0,472.9,Japan,4,Net 45,FOB Shipping Point,123 Japan Blvd,PO0215,2025-06-11,REC00215,2025-06-24,497,497,497,Yes
INV00216,161834.55,2025-07-27,2025-07-27,V102,Asia Motors,PROD240,473.33,285.69,25.0,7691.61,Japan,5,Net 45,FOB Shipping Point,123 Japan Blvd,PO0216,2025-07-20,REC00216,2025-08-01,325,325,325,Yes
INV00217,32323.1,2025-11-17,2025-11-17,V101,Global Tech Parts,PROD171,128.5,198.1,0.0,0.0,USA,1,Net 30,FOB Destination,123 USA Blvd,PO0217,2025-11-07,REC00217,2025-11-22,250,250,250,No
INV00218,149966.12,2025-09-03,2025-09-03,V101,Global Tech Parts,PROD558,343.78,421.82,0.0,0.0,USA,1,Net 30,FOB Destination,123 USA Blvd,PO0218,2025-08-25,REC00218,2025-09-05,435,435,435,No
INV00219,187943.94,2025-08-20,2025-08-20,V103,Euro Wheels,PROD568,452.25,348.25,25.0,8931.94,Germany,2,Net 60,FOB Destination,123 Germany Blvd,PO0219,2025-08-08,REC00219,2025-08-25,395,395,395,No
INV00220,106893.98,2025-04-21,2025-04-21,V103,Euro Wheels,PROD245,309.81,170.42,25.0,5080.88,Germany,4,Net 60,FOB Destination,123 Germany Blvd,PO0220,2025-04-15,REC00220,2025-04-27,328,328,328,Yes
INV00221,6379.52,2025-11-23,2025-11-23,V102,Asia Motors,PROD861,28.07,489.29,25.0,279.3,Japan,2,Net 45,FOB Shipping Point,123 Japan Blvd,PO0221,2025-11-14,REC00221,2025-11-25,199,199,199,No
INV00222,59858.97,2025-08-17,2025-08-17,V104,China Auto,PROD496,153.68,452.02,25.0,2827.71,China,4,Net 30,FOB Shipping Point,123 China Blvd,PO0222,2025-08-02,REC00222,2025-08-21,368,368,368,Yes
INV00223,95264.06,2026-01-05,2026-01-05,V103,Euro Wheels,PROD411,348.52,93.1,25.0,4530.76,Germany,1,Net 60,FOB Destination,123 Germany Blvd,PO0223,2025-12-21,REC00223,2026-01-10,260,260,260,No
INV00224,14557.84,2025-06-10,2025-06-10,V103,Euro Wheels,PROD193,139.77,297.27,25.0,677.88,Germany,2,Net 60,FOB Destination,123 Germany Blvd,PO0224,2025-06-03,REC00224,2025-06-17,97,97,97,No
INV00225,5374.26,2025-02-27,2025-02-27,V101,Global Tech Parts,PROD582,123.99,290.67,0.0,0.0,USA,4,Net 30,FOB Destination,123 USA Blvd,PO0225,2025-02-19,REC00225,2025-03-02,41,41,41,Yes
INV00226,22725.06,2025-01-18,2025-01-18,V101,Global Tech Parts,PROD331,60.16,165.06,0.0,0.0,USA,5,Net 30,FOB Destination,123 USA Blvd,PO0226,2025-01-06,REC00226,2025-01-23,375,375,375,Yes
INV00227,1303.61,2025-02-25,2025-02-25,V101,Global Tech Parts,PROD424,53.08,348.17,0.0,0.0,USA,3,Net 30,FOB Destination,123 USA Blvd,PO0227,2025-02-11,REC00227,2025-02-27,18,18,18,Yes
INV00228,101703.92,2025-12-18,2025-12-18,V102,Asia Motors,PROD330,355.05,276.64,25.0,4828.68,Japan,1,Net 45,FOB Shipping Point,123 Japan Blvd,PO0228,2025-12-06,REC00228,2025-12-25,272,272,272,No
INV00229,24527.65,2025-06-14,2025-06-14,V102,Asia Motors,PROD367,423.4,495.87,25.0,1143.18,Japan,4,Net 45,FOB Shipping Point,123 Japan Blvd,PO0229,2025-05-30,REC00229,2025-06-16,54,54,54,Yes
INV00230,12390.9,2025-09-29,2025-09-29,V101,Global Tech Parts,PROD711,429.86,354.82,0.0,0.0,USA,5,Net 30,FOB Destination,123 USA Blvd,PO0230,2025-09-20,REC00230,2025-10-03,28,28,28,Yes
INV00231,87672.08,2025-01-17,2025-01-17,V103,Euro Wheels,PROD842,201.94,75.8,25.0,4170.06,Germany,4,Net 60,FOB Destination,123 Germany Blvd,PO0231,2025-01-05,REC00231,2025-01-24,413,413,413,Yes
INV00232,117241.02,2025-10-13,2025-10-13,V102,Asia Motors,PROD201,475.17,466.75,25.0,5559.49,Japan,2,Net 45,FOB Shipping Point,123 Japan Blvd,PO0232,2025-10-03,REC00232,2025-10-19,234,234,234,No
INV00233,12882.35,2025-05-07,2025-05-07,V101,Global Tech Parts,PROD920,63.16,313.51,0.0,0.0,USA,5,Net 30,FOB Destination,123 USA Blvd,PO0233,2025-04-28,REC00233,2025-05-10,199,199,199,Yes
INV00234,124589.76,2025-04-02,2025-04-02,V101,Global Tech Parts,PROD630,365.49,323.16,0.0,0.0,USA,4,Net 30,FOB Destination,123 USA Blvd,PO0234,2025-03-24,REC00234,2025-04-05,340,340,340,Yes
INV00235,139734.4,2025-01-16,2025-01-16,V103,Euro Wheels,PROD383,279.07,230.21,25.0,6641.87,Germany,5,Net 60,FOB Destination,123 Germany Blvd,PO0235,2025-01-05,REC00235,2025-01-21,476,476,476,Yes
INV00236,148440.38,2025-06-26,2025-06-26,V104,China Auto,PROD416,329.87,171.8,25.0,7059.22,China,1,Net 30,FOB Shipping Point,123 China Blvd,PO0236,2025-06-15,REC00236,2025-07-01,428,428,428,No
INV00237,101686.83,2025-08-31,2025-08-31,V103,Euro Wheels,PROD113,497.9,239.6,25.0,4829.63,Germany,1,Net 60,FOB Destination,123 Germany Blvd,PO0237,2025-08-17,REC00237,2025-09-04,194,194,194,No
INV00238,25515.2,2025-08-12,2025-08-12,V104,China Auto,PROD933,121.09,61.3,25.0,1210.9,China,2,Net 30,FOB Shipping Point,123 China Blvd,PO0238,2025-08-06,REC00238,2025-08-16,200,200,200,No
INV00239,7152.3,2025-02-10,2025-02-10,V102,Asia Motors,PROD579,49.54,313.07,25.0,324.49,Japan,1,Net 45,FOB Shipping Point,123 Japan Blvd,PO0239,2025-02-05,REC00239,2025-02-17,131,131,131,No
INV00240,6310.86,2025-09-25,2025-09-25,V103,Euro Wheels,PROD985,30.83,491.36,25.0,275.93,Germany,4,Net 60,FOB Destination,123 Germany Blvd,PO0240,2025-09-15,REC00240,2025-09-29,179,179,179,Yes
INV00241,14606.19,2025-10-31,2025-10-31,V101,Global Tech Parts,PROD734,40.61,189.64,0.0,0.0,USA,2,Net 30,FOB Destination,123 USA Blvd,PO0241,2025-10-17,REC00241,2025-11-04,355,355,355,No
INV00242,75093.44,2025-04-12,2025-04-12,V104,China Auto,PROD754,178.88,314.49,25.0,3559.71,China,2,Net 30,FOB Shipping Point,123 China Blvd,PO0242,2025-03-31,REC00242,2025-04-16,398,398,398,No
INV00243,69087.88,2025-08-17,2025-08-17,V104,China Auto,PROD295,441.76,413.38,25.0,3269.02,China,3,Net 30,FOB Shipping Point,123 China Blvd,PO0243,2025-08-09,REC00243,2025-08-20,148,148,148,Yes
INV00244,6060.36,2025-02-12,2025-02-12,V102,Asia Motors,PROD467,19.52,316.98,25.0,272.3,Japan,2,Net 45,FOB Shipping Point,123 Japan Blvd,PO0244,2025-02-05,REC00244,2025-02-15,279,279,279,No
INV00245,76799.41,2025-07-07,2025-07-07,V103,Euro Wheels,PROD338,193.54,364.82,25.0,3638.55,Germany,1,Net 60,FOB Destination,123 Germany Blvd,PO0245,2025-06-26,REC00245,2025-07-10,376,376,376,No
INV00246,56221.08,2025-02-02,2025-02-02,V101,Global Tech Parts,PROD691,189.52,312.68,0.0,0.0,USA,2,Net 30,FOB Destination,123 USA Blvd,PO0246,2025-01-24,REC00246,2025-02-05,295,295,295,No
INV00247,99147.83,2025-08-12,2025-08-12,V102,Asia Motors,PROD504,328.2,219.76,25.0,4709.67,Japan,4,Net 45,FOB Shipping Point,123 Japan Blvd,PO0247,2025-08-07,REC00247,2025-08-19,287,287,287,Yes
INV00248,53581.44,2025-02-08,2025-02-08,V104,China Auto,PROD628,159.43,322.76,25.0,2534.94,China,3,Net 30,FOB Shipping Point,123 China Blvd,PO0248,2025-01-29,REC00248,2025-02-15,318,318,318,Yes
INV00249,26063.49,2025-07-21,2025-07-21,V104,China Auto,PROD617,242.81,288.49,25.0,1226.19,China,3,Net 30,FOB Shipping Point,123 China Blvd,PO0249,2025-07-07,REC00249,2025-07-28,101,101,101,Yes
INV00250,154640.18,2025-08-16,2025-08-16,V101,Global Tech Parts,PROD284,476.99,95.42,0.0,0.0,USA,3,Net 30,FOB Destination,123 USA Blvd,PO0250,2025-08-08,REC00250,2025-08-23,324,324,324,Yes
INV00251,78360.33,2025-03-19,2025-03-19,V101,Global Tech Parts,PROD794,240.61,402.69,0.0,0.0,USA,3,Net 30,FOB Destination,123 USA Blvd,PO0251,2025-03-09,REC00251,2025-03-25,324,324,324,Yes
INV00252,41668.28,2025-05-07,2025-05-07,V102,Asia Motors,PROD434,286.76,392.85,25.0,1964.31,Japan,4,Net 45,FOB Shipping Point,123 Japan Blvd,PO0252,2025-04-25,REC00252,2025-05-13,137,137,137,Yes
INV00253,122953.02,2025-12-19,2025-12-19,V104,China Auto,PROD579,379.36,243.0,25.0,5842.14,China,3,Net 30,FOB Shipping Point,123 China Blvd,PO0253,2025-12-07,REC00253,2025-12-26,308,308,308,Yes
INV00254,11977.68,2025-11-20,2025-11-20,V101,Global Tech Parts,PROD166,40.68,139.8,0.0,0.0,USA,2,Net 30,FOB Destination,123 USA Blvd,PO0254,2025-11-10,REC00254,2025-11-24,291,291,291,No
INV00255,19605.1,2025-12-31,2025-12-31,V104,China Auto,PROD211,106.43,135.34,25.0,925.94,China,2,Net 30,FOB Shipping Point,123 China Blvd,PO0255,2025-12-23,REC00255,2026-01-07,174,174,174,No
INV00256,46513.1,2025-02-15,2025-02-15,V101,Global Tech Parts,PROD501,140.2,247.1,0.0,0.0,USA,3,Net 30,FOB Destination,123 USA Blvd,PO0256,2025-02-07,REC00256,2025-02-19,330,330,330,Yes
INV00257,40542.58,2025-09-07,2025-09-07,V103,Euro Wheels,PROD464,382.05,402.33,25.0,1910.25,Germany,4,Net 60,FOB Destination,123 Germany Blvd,PO0257,2025-08-24,REC00257,2025-09-11,100,100,100,Yes
INV00258,183458.85,2025-12-04,2025-12-04,V101,Global Tech Parts,PROD444,393.05,297.55,0.0,0.0,USA,3,Net 30,FOB Destination,123 USA Blvd,PO0258,2025-11-22,REC00258,2025-12-11,466,466,466,Yes
INV00259,35069.76,2025-03-19,2025-03-19,V101,Global Tech Parts,PROD475,246.34,335.82,0.0,0.0,USA,5,Net 30,FOB Destination,123 USA Blvd,PO0259,2025-03-12,REC00259,2025-03-26,141,141,141,Yes
INV00260,44679.08,2025-04-24,2025-04-24,V103,Euro Wheels,PROD473,275.32,423.92,25.0,2106.2,Germany,5,Net 60,FOB Destination,123 Germany Blvd,PO0260,2025-04-15,REC00260,2025-04-30,153,153,153,Yes
INV00261,59965.44,2025-08-02,2025-08-02,V102,Asia Motors,PROD204,129.92,53.82,25.0,2851.74,Japan,2,Net 45,FOB Shipping Point,123 Japan Blvd,PO0261,2025-07-28,REC00261,2025-08-06,439,439,439,No
INV00262,40633.2,2025-03-28,2025-03-28,V104,China Auto,PROD952,451.77,287.73,25.0,1920.02,China,1,Net 30,FOB Shipping Point,123 China Blvd,PO0262,2025-03-18,REC00262,2025-04-03,85,85,85,No
INV00263,24908.0,2026-01-04,2026-01-04,V102,Asia Motors,PROD182,125.91,160.57,25.0,1177.26,Japan,4,Net 45,FOB Shipping Point,123 Japan Blvd,PO0263,2025-12-28,REC00263,2026-01-10,187,187,187,Yes
INV00264,21337.55,2025-04-05,2025-04-05,V103,Euro Wheels,PROD815,132.19,76.23,25.0,1011.25,Germany,4,Net 60,FOB Destination,123 Germany Blvd,PO0264,2025-03-30,REC00264,2025-04-08,153,153,153,Yes
INV00265,2763.53,2025-01-19,2025-01-19,V101,Global Tech Parts,PROD552,267.93,84.23,0.0,0.0,USA,3,Net 30,FOB Destination,123 USA Blvd,PO0265,2025-01-05,REC00265,2025-01-23,10,10,10,Yes
INV00266,41741.29,2025-11-14,2025-11-14,V103,Euro Wheels,PROD486,158.82,359.56,25.0,1969.37,Germany,4,Net 60,FOB Destination,123 Germany Blvd,PO0266,2025-11-01,REC00266,2025-11-21,248,248,248,Yes
INV00267,3562.42,2025-08-09,2025-08-09,V101,Global Tech Parts,PROD804,141.77,159.94,0.0,0.0,USA,1,Net 30,FOB Destination,123 USA Blvd,PO0267,2025-08-02,REC00267,2025-08-11,24,24,24,No
INV00268,79139.1,2025-07-31,2025-07-31,V103,Euro Wheels,PROD841,229.3,143.18,25.0,3760.52,Germany,2,Net 60,FOB Destination,123 Germany Blvd,PO0268,2025-07-16,REC00268,2025-08-02,328,328,328,No
INV00269,25965.98,2025-01-11,2025-01-11,V101,Global Tech Parts,PROD399,208.82,489.94,0.0,0.0,USA,5,Net 30,FOB Destination,123 USA Blvd,PO0269,2025-01-01,REC00269,2025-01-13,122,122,122,Yes
INV00270,127521.09,2025-02-02,2025-02-02,V103,Euro Wheels,PROD299,333.44,405.43,25.0,6051.94,Germany,4,Net 60,FOB Destination,123 Germany Blvd,PO0270,2025-01-18,REC00270,2025-02-04,363,363,363,Yes
INV00271,141735.54,2025-05-18,2025-05-18,V102,Asia Motors,PROD672,401.39,100.15,25.0,6743.35,Japan,5,Net 45,FOB Shipping Point,123 Japan Blvd,PO0271,2025-05-12,REC00271,2025-05-24,336,336,336,Yes
INV00272,83352.25,2025-11-15,2025-11-15,V103,Euro Wheels,PROD605,493.26,459.57,25.0,3946.08,Germany,5,Net 60,FOB Destination,123 Germany Blvd,PO0272,2025-11-09,REC00272,2025-11-21,160,160,160,Yes
INV00273,31261.81,2025-04-27,2025-04-27,V102,Asia Motors,PROD165,70.76,105.95,25.0,1482.42,Japan,1,Net 45,FOB Shipping Point,123 Japan Blvd,PO0273,2025-04-14,REC00273,2025-04-29,419,419,419,No
INV00274,177833.57,2025-08-18,2025-08-18,V103,Euro Wheels,PROD405,462.38,115.94,25.0,8461.55,Germany,3,Net 60,FOB Destination,123 Germany Blvd,PO0274,2025-08-08,REC00274,2025-08-25,366,366,366,Yes
INV00275,47768.66,2025-12-24,2025-12-24,V104,China Auto,PROD283,131.08,122.3,25.0,2267.68,China,5,Net 30,FOB Shipping Point,123 China Blvd,PO0275,2025-12-09,REC00275,2025-12-28,346,346,346,Yes
INV00276,109525.99,2025-02-07,2025-02-07,V104,China Auto,PROD597,346.18,454.29,25.0,5192.7,China,3,Net 30,FOB Shipping Point,123 China Blvd,PO0276,2025-01-26,REC00276,2025-02-14,300,300,300,Yes
INV00277,176904.35,2025-05-19,2025-05-19,V104,China Auto,PROD488,390.33,235.51,25.0,8411.61,China,4,Net 30,FOB Shipping Point,123 China Blvd,PO0277,2025-05-06,REC00277,2025-05-21,431,431,431,Yes
INV00278,98978.82,2025-05-11,2025-05-11,V101,Global Tech Parts,PROD315,272.25,152.07,0.0,0.0,USA,3,Net 30,FOB Destination,123 USA Blvd,PO0278,2025-05-01,REC00278,2025-05-14,363,363,363,Yes
INV00279,128333.84,2025-03-29,2025-03-29,V103,Euro Wheels,PROD805,475.54,483.69,25.0,6086.91,Germany,2,Net 60,FOB Destination,123 Germany Blvd,PO0279,2025-03-17,REC00279,2025-04-05,256,256,256,No
INV00280,142687.28,2025-04-10,2025-04-10,V102,Asia Motors,PROD561,327.11,124.1,25.0,6787.53,Japan,4,Net 45,FOB Shipping Point,123 Japan Blvd,PO0280,2025-03-28,REC00280,2025-04-13,415,415,415,Yes
INV00281,213858.56,2025-12-29,2025-12-29,V104,China Auto,PROD651,437.74,107.0,25.0,10177.46,China,1,Net 30,FOB Shipping Point,123 China Blvd,PO0281,2025-12-22,REC00281,2026-01-03,465,465,465,No
INV00282,50394.89,2025-07-13,2025-07-13,V103,Euro Wheels,PROD728,129.53,183.49,25.0,2389.83,Germany,3,Net 60,FOB Destination,123 Germany Blvd,PO0282,2025-07-03,REC00282,2025-07-15,369,369,369,Yes
INV00283,59753.8,2025-05-23,2025-05-23,V103,Euro Wheels,PROD704,265.09,163.08,25.0,2836.46,Germany,1,Net 60,FOB Destination,123 Germany Blvd,PO0283,2025-05-17,REC00283,2025-05-26,214,214,214,No
INV00284,230726.04,2025-01-21,2025-01-21,V102,Asia Motors,PROD214,447.96,225.62,25.0,10975.02,Japan,1,Net 45,FOB Shipping Point,123 Japan Blvd,PO0284,2025-01-08,REC00284,2025-01-25,490,490,490,No
INV00285,29907.12,2025-08-12,2025-08-12,V104,China Auto,PROD541,372.38,166.2,25.0,1415.04,China,3,Net 30,FOB Shipping Point,123 China Blvd,PO0285,2025-07-29,REC00285,2025-08-16,76,76,76,Yes
INV00286,99613.77,2025-01-25,2025-01-25,V101,Global Tech Parts,PROD895,351.54,127.95,0.0,0.0,USA,4,Net 30,FOB Destination,123 USA Blvd,PO0286,2025-01-11,REC00286,2025-01-30,283,283,283,Yes
INV00287,69407.98,2025-09-24,2025-09-24,V103,Euro Wheels,PROD521,199.88,334.43,25.0,3288.03,Germany,1,Net 60,FOB Destination,123 Germany Blvd,PO0287,2025-09-10,REC00287,2025-09-30,329,329,329,No
INV00288,194374.51,2025-01-15,2025-01-15,V101,Global Tech Parts,PROD889,496.57,215.64,0.0,0.0,USA,4,Net 30,FOB Destination,123 USA Blvd,PO0288,2025-01-04,REC00288,2025-01-18,391,391,391,Yes
INV00289,48646.03,2025-10-22,2025-10-22,V101,Global Tech Parts,PROD382,138.69,243.22,0.0,0.0,USA,5,Net 30,FOB Destination,123 USA Blvd,PO0289,2025-10-16,REC00289,2025-10-27,349,349,349,Yes
INV00290,71411.79,2025-01-22,2025-01-22,V102,Asia Motors,PROD348,444.05,50.16,25.0,3396.98,Japan,5,Net 45,FOB Shipping Point,123 Japan Blvd,PO0290,2025-01-16,REC00290,2025-01-25,153,153,153,Yes
INV00291,42156.06,2025-04-21,2025-04-21,V103,Euro Wheels,PROD406,143.16,192.34,25.0,1997.08,Germany,1,Net 60,FOB Destination,123 Germany Blvd,PO0291,2025-04-11,REC00291,2025-04-25,279,279,279,No
INV00292,109001.43,2025-07-09,2025-07-09,V103,Euro Wheels,PROD789,372.22,325.41,25.0,5173.86,Germany,2,Net 60,FOB Destination,123 Germany Blvd,PO0292,2025-06-24,REC00292,2025-07-13,278,278,278,No
INV00293,35762.73,2025-06-14,2025-06-14,V102,Asia Motors,PROD307,200.63,346.6,25.0,1685.29,Japan,5,Net 45,FOB Shipping Point,123 Japan Blvd,PO0293,2025-06-05,REC00293,2025-06-20,168,168,168,Yes
INV00294,234513.45,2025-09-23,2025-09-23,V102,Asia Motors,PROD970,498.09,186.91,25.0,11157.22,Japan,2,Net 45,FOB Shipping Point,123 Japan Blvd,PO0294,2025-09-10,REC00294,2025-09-28,448,448,448,No
INV00295,30421.07,2025-11-13,2025-11-13,V102,Asia Motors,PROD928,357.41,373.63,25.0,1429.64,Japan,3,Net 45,FOB Shipping Point,123 Japan Blvd,PO0295,2025-11-07,REC00295,2025-11-16,80,80,80,Yes
INV00296,111792.47,2025-08-09,2025-08-09,V103,Euro Wheels,PROD343,449.29,433.41,25.0,5301.62,Germany,2,Net 60,FOB Destination,123 Germany Blvd,PO0296,2025-07-25,REC00296,2025-08-16,236,236,236,No
INV00297,41966.11,2025-05-09,2025-05-09,V101,Global Tech Parts,PROD613,105.63,242.26,0.0,0.0,USA,5,Net 30,FOB Destination,123 USA Blvd,PO0297,2025-04-25,REC00297,2025-05-16,395,395,395,Yes
INV00298,20501.47,2025-07-31,2025-07-31,V104,China Auto,PROD659,113.12,284.55,25.0,961.52,China,1,Net 30,FOB Shipping Point,123 China Blvd,PO0298,2025-07-26,REC00298,2025-08-02,170,170,170,No
INV00299,79912.52,2025-04-21,2025-04-21,V103,Euro Wheels,PROD572,224.01,151.16,25.0,3796.97,Germany,2,Net 60,FOB Destination,123 Germany Blvd,PO0299,2025-04-12,REC00299,2025-04-25,339,339,339,No
INV00300,73443.13,2025-08-04,2025-08-04,V101,Global Tech Parts,PROD379,255.7,57.23,0.0,0.0,USA,4,Net 30,FOB Destination,123 USA Blvd,PO0300,2025-07-20,REC00300,2025-08-09,287,287,287,Yes
INV00301,46871.78,2025-12-31,2025-12-31,V103,Euro Wheels,PROD934,463.73,102.8,25.0,2225.9,Germany,3,Net 60,FOB Destination,123 Germany Blvd,PO0301,2025-12-17,REC00301,2026-01-05,96,96,96,Yes
INV00302,103350.0,2025-08-07,2025-08-07,V103,Euro Wheels,PROD805,448.34,229.22,25.0,4909.32,Germany,2,Net 60,FOB Destination,123 Germany Blvd,PO0302,2025-07-25,REC00302,2025-08-14,219,219,219,No
INV00303,61810.65,2025-06-28,2025-06-28,V102,Asia Motors,PROD117,208.22,131.71,25.0,2935.9,Japan,2,Net 45,FOB Shipping Point,123 Japan Blvd,PO0303,2025-06-13,REC00303,2025-07-05,282,282,282,No
INV00304,227757.16,2025-01-12,2025-01-12,V102,Asia Motors,PROD889,447.97,73.81,25.0,10840.87,Japan,2,Net 45,FOB Shipping Point,123 Japan Blvd,PO0304,2025-01-07,REC00304,2025-01-15,484,484,484,No
INV00305,8767.46,2025-01-30,2025-01-30,V101,Global Tech Parts,PROD923,377.04,472.58,0.0,0.0,USA,5,Net 30,FOB Destination,123 USA Blvd,PO0305,2025-01-15,REC00305,2025-02-06,22,22,22,Yes
INV00306,24570.84,2025-05-29,2025-05-29,V102,Asia Motors,PROD976,270.12,437.63,25.0,1148.01,Japan,1,Net 45,FOB Shipping Point,123 Japan Blvd,PO0306,2025-05-18,REC00306,2025-05-31,85,85,85,No
INV00307,36950.36,2025-12-02,2025-12-02,V104,China Auto,PROD513,264.37,283.68,25.0,1744.84,China,2,Net 30,FOB Shipping Point,123 China Blvd,PO0307,2025-11-23,REC00307,2025-12-08,132,132,132,No
INV00308,89515.51,2025-09-22,2025-09-22,V101,Global Tech Parts,PROD838,477.43,236.1,0.0,0.0,USA,5,Net 30,FOB Destination,123 USA Blvd,PO0308,2025-09-15,REC00308,2025-09-25,187,187,187,Yes
INV00309,141071.42,2025-12-03,2025-12-03,V103,Euro Wheels,PROD381,313.24,276.36,25.0,6703.34,Germany,5,Net 60,FOB Destination,123 Germany Blvd,PO0309,2025-11-28,REC00309,2025-12-06,428,428,428,Yes
INV00310,46812.91,2025-05-23,2025-05-23,V102,Asia Motors,PROD560,302.01,489.78,25.0,2204.67,Japan,2,Net 45,FOB Shipping Point,123 Japan Blvd,PO0310,2025-05-14,REC00310,2025-05-25,146,146,146,No
INV00311,10642.47,2025-07-09,2025-07-09,V102,Asia Motors,PROD188,63.27,120.98,25.0,499.83,Japan,4,Net 45,FOB Shipping Point,123 Japan Blvd,PO0311,2025-06-24,REC00311,2025-07-14,158,158,158,Yes
INV00312,90583.04,2025-11-10,2025-11-10,V104,China Auto,PROD748,293.14,65.72,25.0,4309.16,China,3,Net 30,FOB Shipping Point,123 China Blvd,PO0312,2025-10-26,REC00312,2025-11-14,294,294,294,Yes
INV00313,77291.23,2025-03-31,2025-03-31,V104,China Auto,PROD721,200.94,466.96,25.0,3657.11,China,5,Net 30,FOB Shipping Point,123 China Blvd,PO0313,2025-03-17,REC00313,2025-04-05,364,364,364,Yes
INV00314,110186.86,2025-07-20,2025-07-20,V103,Euro Wheels,PROD910,301.0,176.46,25.0,5237.4,Germany,2,Net 60,FOB Destination,123 Germany Blvd,PO0314,2025-07-08,REC00314,2025-07-26,348,348,348,No
INV00315,2823.61,2025-03-16,2025-03-16,V104,China Auto,PROD910,132.34,297.38,25.0,119.11,China,5,Net 30,FOB Shipping Point,123 China Blvd,PO0315,2025-03-01,REC00315,2025-03-20,18,18,18,Yes
INV00316,41573.94,2025-10-29,2025-10-29,V104,China Auto,PROD167,224.77,483.46,25.0,1955.5,China,5,Net 30,FOB Shipping Point,123 China Blvd,PO0316,2025-10-23,REC00316,2025-11-01,174,174,174,Yes
INV00317,28016.92,2025-01-22,2025-01-22,V103,Euro Wheels,PROD758,101.81,411.59,25.0,1313.35,Germany,3,Net 60,FOB Destination,123 Germany Blvd,PO0317,2025-01-13,REC00317,2025-01-25,258,258,258,Yes
INV00318,9242.35,2025-09-04,2025-09-04,V101,Global Tech Parts,PROD376,31.86,448.99,0.0,0.0,USA,2,Net 30,FOB Destination,123 USA Blvd,PO0318,2025-08-27,REC00318,2025-09-10,276,276,276,No
INV00319,58332.73,2025-05-03,2025-05-03,V104,China Auto,PROD848,333.81,124.65,25.0,2770.62,China,5,Net 30,FOB Shipping Point,123 China Blvd,PO0319,2025-04-23,REC00319,2025-05-07,166,166,166,Yes
INV00320,167502.19,2025-03-01,2025-03-01,V101,Global Tech Parts,PROD569,379.93,332.99,0.0,0.0,USA,4,Net 30,FOB Destination,123 USA Blvd,PO0320,2025-02-24,REC00320,2025-03-05,440,440,440,Yes
INV00321,122515.77,2025-12-11,2025-12-11,V102,Asia Motors,PROD101,354.19,135.83,25.0,5826.43,Japan,5,Net 45,FOB Shipping Point,123 Japan Blvd,PO0321,2025-11-27,REC00321,2025-12-13,329,329,329,Yes
INV00322,48369.84,2025-06-16,2025-06-16,V101,Global Tech Parts,PROD564,231.94,358.26,0.0,0.0,USA,2,Net 30,FOB Destination,123 USA Blvd,PO0322,2025-06-02,REC00322,2025-06-18,207,207,207,No
INV00323,2249.17,2025-06-02,2025-06-02,V104,China Auto,PROD485,30.46,369.16,25.0,88.33,China,2,Net 30,FOB Shipping Point,123 China Blvd,PO0323,2025-05-27,REC00323,2025-06-05,58,58,58,No
INV00324,13020.57,2025-04-26,2025-04-26,V102,Asia Motors,PROD221,128.49,448.52,25.0,597.48,Japan,1,Net 45,FOB Shipping Point,123 Japan Blvd,PO0324,2025-04-20,REC00324,2025-04-30,93,93,93,No
INV00325,15093.73,2025-02-04,2025-02-04,V103,Euro Wheels,PROD625,203.04,145.29,25.0,710.64,Germany,3,Net 60,FOB Destination,123 Germany Blvd,PO0325,2025-01-26,REC00325,2025-02-08,70,70,70,Yes
INV00326,114222.52,2025-04-16,2025-04-16,V101,Global Tech Parts,PROD519,281.13,83.74,0.0,0.0,USA,4,Net 30,FOB Destination,123 USA Blvd,PO0326,2025-04-10,REC00326,2025-04-18,406,406,406,Yes
INV00327,54385.34,2025-09-22,2025-09-22,V103,Euro Wheels,PROD441,267.44,444.44,25.0,2567.42,Germany,3,Net 60,FOB Destination,123 Germany Blvd,PO0327,2025-09-10,REC00327,2025-09-25,192,192,192,Yes
INV00328,28906.83,2025-02-03,2025-02-03,V102,Asia Motors,PROD423,307.66,131.0,25.0,1369.09,Japan,1,Net 45,FOB Shipping Point,123 Japan Blvd,PO0328,2025-01-28,REC00328,2025-02-05,89,89,89,No
INV00329,86400.66,2025-01-23,2025-01-23,V102,Asia Motors,PROD265,256.64,414.09,25.0,4093.41,Japan,2,Net 45,FOB Shipping Point,123 Japan Blvd,PO0329,2025-01-09,REC00329,2025-01-27,319,319,319,No
INV00330,190165.56,2025-08-30,2025-08-30,V101,Global Tech Parts,PROD103,433.58,257.52,0.0,0.0,USA,2,Net 30,FOB Destination,123 USA Blvd,PO0330,2025-08-24,REC00330,2025-09-02,438,438,438,No
INV00331,122626.7,2025-11-20,2025-11-20,V102,Asia Motors,PROD395,446.65,197.27,25.0,5828.78,Japan,5,Net 45,FOB Shipping Point,123 Japan Blvd,PO0331,2025-11-15,REC00331,2025-11-27,261,261,261,Yes
INV00332,25404.46,2025-12-04,2025-12-04,V101,Global Tech Parts,PROD408,186.65,393.36,0.0,0.0,USA,3,Net 30,FOB Destination,123 USA Blvd,PO0332,2025-11-29,REC00332,2025-12-08,134,134,134,Yes
INV00333,65417.83,2025-08-29,2025-08-29,V101,Global Tech Parts,PROD657,275.56,385.67,0.0,0.0,USA,2,Net 30,FOB Destination,123 USA Blvd,PO0333,2025-08-24,REC00333,2025-09-05,236,236,236,No
INV00334,37411.75,2025-04-20,2025-04-20,V102,Asia Motors,PROD670,251.77,376.56,25.0,1762.39,Japan,5,Net 45,FOB Shipping Point,123 Japan Blvd,PO0334,2025-04-08,REC00334,2025-04-22,140,140,140,Yes
INV00335,51591.81,2025-08-24,2025-08-24,V104,China Auto,PROD178,180.69,341.19,25.0,2439.32,China,5,Net 30,FOB Shipping Point,123 China Blvd,PO0335,2025-08-18,REC00335,2025-08-26,270,270,270,Yes
INV00336,167832.98,2025-10-07,2025-10-07,V104,China Auto,PROD810,344.02,201.44,25.0,7981.26,China,4,Net 30,FOB Shipping Point,123 China Blvd,PO0336,2025-09-26,REC00336,2025-10-10,464,464,464,Yes
INV00337,177481.37,2025-02-09,2025-02-09,V101,Global Tech Parts,PROD751,417.99,253.61,0.0,0.0,USA,1,Net 30,FOB Destination,123 USA Blvd,PO0337,2025-02-02,REC00337,2025-02-11,424,424,424,No
INV00338,14165.32,2025-05-22,2025-05-22,V102,Asia Motors,PROD414,315.62,221.48,25.0,662.8,Japan,3,Net 45,FOB Shipping Point,123 Japan Blvd,PO0338,2025-05-07,REC00338,2025-05-25,42,42,42,Yes
INV00339,88317.1,2025-12-28,2025-12-28,V101,Global Tech Parts,PROD815,283.49,435.2,0.0,0.0,USA,1,Net 30,FOB Destination,123 USA Blvd,PO0339,2025-12-20,REC00339,2026-01-04,310,310,310,No
INV00340,38126.19,2025-11-08,2025-11-08,V102,Asia Motors,PROD174,344.41,129.99,25.0,1808.15,Japan,5,Net 45,FOB Shipping Point,123 Japan Blvd,PO0340,2025-11-03,REC00340,2025-11-15,105,105,105,Yes
INV00341,37864.66,2025-03-18,2025-03-18,V102,Asia Motors,PROD180,356.15,443.91,25.0,1780.75,Japan,2,Net 45,FOB Shipping Point,123 Japan Blvd,PO0341,2025-03-07,REC00341,2025-03-23,100,100,100,No
INV00342,126379.47,2025-03-26,2025-03-26,V103,Euro Wheels,PROD295,305.85,466.61,25.0,5994.66,Germany,4,Net 60,FOB Destination,123 Germany Blvd,PO0342,2025-03-11,REC00342,2025-03-28,392,392,392,Yes
INV00343,7366.03,2025-06-30,2025-06-30,V101,Global Tech Parts,PROD722,447.25,210.03,0.0,0.0,USA,5,Net 30,FOB Destination,123 USA Blvd,PO0343,2025-06-24,REC00343,2025-07-03,16,16,16,Yes
INV00344,45861.09,2025-12-29,2025-12-29,V101,Global Tech Parts,PROD704,114.94,114.97,0.0,0.0,USA,3,Net 30,FOB Destination,123 USA Blvd,PO0344,2025-12-14,REC00344,2026-01-01,398,398,398,Yes
INV00345,7804.41,2025-12-23,2025-12-23,V101,Global Tech Parts,PROD535,27.07,62.39,0.0,0.0,USA,3,Net 30,FOB Destination,123 USA Blvd,PO0345,2025-12-13,REC00345,2025-12-27,286,286,286,Yes
INV00346,69704.29,2025-05-12,2025-05-12,V103,Euro Wheels,PROD844,297.45,343.7,25.0,3301.69,Germany,1,Net 60,FOB Destination,123 Germany Blvd,PO0346,2025-05-05,REC00346,2025-05-17,222,222,222,No
INV00347,34473.26,2025-10-21,2025-10-21,V101,Global Tech Parts,PROD566,80.37,396.38,0.0,0.0,USA,4,Net 30,FOB Destination,123 USA Blvd,PO0347,2025-10-11,REC00347,2025-10-24,424,424,424,Yes
INV00348,86515.53,2025-08-02,2025-08-02,V101,Global Tech Parts,PROD653,401.88,111.33,0.0,0.0,USA,1,Net 30,FOB Destination,123 USA Blvd,PO0348,2025-07-25,REC00348,2025-08-05,215,215,215,No
INV00349,65934.65,2025-05-02,2025-05-02,V104,China Auto,PROD553,281.6,268.69,25.0,3125.76,China,1,Net 30,FOB Shipping Point,123 China Blvd,PO0349,2025-04-24,REC00349,2025-05-09,222,222,222,No
INV00350,156245.64,2025-01-28,2025-01-28,V104,China Auto,PROD415,397.19,244.13,25.0,7427.45,China,3,Net 30,FOB Shipping Point,123 China Blvd,PO0350,2025-01-22,REC00350,2025-02-01,374,374,374,Yes
INV00351,143799.56,2026-01-04,2026-01-04,V101,Global Tech Parts,PROD376,475.8,107.96,0.0,0.0,USA,3,Net 30,FOB Destination,123 USA Blvd,PO0351,2025-12-27,REC00351,2026-01-10,302,302,302,Yes
INV00352,91460.79,2025-11-04,2025-11-04,V102,Asia Motors,PROD624,437.57,464.99,25.0,4331.94,Japan,3,Net 45,FOB Shipping Point,123 Japan Blvd,PO0352,2025-10-21,REC00352,2025-11-07,198,198,198,Yes
INV00353,172686.25,2025-07-08,2025-07-08,V103,Euro Wheels,PROD124,496.17,217.37,25.0,8211.61,Germany,5,Net 60,FOB Destination,123 Germany Blvd,PO0353,2025-06-27,REC00353,2025-07-13,331,331,331,Yes
INV00354,87228.1,2025-06-23,2025-06-23,V104,China Auto,PROD189,261.63,394.27,25.0,4133.75,China,3,Net 30,FOB Shipping Point,123 China Blvd,PO0354,2025-06-14,REC00354,2025-06-26,316,316,316,Yes
INV00355,22391.47,2025-06-04,2025-06-04,V104,China Auto,PROD489,135.9,248.74,25.0,1053.23,China,1,Net 30,FOB Shipping Point,123 China Blvd,PO0355,2025-05-24,REC00355,2025-06-09,155,155,155,No
INV00356,113476.15,2026-01-06,2026-01-06,V102,Asia Motors,PROD643,291.75,106.27,25.0,5397.38,Japan,3,Net 45,FOB Shipping Point,123 Japan Blvd,PO0356,2025-12-27,REC00356,2026-01-11,370,370,370,Yes
INV00357,11422.92,2025-08-13,2025-08-13,V102,Asia Motors,PROD667,22.58,88.73,25.0,538.53,Japan,2,Net 45,FOB Shipping Point,123 Japan Blvd,PO0357,2025-08-02,REC00357,2025-08-17,477,477,477,No
INV00358,194248.3,2025-11-20,2025-11-20,V102,Asia Motors,PROD781,467.58,294.5,25.0,9234.7,Japan,2,Net 45,FOB Shipping Point,123 Japan Blvd,PO0358,2025-11-14,REC00358,2025-11-22,395,395,395,No
INV00359,155928.28,2025-01-15,2025-01-15,V103,Euro Wheels,PROD196,329.07,72.18,25.0,7420.53,Germany,3,Net 60,FOB Destination,123 Germany Blvd,PO0359,2025-01-01,REC00359,2025-01-21,451,451,451,Yes
INV00360,29265.98,2025-12-25,2025-12-25,V102,Asia Motors,PROD587,294.5,173.83,25.0,1384.15,Japan,4,Net 45,FOB Shipping Point,123 Japan Blvd,PO0360,2025-12-14,REC00360,2025-12-31,94,94,94,Yes
INV00361,62721.11,2025-05-13,2025-05-13,V104,China Auto,PROD799,133.31,127.06,25.0,2979.48,China,3,Net 30,FOB Shipping Point,123 China Blvd,PO0361,2025-05-07,REC00361,2025-05-16,447,447,447,Yes
INV00362,85002.19,2025-01-18,2025-01-18,V104,China Auto,PROD744,406.82,399.31,25.0,4027.52,China,5,Net 30,FOB Shipping Point,123 China Blvd,PO0362,2025-01-03,REC00362,2025-01-24,198,198,198,Yes
INV00363,2167.5,2025-12-26,2025-12-26,V101,Global Tech Parts,PROD549,24.93,472.26,0.0,0.0,USA,2,Net 30,FOB Destination,123 USA Blvd,PO0363,2025-12-13,REC00363,2025-12-31,68,68,68,No
INV00364,186646.95,2025-06-04,2025-06-04,V104,China Auto,PROD820,385.69,333.68,25.0,8870.87,China,5,Net 30,FOB Shipping Point,123 China Blvd,PO0364,2025-05-24,REC00364,2025-06-09,460,460,460,Yes
INV00365,28629.59,2025-06-15,2025-06-15,V104,China Auto,PROD543,300.99,477.07,25.0,1339.41,China,2,Net 30,FOB Shipping Point,123 China Blvd,PO0365,2025-06-05,REC00365,2025-06-18,89,89,89,No
INV00366,24664.64,2025-10-19,2025-10-19,V101,Global Tech Parts,PROD622,490.27,151.14,0.0,0.0,USA,4,Net 30,FOB Destination,123 USA Blvd,PO0366,2025-10-14,REC00366,2025-10-26,50,50,50,Yes
INV00367,213924.68,2025-11-15,2025-11-15,V104,China Auto,PROD634,485.47,317.15,25.0,10170.6,China,5,Net 30,FOB Shipping Point,123 China Blvd,PO0367,2025-11-02,REC00367,2025-11-21,419,419,419,Yes
INV00368,28889.58,2025-07-17,2025-07-17,V103,Euro Wheels,PROD544,81.37,157.24,25.0,1367.02,Germany,1,Net 60,FOB Destination,123 Germany Blvd,PO0368,2025-07-03,REC00368,2025-07-20,336,336,336,No
INV00369,9055.21,2025-01-20,2025-01-20,V103,Euro Wheels,PROD898,21.99,71.48,25.0,426.61,Germany,3,Net 60,FOB Destination,123 Germany Blvd,PO0369,2025-01-07,REC00369,2025-01-22,388,388,388,Yes
INV00370,14538.01,2025-02-15,2025-02-15,V104,China Auto,PROD779,54.12,476.99,25.0,668.38,China,2,Net 30,FOB Shipping Point,123 China Blvd,PO0370,2025-02-10,REC00370,2025-02-18,247,247,247,No
INV00371,75440.09,2025-12-10,2025-12-10,V102,Asia Motors,PROD230,158.28,129.21,25.0,3585.04,Japan,4,Net 45,FOB Shipping Point,123 Japan Blvd,PO0371,2025-11-29,REC00371,2025-12-15,453,453,453,Yes
INV00372,25737.72,2025-08-15,2025-08-15,V102,Asia Motors,PROD887,90.68,481.01,25.0,1201.51,Japan,3,Net 45,FOB Shipping Point,123 Japan Blvd,PO0372,2025-08-06,REC00372,2025-08-22,265,265,265,Yes
INV00373,1546.76,2025-10-07,2025-10-07,V103,Euro Wheels,PROD496,39.73,395.41,25.0,53.64,Germany,5,Net 60,FOB Destination,123 Germany Blvd,PO0373,2025-09-23,REC00373,2025-10-10,27,27,27,Yes
INV00374,72442.65,2025-04-05,2025-04-05,V102,Asia Motors,PROD806,311.07,233.86,25.0,3437.32,Japan,1,Net 45,FOB Shipping Point,123 Japan Blvd,PO0374,2025-03-28,REC00374,2025-04-08,221,221,221,No
INV00375,172326.08,2025-03-04,2025-03-04,V104,China Auto,PROD568,344.39,174.96,25.0,8196.48,China,4,Net 30,FOB Shipping Point,123 China Blvd,PO0375,2025-02-19,REC00375,2025-03-07,476,476,476,Yes
INV00376,18377.09,2025-09-09,2025-09-09,V104,China Auto,PROD806,368.44,169.58,25.0,865.83,China,5,Net 30,FOB Shipping Point,123 China Blvd,PO0376,2025-08-26,REC00376,2025-09-11,47,47,47,Yes
INV00377,66571.0,2025-10-17,2025-10-17,V104,China Auto,PROD149,254.12,106.33,25.0,3163.79,China,2,Net 30,FOB Shipping Point,123 China Blvd,PO0377,2025-10-07,REC00377,2025-10-21,249,249,249,No
INV00378,59169.95,2025-01-23,2025-01-23,V102,Asia Motors,PROD519,240.38,83.58,25.0,2812.45,Japan,2,Net 45,FOB Shipping Point,123 Japan Blvd,PO0378,2025-01-14,REC00378,2025-01-25,234,234,234,No
INV00379,179129.24,2025-02-22,2025-02-22,V102,Asia Motors,PROD842,488.15,221.67,25.0,8518.22,Japan,4,Net 45,FOB Shipping Point,123 Japan Blvd,PO0379,2025-02-08,REC00379,2025-02-27,349,349,349,Yes
INV00380,153561.69,2025-02-04,2025-02-04,V103,Euro Wheels,PROD584,322.81,331.06,25.0,7295.51,Germany,3,Net 60,FOB Destination,123 Germany Blvd,PO0380,2025-01-28,REC00380,2025-02-11,452,452,452,Yes
INV00381,37578.59,2025-03-26,2025-03-26,V104,China Auto,PROD648,81.47,256.62,25.0,1776.05,China,3,Net 30,FOB Shipping Point,123 China Blvd,PO0381,2025-03-21,REC00381,2025-03-28,436,436,436,Yes
INV00382,26267.63,2025-04-24,2025-04-24,V101,Global Tech Parts,PROD472,224.7,427.13,0.0,0.0,USA,3,Net 30,FOB Destination,123 USA Blvd,PO0382,2025-04-14,REC00382,2025-04-27,115,115,115,Yes
INV00383,10235.38,2025-11-25,2025-11-25,V101,Global Tech Parts,PROD912,113.16,164.14,0.0,0.0,USA,2,Net 30,FOB Destination,123 USA Blvd,PO0383,2025-11-15,REC00383,2025-11-27,89,89,89,No
INV00384,64079.31,2025-05-01,2025-05-01,V104,China Auto,PROD224,335.96,205.11,25.0,3040.44,China,1,Net 30,FOB Shipping Point,123 China Blvd,PO0384,2025-04-24,REC00384,2025-05-08,181,181,181,No
INV00385,167889.38,2025-04-16,2025-04-16,V104,China Auto,PROD323,421.07,299.57,25.0,7979.28,China,2,Net 30,FOB Shipping Point,123 China Blvd,PO0385,2025-04-11,REC00385,2025-04-23,379,379,379,No
INV00386,19129.9,2025-06-10,2025-06-10,V104,China Auto,PROD586,451.41,145.68,25.0,902.82,China,5,Net 30,FOB Shipping Point,123 China Blvd,PO0386,2025-05-29,REC00386,2025-06-13,40,40,40,Yes
INV00387,106016.84,2025-01-15,2025-01-15,V104,China Auto,PROD691,227.5,409.09,25.0,5027.75,China,3,Net 30,FOB Shipping Point,123 China Blvd,PO0387,2025-01-10,REC00387,2025-01-20,442,442,442,Yes
INV00388,157752.9,2025-03-09,2025-03-09,V101,Global Tech Parts,PROD695,454.59,464.76,0.0,0.0,USA,3,Net 30,FOB Destination,123 USA Blvd,PO0388,2025-03-03,REC00388,2025-03-12,346,346,346,Yes
INV00389,41565.15,2025-12-19,2025-12-19,V103,Euro Wheels,PROD426,215.45,141.43,25.0,1971.37,Germany,2,Net 60,FOB Destination,123 Germany Blvd,PO0389,2025-12-09,REC00389,2025-12-26,183,183,183,No
INV00390,50559.71,2025-06-14,2025-06-14,V102,Asia Motors,PROD456,104.22,415.31,25.0,2386.64,Japan,4,Net 45,FOB Shipping Point,123 Japan Blvd,PO0390,2025-06-04,REC00390,2025-06-19,458,458,458,Yes
INV00391,56636.22,2025-09-01,2025-09-01,V104,China Auto,PROD521,251.69,320.75,25.0,2680.5,China,2,Net 30,FOB Shipping Point,123 China Blvd,PO0391,2025-08-24,REC00391,2025-09-07,213,213,213,No
INV00392,30194.03,2025-10-20,2025-10-20,V104,China Auto,PROD665,146.94,83.07,25.0,1432.66,China,2,Net 30,FOB Shipping Point,123 China Blvd,PO0392,2025-10-08,REC00392,2025-10-22,195,195,195,No
INV00393,45292.18,2025-08-27,2025-08-27,V101,Global Tech Parts,PROD547,145.46,199.58,0.0,0.0,USA,4,Net 30,FOB Destination,123 USA Blvd,PO0393,2025-08-21,REC00393,2025-08-30,310,310,310,Yes
INV00394,48651.79,2025-08-10,2025-08-10,V104,China Auto,PROD475,339.37,164.75,25.0,2307.72,China,1,Net 30,FOB Shipping Point,123 China Blvd,PO0394,2025-07-30,REC00394,2025-08-14,136,136,136,No
INV00395,70747.29,2025-06-17,2025-06-17,V103,Euro Wheels,PROD694,261.63,396.15,25.0,3348.86,Germany,3,Net 60,FOB Destination,123 Germany Blvd,PO0395,2025-06-12,REC00395,2025-06-19,256,256,256,Yes
INV00396,118576.13,2025-07-29,2025-07-29,V102,Asia Motors,PROD651,297.39,204.78,25.0,5635.54,Japan,4,Net 45,FOB Shipping Point,123 Japan Blvd,PO0396,2025-07-15,REC00396,2025-08-01,379,379,379,Yes
INV00397,141373.77,2025-04-14,2025-04-14,V103,Euro Wheels,PROD430,361.77,421.27,25.0,6710.83,Germany,2,Net 60,FOB Destination,123 Germany Blvd,PO0397,2025-04-01,REC00397,2025-04-21,371,371,371,No
INV00398,4716.1,2025-03-14,2025-03-14,V104,China Auto,PROD966,59.74,237.48,25.0,212.08,China,4,Net 30,FOB Shipping Point,123 China Blvd,PO0398,2025-03-02,REC00398,2025-03-20,71,71,71,Yes
INV00399,40893.54,2025-06-14,2025-06-14,V103,Euro Wheels,PROD312,104.79,267.65,25.0,1933.38,Germany,4,Net 60,FOB Destination,123 Germany Blvd,PO0399,2025-06-06,REC00399,2025-06-18,369,369,369,Yes
INV00400,20438.82,2025-12-02,2025-12-02,V102,Asia Motors,PROD564,116.92,280.2,25.0,958.74,Japan,4,Net 45,FOB Shipping Point,123 Japan Blvd,PO0400,2025-11-19,REC00400,2025-12-07,164,164,164,Yes
INV00401,35684.17,2025-06-25,2025-06-25,V101,Global Tech Parts,PROD848,206.81,319.66,0.0,0.0,USA,4,Net 30,FOB Destination,123 USA Blvd,PO0401,2025-06-14,REC00401,2025-06-30,171,171,171,Yes
INV00402,65764.78,2025-10-15,2025-10-15,V104,China Auto,PROD809,133.79,416.81,25.0,3110.62,China,2,Net 30,FOB Shipping Point,123 China Blvd,PO0402,2025-10-02,REC00402,2025-10-22,465,465,465,No
INV00403,112687.08,2025-03-07,2025-03-07,V103,Euro Wheels,PROD223,422.07,96.01,25.0,5360.29,Germany,5,Net 60,FOB Destination,123 Germany Blvd,PO0403,2025-03-01,REC00403,2025-03-12,254,254,254,Yes
INV00404,42376.76,2025-04-05,2025-04-05,V101,Global Tech Parts,PROD871,176.71,143.07,0.0,0.0,USA,1,Net 30,FOB Destination,123 USA Blvd,PO0404,2025-03-23,REC00404,2025-04-10,239,239,239,No
INV00405,26603.61,2025-08-30,2025-08-30,V101,Global Tech Parts,PROD752,242.34,430.89,0.0,0.0,USA,4,Net 30,FOB Destination,123 USA Blvd,PO0405,2025-08-20,REC00405,2025-09-03,108,108,108,Yes
INV00406,18693.15,2025-09-03,2025-09-03,V103,Euro Wheels,PROD845,75.12,53.41,25.0,886.42,Germany,4,Net 60,FOB Destination,123 Germany Blvd,PO0406,2025-08-23,REC00406,2025-09-09,236,236,236,Yes
INV00407,197941.85,2025-07-18,2025-07-18,V104,China Auto,PROD317,448.0,348.85,25.0,9408.0,China,5,Net 30,FOB Shipping Point,123 China Blvd,PO0407,2025-07-06,REC00407,2025-07-20,420,420,420,Yes
INV00408,4306.3,2025-12-05,2025-12-05,V102,Asia Motors,PROD384,328.57,486.32,25.0,180.71,Japan,2,Net 45,FOB Shipping Point,123 Japan Blvd,PO0408,2025-11-20,REC00408,2025-12-12,11,11,11,No
INV00409,43876.24,2025-08-30,2025-08-30,V104,China Auto,PROD497,387.11,359.43,25.0,2071.04,China,1,Net 30,FOB Shipping Point,123 China Blvd,PO0409,2025-08-20,REC00409,2025-09-01,107,107,107,No
INV00410,196287.16,2025-07-24,2025-07-24,V102,Asia Motors,PROD949,411.66,456.08,25.0,9324.1,Japan,4,Net 45,FOB Shipping Point,123 Japan Blvd,PO0410,2025-07-14,REC00410,2025-07-27,453,453,453,Yes
INV00411,19336.31,2025-07-17,2025-07-17,V101,Global Tech Parts,PROD826,188.33,314.98,0.0,0.0,USA,5,Net 30,FOB Destination,123 USA Blvd,PO0411,2025-07-12,REC00411,2025-07-19,101,101,101,Yes
INV00412,9023.04,2025-12-15,2025-12-15,V103,Euro Wheels,PROD358,21.38,377.62,25.0,410.5,Germany,3,Net 60,FOB Destination,123 Germany Blvd,PO0412,2025-12-10,REC00412,2025-12-19,384,384,384,Yes
INV00413,22417.13,2025-02-16,2025-02-16,V101,Global Tech Parts,PROD130,310.5,371.63,0.0,0.0,USA,2,Net 30,FOB Destination,123 USA Blvd,PO0413,2025-02-10,REC00413,2025-02-21,71,71,71,No
INV00414,12208.35,2025-04-08,2025-04-08,V103,Euro Wheels,PROD544,110.76,204.66,25.0,570.41,Germany,3,Net 60,FOB Destination,123 Germany Blvd,PO0414,2025-03-29,REC00414,2025-04-12,103,103,103,Yes
INV00415,20379.98,2025-12-06,2025-12-06,V101,Global Tech Parts,PROD616,123.87,65.3,0.0,0.0,USA,3,Net 30,FOB Destination,123 USA Blvd,PO0415,2025-11-25,REC00415,2025-12-11,164,164,164,Yes
INV00416,53671.39,2025-08-07,2025-08-07,V103,Euro Wheels,PROD526,462.83,189.52,25.0,2545.57,Germany,5,Net 60,FOB Destination,123 Germany Blvd,PO0416,2025-07-31,REC00416,2025-08-12,110,110,110,Yes
INV00417,8831.62,2025-02-16,2025-02-16,V102,Asia Motors,PROD132,94.64,61.88,25.0,416.42,Japan,1,Net 45,FOB Shipping Point,123 Japan Blvd,PO0417,2025-02-04,REC00417,2025-02-23,88,88,88,No
INV00418,19047.81,2025-12-12,2025-12-12,V103,Euro Wheels,PROD417,152.51,286.96,25.0,892.18,Germany,4,Net 60,FOB Destination,123 Germany Blvd,PO0418,2025-12-05,REC00418,2025-12-18,117,117,117,Yes
INV00419,44808.54,2025-06-25,2025-06-25,V103,Euro Wheels,PROD783,196.99,106.21,25.0,2127.49,Germany,4,Net 60,FOB Destination,123 Germany Blvd,PO0419,2025-06-16,REC00419,2025-06-27,216,216,216,Yes
INV00420,9119.57,2025-12-22,2025-12-22,V101,Global Tech Parts,PROD930,209.45,322.67,0.0,0.0,USA,1,Net 30,FOB Destination,123 USA Blvd,PO0420,2025-12-11,REC00420,2025-12-29,42,42,42,No
INV00421,32125.55,2025-02-21,2025-02-21,V103,Euro Wheels,PROD713,251.44,419.11,25.0,1508.64,Germany,3,Net 60,FOB Destination,123 Germany Blvd,PO0421,2025-02-11,REC00421,2025-02-27,120,120,120,Yes
INV00422,61782.59,2025-05-06,2025-05-06,V103,Euro Wheels,PROD339,218.59,246.36,25.0,2929.11,Germany,3,Net 60,FOB Destination,123 Germany Blvd,PO0422,2025-04-28,REC00422,2025-05-12,268,268,268,Yes
INV00423,10508.52,2025-10-27,2025-10-27,V103,Euro Wheels,PROD415,402.96,328.93,25.0,483.55,Germany,2,Net 60,FOB Destination,123 Germany Blvd,PO0423,2025-10-15,REC00423,2025-10-30,24,24,24,No
INV00424,94419.78,2025-08-17,2025-08-17,V101,Global Tech Parts,PROD702,289.51,329.03,0.0,0.0,USA,3,Net 30,FOB Destination,123 USA Blvd,PO0424,2025-08-10,REC00424,2025-08-19,325,325,325,Yes
INV00425,85018.18,2025-05-26,2025-05-26,V104,China Auto,PROD598,269.08,232.98,25.0,4036.2,China,2,Net 30,FOB Shipping Point,123 China Blvd,PO0425,2025-05-19,REC00425,2025-05-30,300,300,300,No
INV00426,172284.65,2025-12-10,2025-12-10,V102,Asia Motors,PROD298,401.03,458.4,25.0,8181.01,Japan,2,Net 45,FOB Shipping Point,123 Japan Blvd,PO0426,2025-12-04,REC00426,2025-12-16,408,408,408,No
INV00427,116274.52,2025-07-30,2025-07-30,V101,Global Tech Parts,PROD745,271.69,262.89,0.0,0.0,USA,4,Net 30,FOB Destination,123 USA Blvd,PO0427,2025-07-18,REC00427,2025-08-01,427,427,427,Yes
INV00428,39859.68,2025-03-13,2025-03-13,V101,Global Tech Parts,PROD104,261.19,419.99,0.0,0.0,USA,5,Net 30,FOB Destination,123 USA Blvd,PO0428,2025-03-01,REC00428,2025-03-15,151,151,151,Yes
INV00429,122898.98,2025-07-11,2025-07-11,V102,Asia Motors,PROD165,325.16,304.92,25.0,5836.62,Japan,4,Net 45,FOB Shipping Point,123 Japan Blvd,PO0429,2025-07-02,REC00429,2025-07-16,359,359,359,Yes
INV00430,2920.78,2025-08-18,2025-08-18,V103,Euro Wheels,PROD945,33.34,95.22,25.0,133.36,Germany,2,Net 60,FOB Destination,123 Germany Blvd,PO0430,2025-08-07,REC00430,2025-08-23,80,80,80,No
INV00431,44244.0,2025-02-18,2025-02-18,V104,China Auto,PROD602,109.68,226.35,25.0,2094.89,China,5,Net 30,FOB Shipping Point,123 China Blvd,PO0431,2025-02-03,REC00431,2025-02-22,382,382,382,Yes
INV00432,82419.29,2025-01-22,2025-01-22,V102,Asia Motors,PROD273,233.52,253.63,25.0,3911.46,Japan,4,Net 45,FOB Shipping Point,123 Japan Blvd,PO0432,2025-01-07,REC00432,2025-01-26,335,335,335,Yes
INV00433,86864.07,2025-09-25,2025-09-25,V102,Asia Motors,PROD314,165.3,230.13,25.0,4124.24,Japan,1,Net 45,FOB Shipping Point,123 Japan Blvd,PO0433,2025-09-12,REC00433,2025-10-02,499,499,499,No
INV00434,34267.59,2025-07-02,2025-07-02,V102,Asia Motors,PROD654,439.09,125.3,25.0,1624.63,Japan,4,Net 45,FOB Shipping Point,123 Japan Blvd,PO0434,2025-06-27,REC00434,2025-07-04,74,74,74,Yes
INV00435,35929.85,2025-12-19,2025-12-19,V104,China Auto,PROD179,149.93,326.46,25.0,1694.21,China,4,Net 30,FOB Shipping Point,123 China Blvd,PO0435,2025-12-11,REC00435,2025-12-25,226,226,226,Yes
INV00436,136112.11,2025-11-03,2025-11-03,V103,Euro Wheels,PROD931,360.84,68.47,25.0,6477.08,Germany,5,Net 60,FOB Destination,123 Germany Blvd,PO0436,2025-10-27,REC00436,2025-11-09,359,359,359,Yes
INV00437,11683.35,2025-08-16,2025-08-16,V102,Asia Motors,PROD912,45.44,398.32,25.0,536.19,Japan,3,Net 45,FOB Shipping Point,123 Japan Blvd,PO0437,2025-08-10,REC00437,2025-08-21,236,236,236,Yes
INV00438,63670.42,2025-05-17,2025-05-17,V104,China Auto,PROD764,222.95,205.0,25.0,3020.97,China,1,Net 30,FOB Shipping Point,123 China Blvd,PO0438,2025-05-08,REC00438,2025-05-21,271,271,271,No
INV00439,13889.67,2025-08-04,2025-08-04,V103,Euro Wheels,PROD912,29.41,308.13,25.0,645.55,Germany,3,Net 60,FOB Destination,123 Germany Blvd,PO0439,2025-07-30,REC00439,2025-08-09,439,439,439,Yes
INV00440,126665.37,2025-05-06,2025-05-06,V101,Global Tech Parts,PROD743,353.74,380.19,0.0,0.0,USA,5,Net 30,FOB Destination,123 USA Blvd,PO0440,2025-04-27,REC00440,2025-05-11,357,357,357,Yes
INV00441,58353.27,2025-06-21,2025-06-21,V101,Global Tech Parts,PROD647,476.41,231.25,0.0,0.0,USA,1,Net 30,FOB Destination,123 USA Blvd,PO0441,2025-06-07,REC00441,2025-06-25,122,122,122,No
INV00442,66859.22,2025-03-02,2025-03-02,V101,Global Tech Parts,PROD475,133.26,229.22,0.0,0.0,USA,4,Net 30,FOB Destination,123 USA Blvd,PO0442,2025-02-23,REC00442,2025-03-08,500,500,500,Yes
INV00443,70660.32,2025-07-24,2025-07-24,V101,Global Tech Parts,PROD633,182.28,117.96,0.0,0.0,USA,5,Net 30,FOB Destination,123 USA Blvd,PO0443,2025-07-14,REC00443,2025-07-31,387,387,387,Yes
INV00444,50978.86,2025-03-12,2025-03-12,V103,Euro Wheels,PROD138,144.22,73.04,25.0,2422.9,Germany,2,Net 60,FOB Destination,123 Germany Blvd,PO0444,2025-03-04,REC00444,2025-03-17,336,336,336,No
INV00445,41163.15,2025-10-01,2025-10-01,V103,Euro Wheels,PROD355,313.52,317.85,25.0,1943.82,Germany,1,Net 60,FOB Destination,123 Germany Blvd,PO0445,2025-09-16,REC00445,2025-10-08,124,124,124,No
INV00446,7734.99,2025-03-10,2025-03-10,V101,Global Tech Parts,PROD458,109.67,58.09,0.0,0.0,USA,5,Net 30,FOB Destination,123 USA Blvd,PO0446,2025-03-03,REC00446,2025-03-13,70,70,70,Yes
INV00447,27581.8,2025-08-17,2025-08-17,V104,China Auto,PROD707,201.43,484.61,25.0,1289.15,China,1,Net 30,FOB Shipping Point,123 China Blvd,PO0447,2025-08-10,REC00447,2025-08-20,128,128,128,No
INV00448,48085.82,2025-02-18,2025-02-18,V101,Global Tech Parts,PROD182,223.38,59.12,0.0,0.0,USA,2,Net 30,FOB Destination,123 USA Blvd,PO0448,2025-02-04,REC00448,2025-02-23,215,215,215,No
INV00449,44768.05,2025-12-18,2025-12-18,V102,Asia Motors,PROD811,113.17,182.36,25.0,2121.94,Japan,2,Net 45,FOB Shipping Point,123 Japan Blvd,PO0449,2025-12-12,REC00449,2025-12-23,375,375,375,No
INV00450,14252.76,2025-11-02,2025-11-02,V104,China Auto,PROD360,274.47,106.28,25.0,672.45,China,4,Net 30,FOB Shipping Point,123 China Blvd,PO0450,2025-10-21,REC00450,2025-11-06,49,49,49,Yes
INV00451,60455.66,2025-04-07,2025-04-07,V101,Global Tech Parts,PROD254,188.11,260.46,0.0,0.0,USA,1,Net 30,FOB Destination,123 USA Blvd,PO0451,2025-03-31,REC00451,2025-04-13,320,320,320,No
INV00452,29679.61,2025-09-10,2025-09-10,V102,Asia Motors,PROD864,91.79,162.48,25.0,1404.39,Japan,3,Net 45,FOB Shipping Point,123 Japan Blvd,PO0452,2025-08-30,REC00452,2025-09-15,306,306,306,Yes
INV00453,35449.62,2025-02-08,2025-02-08,V103,Euro Wheels,PROD955,87.24,432.66,25.0,1666.28,Germany,5,Net 60,FOB Destination,123 Germany Blvd,PO0453,2025-01-30,REC00453,2025-02-10,382,382,382,Yes
INV00454,84327.03,2025-04-22,2025-04-22,V104,China Auto,PROD409,283.31,413.94,25.0,3994.67,China,4,Net 30,FOB Shipping Point,123 China Blvd,PO0454,2025-04-09,REC00454,2025-04-28,282,282,282,Yes
INV00455,110945.96,2025-03-11,2025-03-11,V104,China Auto,PROD970,252.98,153.67,25.0,5274.63,China,5,Net 30,FOB Shipping Point,123 China Blvd,PO0455,2025-03-02,REC00455,2025-03-13,417,417,417,Yes
INV00456,107246.42,2025-01-16,2025-01-16,V104,China Auto,PROD330,488.95,434.74,25.0,5085.08,China,4,Net 30,FOB Shipping Point,123 China Blvd,PO0456,2025-01-10,REC00456,2025-01-18,208,208,208,Yes
INV00457,127886.7,2025-11-28,2025-11-28,V103,Euro Wheels,PROD113,256.07,415.66,25.0,6068.86,Germany,3,Net 60,FOB Destination,123 Germany Blvd,PO0457,2025-11-22,REC00457,2025-12-01,474,474,474,Yes
INV00458,64052.39,2025-04-06,2025-04-06,V102,Asia Motors,PROD396,301.47,85.6,25.0,3044.85,Japan,2,Net 45,FOB Shipping Point,123 Japan Blvd,PO0458,2025-04-01,REC00458,2025-04-09,202,202,202,No
INV00459,128936.16,2025-09-26,2025-09-26,V101,Global Tech Parts,PROD812,352.28,353.96,0.0,0.0,USA,4,Net 30,FOB Destination,123 USA Blvd,PO0459,2025-09-14,REC00459,2025-10-03,365,365,365,Yes
INV00460,137252.8,2025-04-26,2025-04-26,V102,Asia Motors,PROD808,395.75,100.42,25.0,6529.88,Japan,1,Net 45,FOB Shipping Point,123 Japan Blvd,PO0460,2025-04-20,REC00460,2025-05-03,330,330,330,No
INV00461,108196.55,2025-10-30,2025-10-30,V102,Asia Motors,PROD315,296.48,149.06,25.0,5143.93,Japan,4,Net 45,FOB Shipping Point,123 Japan Blvd,PO0461,2025-10-17,REC00461,2025-11-04,347,347,347,Yes
INV00462,135612.38,2025-08-15,2025-08-15,V102,Asia Motors,PROD359,382.78,140.68,25.0,6449.84,Japan,3,Net 45,FOB Shipping Point,123 Japan Blvd,PO0462,2025-08-04,REC00462,2025-08-19,337,337,337,Yes
INV00463,95387.59,2025-04-06,2025-04-06,V102,Asia Motors,PROD729,206.23,84.33,25.0,4537.06,Japan,2,Net 45,FOB Shipping Point,123 Japan Blvd,PO0463,2025-03-31,REC00463,2025-04-10,440,440,440,No
INV00464,74591.36,2025-01-21,2025-01-21,V101,Global Tech Parts,PROD484,210.51,70.82,0.0,0.0,USA,3,Net 30,FOB Destination,123 USA Blvd,PO0464,2025-01-07,REC00464,2025-01-28,354,354,354,Yes
INV00465,31107.73,2025-09-15,2025-09-15,V104,China Auto,PROD647,166.05,396.69,25.0,1461.24,China,5,Net 30,FOB Shipping Point,123 China Blvd,PO0465,2025-09-04,REC00465,2025-09-20,176,176,176,Yes
INV00466,79462.84,2025-11-12,2025-11-12,V102,Asia Motors,PROD519,417.95,445.29,25.0,3761.55,Japan,4,Net 45,FOB Shipping Point,123 Japan Blvd,PO0466,2025-11-03,REC00466,2025-11-16,180,180,180,Yes
INV00467,8797.38,2025-08-15,2025-08-15,V103,Euro Wheels,PROD160,19.01,488.77,25.0,394.46,Germany,3,Net 60,FOB Destination,123 Germany Blvd,PO0467,2025-08-04,REC00467,2025-08-22,415,415,415,Yes
INV00468,13269.15,2025-05-28,2025-05-28,V101,Global Tech Parts,PROD475,38.91,312.12,0.0,0.0,USA,2,Net 30,FOB Destination,123 USA Blvd,PO0468,2025-05-20,REC00468,2025-05-31,333,333,333,No
INV00469,6425.34,2025-05-03,2025-05-03,V102,Asia Motors,PROD862,139.01,124.04,25.0,298.87,Japan,3,Net 45,FOB Shipping Point,123 Japan Blvd,PO0469,2025-04-28,REC00469,2025-05-06,43,43,43,Yes
INV00470,9568.07,2025-04-25,2025-04-25,V104,China Auto,PROD951,314.92,284.42,25.0,440.89,China,5,Net 30,FOB Shipping Point,123 China Blvd,PO0470,2025-04-14,REC00470,2025-05-02,28,28,28,Yes
INV00471,9903.42,2025-05-21,2025-05-21,V104,China Auto,PROD628,334.9,384.0,25.0,452.12,China,4,Net 30,FOB Shipping Point,123 China Blvd,PO0471,2025-05-14,REC00471,2025-05-24,27,27,27,Yes
INV00472,148293.36,2025-04-16,2025-04-16,V103,Euro Wheels,PROD485,423.93,486.36,25.0,7037.24,Germany,2,Net 60,FOB Destination,123 Germany Blvd,PO0472,2025-04-02,REC00472,2025-04-21,332,332,332,No
INV00473,70506.61,2025-04-24,2025-04-24,V102,Asia Motors,PROD437,190.02,449.74,25.0,3334.85,Japan,2,Net 45,FOB Shipping Point,123 Japan Blvd,PO0473,2025-04-13,REC00473,2025-05-01,351,351,351,No
INV00474,124276.13,2026-01-07,2026-01-07,V103,Euro Wheels,PROD940,389.15,443.06,25.0,5895.62,Germany,5,Net 60,FOB Destination,123 Germany Blvd,PO0474,2025-12-26,REC00474,2026-01-09,303,303,303,Yes
INV00475,115940.1,2025-05-17,2025-05-17,V101,Global Tech Parts,PROD806,236.3,153.1,0.0,0.0,USA,5,Net 30,FOB Destination,123 USA Blvd,PO0475,2025-05-09,REC00475,2025-05-19,490,490,490,Yes
INV00476,13012.65,2025-07-03,2025-07-03,V104,China Auto,PROD465,35.81,391.48,25.0,599.82,China,3,Net 30,FOB Shipping Point,123 China Blvd,PO0476,2025-06-26,REC00476,2025-07-07,335,335,335,Yes
INV00477,51003.52,2025-09-04,2025-09-04,V101,Global Tech Parts,PROD725,226.21,332.48,0.0,0.0,USA,2,Net 30,FOB Destination,123 USA Blvd,PO0477,2025-08-28,REC00477,2025-09-06,224,224,224,No
INV00478,78502.62,2025-01-31,2025-01-31,V103,Euro Wheels,PROD570,166.44,359.01,25.0,3719.93,Germany,1,Net 60,FOB Destination,123 Germany Blvd,PO0478,2025-01-19,REC00478,2025-02-05,447,447,447,No
INV00479,126499.68,2025-10-15,2025-10-15,V102,Asia Motors,PROD141,309.19,186.02,25.0,6013.75,Japan,1,Net 45,FOB Shipping Point,123 Japan Blvd,PO0479,2025-10-01,REC00479,2025-10-18,389,389,389,No
INV00480,82878.46,2025-05-25,2025-05-25,V101,Global Tech Parts,PROD872,166.29,398.62,0.0,0.0,USA,2,Net 30,FOB Destination,123 USA Blvd,PO0480,2025-05-18,REC00480,2025-05-30,496,496,496,No
INV00481,38392.74,2025-12-06,2025-12-06,V103,Euro Wheels,PROD613,226.91,485.12,25.0,1803.93,Germany,2,Net 60,FOB Destination,123 Germany Blvd,PO0481,2025-11-29,REC00481,2025-12-08,159,159,159,No
INV00482,43775.41,2025-02-07,2025-02-07,V101,Global Tech Parts,PROD616,494.22,284.05,0.0,0.0,USA,2,Net 30,FOB Destination,123 USA Blvd,PO0482,2025-01-27,REC00482,2025-02-09,88,88,88,No
INV00483,37052.43,2025-10-05,2025-10-05,V104,China Auto,PROD983,147.13,259.64,25.0,1750.85,China,1,Net 30,FOB Shipping Point,123 China Blvd,PO0483,2025-09-24,REC00483,2025-10-12,238,238,238,No
INV00484,13736.72,2025-06-03,2025-06-03,V102,Asia Motors,PROD265,54.09,478.6,25.0,630.15,Japan,1,Net 45,FOB Shipping Point,123 Japan Blvd,PO0484,2025-05-27,REC00484,2025-06-05,233,233,233,No
INV00485,30436.56,2025-08-15,2025-08-15,V104,China Auto,PROD422,424.28,117.97,25.0,1442.55,China,1,Net 30,FOB Shipping Point,123 China Blvd,PO0485,2025-08-03,REC00485,2025-08-19,68,68,68,No
INV00486,7924.51,2025-11-22,2025-11-22,V104,China Auto,PROD342,16.73,363.48,25.0,358.86,China,2,Net 30,FOB Shipping Point,123 China Blvd,PO0486,2025-11-13,REC00486,2025-11-29,429,429,429,No
INV00487,12747.81,2025-10-24,2025-10-24,V104,China Auto,PROD355,74.59,113.37,25.0,600.45,China,3,Net 30,FOB Shipping Point,123 China Blvd,PO0487,2025-10-11,REC00487,2025-10-31,161,161,161,Yes
INV00488,86976.92,2025-05-04,2025-05-04,V104,China Auto,PROD315,188.13,233.4,25.0,4129.45,China,1,Net 30,FOB Shipping Point,123 China Blvd,PO0488,2025-04-24,REC00488,2025-05-06,439,439,439,No
INV00489,174320.71,2025-04-20,2025-04-20,V103,Euro Wheels,PROD377,376.43,385.05,25.0,8281.46,Germany,3,Net 60,FOB Destination,123 Germany Blvd,PO0489,2025-04-09,REC00489,2025-04-26,440,440,440,Yes
INV00490,62005.1,2025-01-07,2025-01-07,V104,China Auto,PROD523,139.86,301.84,25.0,2937.06,China,4,Net 30,FOB Shipping Point,123 China Blvd,PO0490,2025-01-01,REC00490,2025-01-14,420,420,420,Yes
INV00491,45520.83,2025-04-29,2025-04-29,V102,Asia Motors,PROD389,195.91,240.62,25.0,2155.01,Japan,1,Net 45,FOB Shipping Point,123 Japan Blvd,PO0491,2025-04-22,REC00491,2025-05-04,220,220,220,No
INV00492,19214.99,2025-07-10,2025-07-10,V102,Asia Motors,PROD474,39.31,79.43,25.0,910.03,Japan,1,Net 45,FOB Shipping Point,123 Japan Blvd,PO0492,2025-07-05,REC00492,2025-07-14,463,463,463,No
INV00493,82430.28,2025-03-26,2025-03-26,V104,China Auto,PROD471,171.72,185.74,25.0,3915.22,China,4,Net 30,FOB Shipping Point,123 China Blvd,PO0493,2025-03-15,REC00493,2025-03-28,456,456,456,Yes
INV00494,31905.34,2025-03-29,2025-03-29,V102,Asia Motors,PROD305,321.83,453.64,25.0,1496.51,Japan,3,Net 45,FOB Shipping Point,123 Japan Blvd,PO0494,2025-03-16,REC00494,2025-04-05,93,93,93,Yes
INV00495,17294.05,2025-10-16,2025-10-16,V103,Euro Wheels,PROD967,226.29,399.13,25.0,803.33,Germany,1,Net 60,FOB Destination,123 Germany Blvd,PO0495,2025-10-01,REC00495,2025-10-21,71,71,71,No
INV00496,1894.95,2025-08-20,2025-08-20,V103,Euro Wheels,PROD297,37.61,290.33,25.0,75.22,Germany,2,Net 60,FOB Destination,123 Germany Blvd,PO0496,2025-08-06,REC00496,2025-08-27,40,40,40,No
INV00497,3894.29,2025-05-30,2025-05-30,V104,China Auto,PROD479,15.65,56.95,25.0,181.54,China,5,Net 30,FOB Shipping Point,123 China Blvd,PO0497,2025-05-19,REC00497,2025-06-05,232,232,232,Yes
INV00498,148487.81,2025-11-04,2025-11-04,V104,China Auto,PROD958,415.54,115.03,25.0,7064.18,China,1,Net 30,FOB Shipping Point,123 China Blvd,PO0498,2025-10-25,REC00498,2025-11-10,340,340,340,No
INV00499,233714.51,2025-08-25,2025-08-25,V104,China Auto,PROD112,466.21,188.23,25.0,11119.11,China,5,Net 30,FOB Shipping Point,123 China Blvd,PO0499,2025-08-14,REC00499,2025-08-30,477,477,477,Yes
INV00500,126696.91,2025-04-24,2025-04-24,V104,China Auto,PROD341,416.81,190.92,25.0,6022.9,China,5,Net 30,FOB Shipping Point,123 China Blvd,PO0500,2025-04-11,REC00500,2025-04-30,289,289,289,Yes
