HospitalID,Admissions,Beds,StaffingLevel,TotalOperatingCost
HOSP_0001,23723,351,1531,220037071
HOSP_0002,38390,888,3776,476230380
HOSP_0003,31700,740,3297,418280860
HOSP_0004,36600,697,1871,367812519
HOSP_0005,5653,154,582,74864759
HOSP_0006,50595,768,3035,473343630
HOSP_0007,25955,725,1883,297302008
HOSP_0008,38969,736,2963,403754662
HOSP_0009,13809,459,1386,180325553
HOSP_0010,41143,533,1851,380688436
HOSP_0011,64725,887,2797,592289403
HOSP_0012,43364,993,2568,399862590
HOSP_0013,41979,717,2517,370641497
HOSP_0014,35577,631,2689,433124080
HOSP_0015,26880,549,1795,243904663
HOSP_0016,18252,320,967,178265324
HOSP_0017,33527,587,2542,413545213
HOSP_0018,37048,652,2522,354366850
HOSP_0019,74825,945,2910,603178565
HOSP_0020,13890,213,591,115228429
HOSP_0021,11395,205,700,117893121
HOSP_0022,17941,382,1573,186074597
HOSP_0023,58687,816,2924,581665063
HOSP_0024,17908,324,823,143084700
HOSP_0025,16818,499,2228,256321371
HOSP_0026,9512,198,531,80746813
HOSP_0027,43276,690,2586,424329524
HOSP_0028,54350,968,3399,548313975
HOSP_0029,5439,106,379,54065273
HOSP_0030,44196,995,2920,496039284
HOSP_0031,28190,521,2016,306144193
HOSP_0032,20213,307,828,179234416
HOSP_0033,62743,871,2436,469748810
HOSP_0034,15218,361,1444,182981711
HOSP_0035,22225,692,2506,307082877
HOSP_0036,11081,183,627,113013335
HOSP_0037,14053,462,1616,171975764
HOSP_0038,6942,211,854,85441437
HOSP_0039,33364,640,2506,311310953
HOSP_0040,39792,575,1604,348074746
HOSP_0041,42875,537,1759,392163960
HOSP_0042,28641,721,2198,355433095
HOSP_0043,20498,505,1646,254495718
HOSP_0044,51142,756,2277,456939602
HOSP_0045,4059,67,223,35629780
HOSP_0046,42106,718,2899,389781955
HOSP_0047,3491,50,150,25709038
HOSP_0048,35381,521,1655,274645413
HOSP_0049,5871,135,380,62991705
HOSP_0050,35589,756,2654,356305390
HOSP_0051,14664,380,1548,206252078
HOSP_0052,7604,186,630,84126871
HOSP_0053,14980,283,969,170057171
HOSP_0054,33535,466,1773,287344383
HOSP_0055,12747,323,1350,178289808
HOSP_0056,17392,499,1610,236776654
HOSP_0057,15889,235,693,146231970
HOSP_0058,25153,478,1267,216201101
HOSP_0059,31558,435,1321,272891466
HOSP_0060,43876,610,2499,380927143
HOSP_0061,12229,160,594,100385972
HOSP_0062,54571,733,1906,372638864
HOSP_0063,35097,679,2416,316830847
HOSP_0064,13242,169,751,131354234
HOSP_0065,34191,644,2542,333651449
HOSP_0066,21643,577,2068,239704115
HOSP_0067,37674,815,2883,444637793
HOSP_0068,18717,485,1590,211606079
HOSP_0069,38942,683,2845,399578753
HOSP_0070,25117,523,1870,277615037
HOSP_0071,63329,863,2207,554565640
HOSP_0072,24965,652,2853,302697161
HOSP_0073,15084,476,1702,212840527
HOSP_0074,37569,507,2225,375227096
HOSP_0075,25870,627,2812,387444597
HOSP_0076,14377,464,1912,185859760
HOSP_0077,23589,300,1004,172418887
HOSP_0078,25201,351,1415,254460171
HOSP_0079,36507,522,1559,322336175
HOSP_0080,65478,912,2695,521050085
HOSP_0081,11472,257,742,123192887
HOSP_0082,42042,863,3699,433508722
HOSP_0083,42148,785,2697,383019682
HOSP_0084,49124,807,3310,435959541
HOSP_0085,18739,269,949,156541281
HOSP_0086,41059,824,2513,379201144
HOSP_0087,41627,702,2145,374117525
HOSP_0088,15951,227,1001,163702086
HOSP_0089,3357,61,172,33244498
HOSP_0090,13116,189,757,110384871
HOSP_0091,71408,982,3608,602389456
HOSP_0092,43821,955,3556,490414296
HOSP_0093,33606,781,2081,290304080
HOSP_0094,74166,929,2423,556084917
HOSP_0095,66550,896,3512,592837828
HOSP_0096,24839,476,1797,273772372
HOSP_0097,8740,173,624,79218948
HOSP_0098,19128,295,909,144289052
HOSP_0099,22446,284,916,207070509
HOSP_0100,27137,541,1755,308377449
HOSP_0101,23994,753,2541,278941318
HOSP_0102,42887,827,2173,376331529
HOSP_0103,44220,617,1803,350718162
HOSP_0104,29552,910,3725,419286318
HOSP_0105,69982,918,3819,728610989
HOSP_0106,15209,283,1033,167102435
HOSP_0107,46337,654,1673,325490774
HOSP_0108,24205,387,1711,222224790
HOSP_0109,7103,101,282,50355849
HOSP_0110,53344,884,3863,572329264
HOSP_0111,7166,210,888,113474459
HOSP_0112,22785,551,1981,250077081
HOSP_0113,33860,565,2515,314920520
HOSP_0114,40446,567,1967,375490692
HOSP_0115,41485,887,3797,504492003
HOSP_0116,54575,684,1905,410677019
HOSP_0117,31133,406,1255,247975379
HOSP_0118,4367,66,170,35645143
HOSP_0119,12607,397,1441,154586918
HOSP_0120,7902,107,345,62255946
HOSP_0121,11677,282,1203,148315605
HOSP_0122,34028,722,2865,365231262
HOSP_0123,53874,866,2225,401519088
HOSP_0124,14486,465,1532,165381507
HOSP_0125,2279,69,245,28293965
HOSP_0126,63777,958,2603,556055616
HOSP_0127,34474,511,1351,278231123
HOSP_0128,5306,171,481,69991113
HOSP_0129,13216,222,588,96580477
HOSP_0130,7606,195,751,84544790
HOSP_0131,3307,102,262,37167382
HOSP_0132,50140,878,2554,507561388
HOSP_0133,27918,852,3220,403489558
HOSP_0134,11404,169,755,99582805
HOSP_0135,42820,697,2090,384250053
HOSP_0136,49637,829,3129,490047189
HOSP_0137,27623,749,2030,323568114
HOSP_0138,69305,954,3089,628093384
HOSP_0139,67190,900,2684,607483652
HOSP_0140,52511,734,2879,556503772
HOSP_0141,44818,834,2280,384993526
HOSP_0142,26856,775,2273,282920406
HOSP_0143,20487,506,1563,247798948
HOSP_0144,17196,236,706,129950092
HOSP_0145,16803,498,2163,278349507
HOSP_0146,9675,176,784,108307952
HOSP_0147,17932,269,1174,186921669
HOSP_0148,6757,132,447,63046602
HOSP_0149,16944,547,1925,200177815
HOSP_0150,7887,149,492,80777996
HOSP_0151,7394,216,949,110992413
HOSP_0152,8382,142,588,84277708
HOSP_0153,15771,232,652,124049216
HOSP_0154,66447,875,2863,517268388
HOSP_0155,56307,899,2251,486853547
HOSP_0156,29691,568,1485,242551168
HOSP_0157,3206,97,340,40736344
HOSP_0158,31934,433,1861,319487871
HOSP_0159,59846,983,3407,578158007
HOSP_0160,43639,841,3184,425131160
HOSP_0161,60404,858,2460,559888807
HOSP_0162,19886,303,865,148412837
HOSP_0163,66537,947,2820,620759629
HOSP_0164,38916,713,3151,376151943
HOSP_0165,20637,264,677,142759256
HOSP_0166,3435,65,243,36720354
HOSP_0167,19461,334,1151,195522686
HOSP_0168,63588,897,3612,580300582
HOSP_0169,18235,414,1566,234845426
HOSP_0170,54104,892,3387,541810300
HOSP_0171,45302,958,2976,486481296
HOSP_0172,22425,534,1798,256377265
HOSP_0173,3654,76,191,34092623
HOSP_0174,26675,379,991,229140515
HOSP_0175,7025,116,408,67318727
HOSP_0176,19839,497,1499,233863995
HOSP_0177,27083,382,1031,226223200
HOSP_0178,44455,632,2067,417308783
HOSP_0179,4087,66,285,38805534
HOSP_0180,36452,611,2140,369251254
HOSP_0181,2625,75,272,36352277
HOSP_0182,5337,96,402,57755664
HOSP_0183,28899,458,1931,293725409
HOSP_0184,48941,710,2289,422719491
HOSP_0185,35815,480,1511,329603382
HOSP_0186,39563,607,2148,362782129
HOSP_0187,38387,702,2510,380372043
HOSP_0188,35459,516,1815,282656381
HOSP_0189,23665,749,2301,333196542
HOSP_0190,55609,853,2228,457129903
HOSP_0191,50173,950,3775,558651497
HOSP_0192,13283,250,1117,168012488
HOSP_0193,23117,347,1521,205622384
HOSP_0194,41315,878,3493,426788733
HOSP_0195,8978,212,533,85975598
HOSP_0196,9541,123,386,78208886
HOSP_0197,64439,842,3754,691165906
HOSP_0198,12055,269,750,112308077
HOSP_0199,9848,143,444,76365750
HOSP_0200,42687,823,3399,431943943
HOSP_0201,33442,685,2137,345491203
HOSP_0202,5219,83,260,47093056
HOSP_0203,26911,516,2263,313996756
HOSP_0204,30346,518,1629,285934604
HOSP_0205,3714,50,129,26040110
HOSP_0206,11023,237,708,123049679
HOSP_0207,15320,382,1410,168844970
HOSP_0208,6689,101,418,67556562
HOSP_0209,16665,438,1867,198293191
HOSP_0210,13913,206,876,144656410
HOSP_0211,22819,308,1181,230968653
HOSP_0212,60402,953,4164,576426153
HOSP_0213,60461,844,3177,491420859
HOSP_0214,53480,825,3624,586191500
HOSP_0215,71074,929,3720,563462802
HOSP_0216,37104,561,1900,356138783
HOSP_0217,31557,964,4059,492350544
HOSP_0218,36936,680,2090,370784419
HOSP_0219,27122,370,1251,221633469
HOSP_0220,24460,372,1109,187578284
HOSP_0221,30121,580,2151,342396180
HOSP_0222,20917,667,1968,267664461
HOSP_0223,9816,240,671,100736539
HOSP_0224,13012,171,727,127781895
HOSP_0225,7205,114,510,84437689
HOSP_0226,6847,113,458,74098755
HOSP_0227,44218,788,2380,461053970
HOSP_0228,43270,960,2670,414319356
HOSP_0229,56760,831,2435,540814210
HOSP_0230,25483,731,3226,346310995
HOSP_0231,35899,835,2717,409888558
HOSP_0232,20204,335,1330,183696711
HOSP_0233,32062,854,2489,321685165
HOSP_0234,2251,54,181,27828198
HOSP_0235,44037,744,3060,427028956
HOSP_0236,51331,715,2252,494627835
HOSP_0237,70137,935,3230,522878688
HOSP_0238,18317,246,710,134538260
HOSP_0239,18569,289,1031,179196766
HOSP_0240,7538,245,922,100679640
HOSP_0241,23016,649,2042,234571090
HOSP_0242,61346,999,4301,667140509
HOSP_0243,34829,441,1115,239405091
HOSP_0244,26526,718,2701,350851313
HOSP_0245,18043,484,1271,197937736
HOSP_0246,30730,630,2227,349515156
HOSP_0247,10749,286,985,114055220
HOSP_0248,22942,321,947,183568553
HOSP_0249,28649,842,2432,362797910
HOSP_0250,2896,90,262,32697247
HOSP_0251,40878,526,2321,413287553
HOSP_0252,22607,727,2028,296860569
HOSP_0253,33619,451,1320,267521173
HOSP_0254,10158,186,488,81806817
HOSP_0255,45334,593,2457,463324242
HOSP_0256,21278,674,2648,314016802
HOSP_0257,11770,309,1238,159146704
HOSP_0258,32065,425,1354,283516895
HOSP_0259,20479,288,1134,212488104
HOSP_0260,30737,701,2769,403783072
HOSP_0261,8500,147,408,81661977
HOSP_0262,31251,909,3377,422964683
HOSP_0263,26886,581,2603,339348567
HOSP_0264,26330,665,2776,346658787
HOSP_0265,21493,304,1245,214581838
HOSP_0266,21223,502,1313,206013648
HOSP_0267,62488,988,3268,636097705
HOSP_0268,10923,147,589,92913595
HOSP_0269,29567,879,2393,293526654
HOSP_0270,20344,262,1095,185294853
HOSP_0271,3725,112,283,36614032
HOSP_0272,34788,801,3431,406179367
HOSP_0273,39021,938,2771,456444802
HOSP_0274,13803,425,1107,142842215
HOSP_0275,46419,798,3284,493326096
HOSP_0276,12160,167,446,106676328
HOSP_0277,22096,596,1564,245000970
HOSP_0278,37349,571,1845,307598569
HOSP_0279,7543,100,301,56998360
HOSP_0280,7709,182,498,67165028
HOSP_0281,44255,939,3166,503052278
HOSP_0282,14726,266,850,145568076
HOSP_0283,29674,648,2370,354072179
HOSP_0284,26443,854,3011,376012183
HOSP_0285,18114,530,2202,271111000
HOSP_0286,10936,281,1203,153932233
HOSP_0287,26536,338,1269,209470905
HOSP_0288,12002,385,1637,189032232
HOSP_0289,17140,228,659,138333905
HOSP_0290,11417,330,1449,164373808
HOSP_0291,13885,461,1912,213478183
HOSP_0292,25438,444,1271,236346917
HOSP_0293,3547,97,310,41605995
HOSP_0294,26328,369,1017,209041718
HOSP_0295,39435,601,2260,377394018
HOSP_0296,32413,512,1492,318482067
HOSP_0297,35102,503,1466,313909214
HOSP_0298,33198,436,1628,289660577
HOSP_0299,14864,228,604,129194815
HOSP_0300,21272,441,1832,269075847
HOSP_0301,35165,854,2619,371897627
HOSP_0302,7540,121,459,82994676
HOSP_0303,64643,810,3100,501160074
HOSP_0304,35588,853,3785,495301915
HOSP_0305,25082,359,1041,178458919
HOSP_0306,30641,795,3290,415780526
HOSP_0307,21584,523,1741,233089976
HOSP_0308,4224,108,475,54430358
HOSP_0309,18457,340,1358,213905449
HOSP_0310,4269,59,226,41637109
HOSP_0311,72188,985,3449,649945435
HOSP_0312,16443,253,813,147758837
HOSP_0313,31075,712,2008,276464711
HOSP_0314,21777,313,1387,192878465
HOSP_0315,33305,706,2254,298886788
HOSP_0316,23505,341,1332,219355935
HOSP_0317,10052,215,774,99629928
HOSP_0318,35354,814,3650,428713528
HOSP_0319,37792,760,2667,386917077
HOSP_0320,34093,727,3238,359390729
HOSP_0321,41149,668,2328,427531081
HOSP_0322,54631,885,2590,500292588
HOSP_0323,41669,842,2894,484668993
HOSP_0324,27508,728,2615,316240784
HOSP_0325,67033,861,3173,524520760
HOSP_0326,11484,145,549,86348719
HOSP_0327,27242,584,2539,286317870
HOSP_0328,22078,290,764,184201333
HOSP_0329,39041,630,2110,384579053
HOSP_0330,29175,590,1829,285697680
HOSP_0331,45327,746,2765,434590134
HOSP_0332,36720,632,2677,344369954
HOSP_0333,28468,494,1806,260115825
HOSP_0334,41202,528,2263,386320780
HOSP_0335,20247,441,1503,194927378
HOSP_0336,52693,732,2218,414594127
HOSP_0337,28612,933,3402,365055854
HOSP_0338,15936,303,904,165565657
HOSP_0339,7037,146,601,91844246
HOSP_0340,14376,306,866,154465665
HOSP_0341,56940,775,2419,485726013
HOSP_0342,17956,437,1133,174313446
HOSP_0343,25809,650,2851,329454675
HOSP_0344,45333,795,2047,333262714
HOSP_0345,20333,575,1444,186291369
HOSP_0346,3424,74,218,30628320
HOSP_0347,50735,641,1873,399998007
HOSP_0348,17582,261,1097,156466938
HOSP_0349,6288,136,432,64178701
HOSP_0350,20325,646,2898,277186204
HOSP_0351,46080,875,3794,480071593
HOSP_0352,7219,97,311,54432331
HOSP_0353,57297,911,3827,541642798
HOSP_0354,45193,685,2092,433190765
HOSP_0355,5610,124,412,55779441
HOSP_0356,35837,749,3124,359202686
HOSP_0357,53204,932,2816,494604630
HOSP_0358,2421,74,269,31892739
HOSP_0359,3825,66,178,29709254
HOSP_0360,26608,563,1740,259826369
HOSP_0361,15973,502,1782,237749503
HOSP_0362,35282,474,2051,297393170
HOSP_0363,26388,722,2710,307556325
HOSP_0364,6512,85,310,55182559
HOSP_0365,26610,737,2403,306269456
HOSP_0366,13521,412,1756,206340714
HOSP_0367,16957,237,1052,149820943
HOSP_0368,35077,445,1326,295878502
HOSP_0369,35272,580,1723,350846879
HOSP_0370,17552,308,1032,167868420
HOSP_0371,17535,397,1023,190739474
HOSP_0372,12842,237,972,129885873
HOSP_0373,26549,413,1357,226185425
HOSP_0374,68112,940,3974,560175900
HOSP_0375,54608,892,2954,485167013
HOSP_0376,4744,71,220,37411334
HOSP_0377,30990,402,1416,236135141
HOSP_0378,13282,416,1421,174432247
HOSP_0379,27068,640,2435,284710383
HOSP_0380,17666,434,1506,222579123
HOSP_0381,24690,514,1875,277967322
HOSP_0382,56018,962,4234,562939541
HOSP_0383,2864,67,257,31312767
HOSP_0384,24742,580,2605,283301530
HOSP_0385,63056,791,2407,507185242
HOSP_0386,31146,896,2367,347906157
HOSP_0387,23110,521,1911,292416769
HOSP_0388,11852,233,871,143825797
HOSP_0389,46143,654,2286,418804699
HOSP_0390,25101,604,1700,232079024
HOSP_0391,59349,881,2249,413984429
HOSP_0392,18985,514,2037,251704864
HOSP_0393,55434,886,3900,550960775
HOSP_0394,62869,927,3233,499099161
HOSP_0395,28943,538,2355,362915480
HOSP_0396,30256,392,1270,239826060
HOSP_0397,24916,538,1774,271041333
HOSP_0398,7013,137,524,79216726
HOSP_0399,21018,390,1409,222192362
HOSP_0400,44875,697,1883,340004243
HOSP_0401,23014,559,1497,202215531
HOSP_0402,8387,170,657,101427648
HOSP_0403,18646,294,1124,159097114
HOSP_0404,64587,968,2936,569637660
HOSP_0405,55194,751,3107,503098998
HOSP_0406,24701,617,2081,282792852
HOSP_0407,45868,867,2293,461240378
HOSP_0408,10290,338,1244,149105828
HOSP_0409,23259,433,1331,224342661
HOSP_0410,39615,517,1505,300228055
HOSP_0411,30294,766,1996,304726233
HOSP_0412,42491,782,2090,355253863
HOSP_0413,17393,399,1714,238007247
HOSP_0414,26484,825,3164,340592581
HOSP_0415,5549,113,368,61177626
HOSP_0416,41166,557,1999,377091007
HOSP_0417,26947,478,1361,258762686
HOSP_0418,23947,378,1149,227796946
HOSP_0419,15196,203,571,121537712
HOSP_0420,17301,264,1026,164686550
HOSP_0421,36105,841,2448,365551849
HOSP_0422,13263,210,599,124700693
HOSP_0423,11609,214,844,132120798
HOSP_0424,30330,887,2612,336639293
HOSP_0425,28844,391,1444,245161905
HOSP_0426,25662,463,1627,225107710
HOSP_0427,5689,86,264,43384954
HOSP_0428,34551,535,1587,337341562
HOSP_0429,36497,668,2937,364350643
HOSP_0430,7054,215,746,97656037
HOSP_0431,10124,142,613,91831637
HOSP_0432,13372,168,649,128940591
HOSP_0433,21885,530,1537,217879298
HOSP_0434,16892,375,1565,188548658
HOSP_0435,40617,538,1716,340170840
HOSP_0436,4509,72,287,38462472
HOSP_0437,10574,200,886,117186288
HOSP_0438,50980,771,3072,548354885
HOSP_0439,31347,439,1274,255559628
HOSP_0440,52680,668,1845,370995320
HOSP_0441,9336,249,629,86108670
HOSP_0442,22805,618,2679,354529016
HOSP_0443,5116,106,266,50118462
HOSP_0444,7753,138,426,77960379
HOSP_0445,37984,700,1821,374811588
HOSP_0446,18633,282,715,142507148
HOSP_0447,13137,231,1037,150167436
HOSP_0448,33077,700,2581,341045126
HOSP_0449,22727,537,1971,295674736
HOSP_0450,29308,968,3609,391564246
HOSP_0451,4878,149,374,57793249
HOSP_0452,33131,419,1484,249418553
HOSP_0453,3564,62,278,39042116
HOSP_0454,46328,901,2937,414133177
HOSP_0455,57416,788,2739,449543245
HOSP_0456,13003,379,1656,182410135
HOSP_0457,41452,818,2268,396444932
HOSP_0458,23960,782,3451,333481178
HOSP_0459,9499,176,648,84120292
HOSP_0460,9789,142,458,74059597
HOSP_0461,36027,659,1786,341788398
HOSP_0462,19629,417,1186,180953109
HOSP_0463,59684,969,3523,645919739
HOSP_0464,21458,276,738,183582992
HOSP_0465,51155,813,2096,408702584
HOSP_0466,13802,389,1634,207290901
HOSP_0467,51189,908,2816,540550491
HOSP_0468,17814,539,2228,284581324
HOSP_0469,48988,845,3286,508888061
HOSP_0470,28972,716,3160,345079113
HOSP_0471,68516,869,3158,611792576
HOSP_0472,42579,933,3481,546505817
HOSP_0473,15769,381,1237,173550160
HOSP_0474,42535,728,2687,370006077
HOSP_0475,24154,352,1521,231577392
HOSP_0476,45974,728,2573,444600324
HOSP_0477,9333,130,434,74828514
HOSP_0478,31962,982,2883,405296623
HOSP_0479,15567,314,1274,176962484
HOSP_0480,21843,321,1114,200231240
HOSP_0481,2146,69,231,29166333
HOSP_0482,9974,212,945,111962883
HOSP_0483,43581,865,3470,430265694
HOSP_0484,13684,188,567,120761604
HOSP_0485,17096,447,1321,199693852
HOSP_0486,57025,884,2656,487963246
HOSP_0487,4590,114,469,51057489
HOSP_0488,4516,105,412,53319679
HOSP_0489,10595,348,1514,155545719
HOSP_0490,44684,847,3636,534088964
HOSP_0491,29528,424,1234,250145104
HOSP_0492,59758,763,2242,506573948
HOSP_0493,30545,411,1653,243297105
HOSP_0494,32182,612,1593,269899634
HOSP_0495,15179,360,1024,150773338
HOSP_0496,63681,952,2940,593870911
HOSP_0497,7450,119,348,64606006
HOSP_0498,4123,98,337,44611525
HOSP_0499,41259,827,2298,433385188
HOSP_0500,10530,306,838,131699100
HOSP_0501,21403,522,2343,298369720
HOSP_0502,41997,732,3273,462360689
HOSP_0503,20377,443,1634,228110235
HOSP_0504,28800,873,3076,383450444
HOSP_0505,3840,79,340,48903321
HOSP_0506,20793,619,1747,242959134
HOSP_0507,33914,451,1830,304747342
HOSP_0508,13425,201,655,110295463
HOSP_0509,35629,448,1327,300138827
HOSP_0510,9466,286,1195,145578768
HOSP_0511,7433,200,832,111934720
HOSP_0512,38672,689,1978,324616270
HOSP_0513,10950,318,1004,126769064
HOSP_0514,28054,540,1720,288058389
HOSP_0515,60839,863,3701,589985689
HOSP_0516,54208,896,2873,543347500
HOSP_0517,20299,301,850,166855697
HOSP_0518,53930,719,3153,442965140
HOSP_0519,6288,105,323,48817940
HOSP_0520,35744,490,2124,379805335
HOSP_0521,55506,986,4027,638024239
HOSP_0522,14813,472,1567,198234440
HOSP_0523,54959,961,3731,602798224
HOSP_0524,37239,719,3081,476433338
HOSP_0525,5781,128,537,76954129
HOSP_0526,14805,282,1013,140632736
HOSP_0527,49882,911,3712,609649817
HOSP_0528,43724,876,2880,439533859
HOSP_0529,55426,843,2577,413780777
HOSP_0530,22242,311,1286,188895945
HOSP_0531,20737,289,741,153426348
HOSP_0532,21002,305,1306,212092291
HOSP_0533,12717,278,891,129002393
HOSP_0534,11516,238,966,149675289
HOSP_0535,10940,304,1171,128833134
HOSP_0536,17364,256,678,123802889
HOSP_0537,37118,769,2550,336891472
HOSP_0538,18477,424,1207,191743079
HOSP_0539,17302,437,1177,178307582
HOSP_0540,33418,653,1759,302786718
HOSP_0541,2228,61,184,23444898
HOSP_0542,4759,61,230,47014286
HOSP_0543,51072,695,2029,379176569
HOSP_0544,45241,988,3591,451609209
HOSP_0545,48248,920,3751,529360014
HOSP_0546,50603,987,4096,624828287
HOSP_0547,50825,729,2942,533081061
HOSP_0548,4427,131,571,58613426
HOSP_0549,25226,361,1279,230822180
HOSP_0550,30022,780,2096,318158622
HOSP_0551,44929,707,2584,381120777
HOSP_0552,19438,547,2424,290830256
HOSP_0553,3934,120,308,37198506
HOSP_0554,23684,300,1115,235227788
HOSP_0555,34215,831,2998,453661093
HOSP_0556,44144,858,3142,480431896
HOSP_0557,46017,817,3615,562487193
HOSP_0558,33057,744,2412,388687683
HOSP_0559,35180,949,3281,437327395
HOSP_0560,31530,1000,4213,450012147
HOSP_0561,32876,554,2350,377226257
HOSP_0562,24819,516,2087,322426069
HOSP_0563,40268,734,3123,495133080
HOSP_0564,19760,321,886,182700880
HOSP_0565,29756,549,1483,251242818
HOSP_0566,11770,222,826,118418135
HOSP_0567,16997,297,1209,179311047
HOSP_0568,35498,495,1264,311661958
HOSP_0569,65472,837,2311,458407960
HOSP_0570,38842,673,2042,359047782
HOSP_0571,27881,904,3384,339490632
HOSP_0572,29507,821,2406,345910751
HOSP_0573,18502,523,1631,233273743
HOSP_0574,13335,325,1111,147175694
HOSP_0575,25628,558,1676,254430676
HOSP_0576,32636,670,2748,350037919
HOSP_0577,13173,231,876,145418413
HOSP_0578,25493,395,1197,197584297
HOSP_0579,40997,845,2672,393814828
HOSP_0580,6373,81,321,52242757
HOSP_0581,27333,607,2268,287740657
HOSP_0582,15269,321,977,148960438
HOSP_0583,46481,650,1928,399719364
HOSP_0584,16735,246,749,124519231
HOSP_0585,13739,225,614,102438893
HOSP_0586,62619,827,2212,543358895
HOSP_0587,10082,156,611,86628197
HOSP_0588,46469,992,4160,624854934
HOSP_0589,22481,569,1750,277943317
HOSP_0590,20146,314,1107,176360194
HOSP_0591,21942,522,1615,218093040
HOSP_0592,12834,302,1276,150136844
HOSP_0593,45958,891,3883,557494890
HOSP_0594,63178,923,3604,668513312
HOSP_0595,9143,286,775,91094098
HOSP_0596,7241,165,733,104817335
HOSP_0597,26970,840,3269,428133327
HOSP_0598,36393,758,3300,453628520
HOSP_0599,2724,73,243,33657970
HOSP_0600,48210,848,3415,516075978
HOSP_0601,38979,714,2784,411728059
HOSP_0602,26193,358,1583,235120455
HOSP_0603,26745,545,2052,280124092
HOSP_0604,11261,355,1482,184493032
HOSP_0605,21994,283,781,191465570
HOSP_0606,24201,303,958,208067224
HOSP_0607,21169,267,891,165446451
HOSP_0608,10626,351,983,140202403
HOSP_0609,61355,883,2975,483500058
HOSP_0610,39191,866,2203,325151820
HOSP_0611,9808,312,1314,165507169
HOSP_0612,28347,604,1932,253768994
HOSP_0613,28468,470,1797,301971153
HOSP_0614,46733,906,2988,475833955
HOSP_0615,30522,640,1724,283508474
HOSP_0616,26890,418,1117,246246996
HOSP_0617,55716,964,3841,533726644
HOSP_0618,30697,566,1612,301678732
HOSP_0619,13269,216,942,122078223
HOSP_0620,29488,420,1863,313469307
HOSP_0621,5406,70,245,46464685
HOSP_0622,28759,412,1786,242867800
HOSP_0623,10151,177,704,93254697
HOSP_0624,18059,452,2012,220287904
HOSP_0625,22599,306,1084,209619627
HOSP_0626,4957,144,416,53640719
HOSP_0627,33121,609,2123,315453017
HOSP_0628,8381,204,748,87852034
HOSP_0629,15956,351,976,172527162
HOSP_0630,22081,291,785,160738597
HOSP_0631,76601,968,4097,791202360
HOSP_0632,57223,835,2728,500811035
HOSP_0633,24436,381,1092,235322713
HOSP_0634,17800,356,1448,194057492
HOSP_0635,19222,310,1252,196921650
HOSP_0636,31617,419,1438,291145587
HOSP_0637,25214,526,2344,289772216
HOSP_0638,29645,452,1403,250237952
HOSP_0639,14684,287,792,142194729
HOSP_0640,54890,972,3381,562275200
HOSP_0641,7394,136,563,78289110
HOSP_0642,37852,890,3828,453506219
HOSP_0643,10820,349,1482,177906968
HOSP_0644,7252,147,473,67884661
HOSP_0645,18529,313,1398,171797784
HOSP_0646,5827,109,407,66528805
HOSP_0647,9818,158,452,85806613
HOSP_0648,20077,346,1368,209264560
HOSP_0649,55976,775,3283,548941753
HOSP_0650,20937,565,1907,239520975
HOSP_0651,49703,742,3074,530563438
HOSP_0652,42783,737,2714,427789141
HOSP_0653,2034,61,226,29985600
HOSP_0654,24748,360,1481,222036050
HOSP_0655,32325,942,3847,422319634
HOSP_0656,41190,891,3747,445068317
HOSP_0657,24265,565,1671,270614098
HOSP_0658,7208,106,383,68381567
HOSP_0659,50814,759,2164,371783026
HOSP_0660,43062,619,1647,372493249
HOSP_0661,42453,629,2006,356424713
HOSP_0662,35813,628,1923,317961277
HOSP_0663,28037,375,1504,235504552
HOSP_0664,14662,242,884,159756618
HOSP_0665,74606,996,4193,662662194
HOSP_0666,27772,371,1288,233266880
HOSP_0667,28222,413,1103,221383053
HOSP_0668,18585,448,1523,226882360
HOSP_0669,61321,979,4241,651672132
HOSP_0670,37617,834,2219,350817085
HOSP_0671,16432,421,1749,228561052
HOSP_0672,2450,67,218,27627527
HOSP_0673,14243,200,717,135425832
HOSP_0674,27954,416,1339,265703750
HOSP_0675,45330,809,3196,437660681
HOSP_0676,10520,168,532,100410592
HOSP_0677,35277,630,2194,393375364
HOSP_0678,31065,500,1898,287349841
HOSP_0679,45053,604,2259,391409783
HOSP_0680,5962,191,829,81529714
HOSP_0681,36082,692,2525,403046646
HOSP_0682,8682,159,448,80713681
HOSP_0683,56923,886,3115,469719116
HOSP_0684,7118,122,436,77221694
HOSP_0685,42397,965,2765,485859033
HOSP_0686,67273,894,3852,636679461
HOSP_0687,15114,285,743,117171391
HOSP_0688,38591,619,1966,324471954
HOSP_0689,40756,572,1662,335801349
HOSP_0690,23372,731,2065,261024238
HOSP_0691,28231,777,1948,294891875
HOSP_0692,10670,171,576,97007265
HOSP_0693,18110,236,1027,149158696
HOSP_0694,19773,381,1533,193613907
HOSP_0695,12123,241,1023,127781653
HOSP_0696,7855,166,694,79725671
HOSP_0697,49329,889,3235,558427382
HOSP_0698,9148,120,452,91279173
HOSP_0699,50892,656,2681,461521737
HOSP_0700,33655,756,2479,402692163
HOSP_0701,16580,338,1463,181506386
HOSP_0702,12054,247,668,108046735
HOSP_0703,46597,829,2703,448825788
HOSP_0704,43265,875,2919,466758379
HOSP_0705,12318,256,711,115851635
HOSP_0706,30213,406,1803,303445141
HOSP_0707,32547,734,2791,347238999
HOSP_0708,33939,456,2001,335781478
HOSP_0709,19038,352,1327,224102573
HOSP_0710,13002,379,1142,171036292
HOSP_0711,51674,851,3612,570395220
HOSP_0712,25431,624,2544,354366259
HOSP_0713,29929,564,1777,320986537
HOSP_0714,15381,195,840,161313223
HOSP_0715,23557,322,1209,210298360
HOSP_0716,28881,873,3235,418259144
HOSP_0717,26645,817,3627,447032752
HOSP_0718,14244,191,586,105762142
HOSP_0719,8679,248,1110,125878991
HOSP_0720,10109,185,500,78965231
HOSP_0721,30486,418,1470,237776286
HOSP_0722,23294,370,1359,191693891
HOSP_0723,35705,467,1968,349685912
HOSP_0724,41931,768,2468,416592516
HOSP_0725,37794,595,1869,312437224
HOSP_0726,39262,509,2233,359715520
HOSP_0727,50893,770,2551,479761833
HOSP_0728,8607,152,501,87685943
HOSP_0729,38989,846,3160,462567826
HOSP_0730,26686,402,1223,252339066
HOSP_0731,16072,212,699,128781137
HOSP_0732,15478,499,1522,182104295
HOSP_0733,28390,584,1774,265382228
HOSP_0734,2445,74,317,36376393
HOSP_0735,19317,451,1228,218595156
HOSP_0736,30481,721,2994,342569804
HOSP_0737,10730,138,416,93179038
HOSP_0738,17581,352,1105,168063576
HOSP_0739,29515,694,2705,309445713
HOSP_0740,36722,970,2455,368176158
HOSP_0741,46812,868,2644,461694031
HOSP_0742,25733,561,2273,318651191
HOSP_0743,36141,771,2888,360086116
HOSP_0744,29657,473,1565,237187459
HOSP_0745,26899,895,3540,373444257
HOSP_0746,18355,528,1460,228913729
HOSP_0747,47738,828,2786,501133551
HOSP_0748,13052,333,950,132204299
HOSP_0749,14164,425,1230,153329659
HOSP_0750,22570,397,1465,212463666
HOSP_0751,29991,680,1800,267965114
HOSP_0752,35777,806,3436,475886628
HOSP_0753,10830,284,760,119997680
HOSP_0754,10890,175,725,106163676
HOSP_0755,39771,646,2055,327496684
HOSP_0756,21178,347,995,195052513
HOSP_0757,34213,719,2034,290297468
HOSP_0758,30117,394,1016,251107847
HOSP_0759,35539,582,1523,338444674
HOSP_0760,18501,339,1026,150595175
HOSP_0761,17267,423,1235,192009946
HOSP_0762,27817,701,2931,329249693
HOSP_0763,11967,211,904,138943391
HOSP_0764,65485,932,3212,619137380
HOSP_0765,45414,983,2989,482098778
HOSP_0766,28937,398,1605,254982602
HOSP_0767,7382,159,442,71604414
HOSP_0768,29185,930,2424,329766874
HOSP_0769,30149,611,2439,304171142
HOSP_0770,8852,179,490,92877027
HOSP_0771,22299,365,1183,215062837
HOSP_0772,4202,59,249,37879676
HOSP_0773,69027,983,2507,578626496
HOSP_0774,26293,434,1177,203524277
HOSP_0775,45730,685,2501,450421759
HOSP_0776,37289,549,2233,328328765
HOSP_0777,32452,735,2877,389059721
HOSP_0778,42420,704,2038,382679952
HOSP_0779,10230,138,437,84291235
HOSP_0780,30476,416,1868,255238989
HOSP_0781,25528,784,2233,273607089
HOSP_0782,3214,84,243,32025873
HOSP_0783,30858,740,2952,355438218
HOSP_0784,68363,957,3615,654783766
HOSP_0785,20385,293,787,185875192
HOSP_0786,66132,918,3319,556105217
HOSP_0787,48110,905,2479,407752354
HOSP_0788,39163,871,2864,380779170
HOSP_0789,42286,782,3251,493932882
HOSP_0790,46192,977,3481,461553122
HOSP_0791,37919,997,4133,548502751
HOSP_0792,22279,739,2571,312386607
HOSP_0793,40861,635,1982,406449004
HOSP_0794,26767,376,1086,229824377
HOSP_0795,39424,493,1443,341092398
HOSP_0796,12493,256,724,122045884
HOSP_0797,64745,984,2828,541343082
HOSP_0798,4609,82,274,40846136
HOSP_0799,59005,845,2579,444069162
HOSP_0800,6745,112,457,76321543
HOSP_0801,22128,464,1173,220050096
HOSP_0802,47337,788,1971,383372155
HOSP_0803,13280,293,845,132163790
HOSP_0804,33904,714,1953,337803955
HOSP_0805,29731,826,2873,328176000
HOSP_0806,27547,370,1343,215375204
HOSP_0807,14588,202,709,113130038
HOSP_0808,37372,479,1339,286666750
HOSP_0809,5412,97,404,66342021
HOSP_0810,20834,450,1282,218824927
HOSP_0811,29617,745,2323,291469471
HOSP_0812,17227,256,1018,153932876
HOSP_0813,47452,957,3358,441651399
HOSP_0814,50546,762,2405,403575739
HOSP_0815,26556,708,2241,296483780
HOSP_0816,25032,552,1564,274965953
HOSP_0817,23349,372,1388,239710210
HOSP_0818,18720,447,1602,205634710
HOSP_0819,3641,55,191,29160388
HOSP_0820,12806,185,665,111500472
HOSP_0821,20778,625,2611,280841937
HOSP_0822,72506,998,3296,643558167
HOSP_0823,39593,650,2368,367366992
HOSP_0824,36342,940,2583,406102973
HOSP_0825,54000,990,4092,666519911
HOSP_0826,14315,412,1238,143037142
HOSP_0827,57477,767,3434,595112530
HOSP_0828,10193,142,610,109777967
HOSP_0829,7738,253,1015,129573108
HOSP_0830,38187,657,1927,308689191
HOSP_0831,16162,246,983,156612479
HOSP_0832,8624,126,463,83684990
HOSP_0833,45936,1000,4499,639533342
HOSP_0834,4576,125,415,46771584
HOSP_0835,20868,338,1344,193688122
HOSP_0836,16891,415,1156,176138905
HOSP_0837,14936,291,1208,163034366
HOSP_0838,20396,558,1748,213032170
HOSP_0839,25676,669,2562,350095613
HOSP_0840,20690,384,1301,207499731
HOSP_0841,16710,309,854,156980673
HOSP_0842,13563,232,989,138248273
HOSP_0843,28636,368,1030,244967118
HOSP_0844,24844,354,1420,214820790
HOSP_0845,5345,111,354,51700335
HOSP_0846,24407,330,1282,198834184
HOSP_0847,15053,209,862,151550065
HOSP_0848,6727,94,369,60838417
HOSP_0849,22621,433,1498,198279569
HOSP_0850,15525,357,984,140261972
HOSP_0851,27331,396,1122,215675814
HOSP_0852,10213,182,611,97097746
HOSP_0853,24721,798,2916,355263224
HOSP_0854,16962,464,1730,242097640
HOSP_0855,42275,847,3519,453815815
HOSP_0856,18164,604,1653,207239563
HOSP_0857,18877,489,1504,196076932
HOSP_0858,5143,70,282,49520279
HOSP_0859,41585,652,2285,351851459
HOSP_0860,13851,454,1253,173354787
HOSP_0861,13090,411,1253,148140755
HOSP_0862,18483,499,1376,201529971
HOSP_0863,36107,837,2182,302946652
HOSP_0864,53090,789,2984,489169023
HOSP_0865,35253,686,2529,375320731
HOSP_0866,6954,189,820,106107913
HOSP_0867,31639,763,3028,342122229
HOSP_0868,39093,491,1880,315705568
HOSP_0869,4033,112,432,54786189
HOSP_0870,37768,616,2405,325307368
HOSP_0871,45694,665,2986,501541100
HOSP_0872,5345,162,570,71038494
HOSP_0873,45893,857,2905,435830516
HOSP_0874,54128,911,3856,623996791
HOSP_0875,51279,699,2573,482176094
HOSP_0876,25715,561,1849,240255694
HOSP_0877,45747,898,2893,473618315
HOSP_0878,46900,947,2695,431251905
HOSP_0879,36875,637,2098,368057845
HOSP_0880,26666,529,1545,257123717
HOSP_0881,33645,646,2537,321022781
HOSP_0882,27449,501,1749,271960166
HOSP_0883,30665,752,2549,359538849
HOSP_0884,35754,499,2041,379863383
HOSP_0885,16522,221,963,165020360
HOSP_0886,46749,586,1812,429335994
HOSP_0887,20967,304,915,180488000
HOSP_0888,22815,396,1021,215012105
HOSP_0889,3746,89,321,37664469
HOSP_0890,61954,860,3271,530655177
HOSP_0891,27413,794,3325,393224197
HOSP_0892,77027,989,2942,605356287
HOSP_0893,51965,905,2632,472631299
HOSP_0894,20882,653,2774,331962255
HOSP_0895,26488,476,2052,308639476
HOSP_0896,37711,547,1813,317367659
HOSP_0897,49909,773,2925,444339934
HOSP_0898,37535,799,2396,416147858
HOSP_0899,20227,599,2688,269427673
HOSP_0900,32953,824,3055,362312967
HOSP_0901,36803,475,1918,375930215
HOSP_0902,45901,979,4359,582884695
HOSP_0903,16602,512,1804,221904847
HOSP_0904,60695,966,2749,507078001
HOSP_0905,8834,230,769,93599238
HOSP_0906,17738,301,1251,209365079
HOSP_0907,57076,862,3537,589511328
HOSP_0908,5702,73,313,53321425
HOSP_0909,15828,496,1717,188291112
HOSP_0910,46969,875,3470,562889786
HOSP_0911,15649,475,1414,168480529
HOSP_0912,16998,220,768,158171074
HOSP_0913,22755,349,1002,203875027
HOSP_0914,34929,818,2070,358136629
HOSP_0915,7940,262,846,97722554
HOSP_0916,46248,981,3754,487916007
HOSP_0917,18643,493,1593,214124986
HOSP_0918,22996,301,868,204818291
HOSP_0919,35406,994,3490,442573991
HOSP_0920,10571,171,575,91097647
HOSP_0921,26435,537,1828,244401103
HOSP_0922,19114,269,698,130972885
HOSP_0923,40298,518,1738,304659846
HOSP_0924,12975,382,1127,151687745
HOSP_0925,6271,84,237,47418462
HOSP_0926,51531,860,3044,559979367
HOSP_0927,44228,726,3011,471174292
HOSP_0928,31193,515,1919,309135185
HOSP_0929,37944,676,1844,352055569
HOSP_0930,31172,632,1627,298921309
HOSP_0931,71104,953,3686,607533026
HOSP_0932,5499,94,374,63070420
HOSP_0933,24701,511,2261,299396739
HOSP_0934,22683,426,1608,226964707
HOSP_0935,7415,169,597,83171819
HOSP_0936,20092,319,1298,183771272
HOSP_0937,15425,343,1151,160316684
HOSP_0938,16888,451,1192,189311660
HOSP_0939,32651,597,2467,351967009
HOSP_0940,61970,937,2967,516914639
HOSP_0941,28856,808,2036,264192418
HOSP_0942,5715,86,232,43799576
HOSP_0943,4432,73,310,43981138
HOSP_0944,22781,416,1361,210131724
HOSP_0945,35131,881,2922,377867174
HOSP_0946,48079,601,1738,336974776
HOSP_0947,65809,889,2435,577276875
HOSP_0948,28648,691,2082,305828486
HOSP_0949,24210,329,880,214952406
HOSP_0950,13538,354,1544,198097881
HOSP_0951,61481,823,2082,460371788
HOSP_0952,45526,743,2077,380391399
HOSP_0953,27046,425,1747,274871567
HOSP_0954,18207,505,1767,247416118
HOSP_0955,42613,929,4062,595958877
HOSP_0956,33096,552,2234,341426922
HOSP_0957,37960,718,2537,397183589
HOSP_0958,55960,984,4096,670917942
HOSP_0959,21340,286,1267,193663354
HOSP_0960,39624,727,2548,368158502
HOSP_0961,28030,746,2120,340457587
HOSP_0962,8132,213,712,91667743
HOSP_0963,56789,818,2297,528335553
HOSP_0964,3880,86,350,49233610
HOSP_0965,27555,896,3939,462772235
HOSP_0966,25114,663,1906,295034919
HOSP_0967,24945,601,1746,248934571
HOSP_0968,49286,858,2406,378743732
HOSP_0969,21627,472,1679,260016516
HOSP_0970,30231,879,3357,375752658
HOSP_0971,36076,686,2777,341799604
HOSP_0972,24974,326,1242,241495699
HOSP_0973,31319,708,2570,372522403
HOSP_0974,34183,550,2336,329475087
HOSP_0975,33976,712,2324,348856052
HOSP_0976,15469,196,664,120282342
HOSP_0977,13925,246,748,145970640
HOSP_0978,12376,198,862,143682003
HOSP_0979,30480,740,3026,424975977
HOSP_0980,3557,65,239,32490410
HOSP_0981,33325,686,1899,303201529
HOSP_0982,62649,793,2670,485681561
HOSP_0983,22971,416,1632,265544792
HOSP_0984,37192,751,2265,411326451
HOSP_0985,61304,779,3332,624698120
HOSP_0986,12128,225,608,94325609
HOSP_0987,21604,667,2654,310409729
HOSP_0988,18072,412,1290,198896637
HOSP_0989,50089,806,3032,520331332
HOSP_0990,17978,341,1420,201739048
HOSP_0991,47839,688,3085,423202910
HOSP_0992,25923,378,1343,215446734
HOSP_0993,42352,974,3539,432672846
HOSP_0994,24134,363,1601,235792449
HOSP_0995,35232,516,1918,338310408
HOSP_0996,11759,188,548,103094394
HOSP_0997,41468,564,2027,400106183
HOSP_0998,15846,219,827,146106139
HOSP_0999,14307,315,1123,164385439
HOSP_1000,5004,101,339,44779723
HOSP_1001,62773,947,3333,581480007
HOSP_1002,7227,105,365,55874004
HOSP_1003,18875,549,1436,197024059
HOSP_1004,30456,432,1150,268244407
HOSP_1005,16640,295,773,132697650
HOSP_1006,21903,333,997,208269391
HOSP_1007,18634,448,1910,272172219
HOSP_1008,33645,851,2265,358860008
HOSP_1009,10288,212,574,83036563
HOSP_1010,3811,71,275,41657148
HOSP_1011,7672,135,369,69468794
HOSP_1012,59642,830,2647,553872852
HOSP_1013,44478,839,2322,373332608
HOSP_1014,51507,749,3140,550668686
HOSP_1015,41748,1000,4313,571874516
HOSP_1016,28094,730,1907,265127836
HOSP_1017,4081,107,387,49555288
HOSP_1018,40451,657,1992,341017838
HOSP_1019,19887,257,956,186879076
HOSP_1020,30141,630,2717,347439740
HOSP_1021,64153,877,2241,456942611
HOSP_1022,21032,432,1342,216688944
HOSP_1023,23297,596,2610,293751665
HOSP_1024,4935,133,401,57494141
HOSP_1025,16503,494,1881,256830296
HOSP_1026,19307,270,892,154238590
HOSP_1027,59378,823,2345,458885356
HOSP_1028,11640,197,563,112348721
HOSP_1029,23586,353,1109,183906025
HOSP_1030,19940,422,1883,242242889
HOSP_1031,45338,598,1701,370709317
HOSP_1032,19356,532,1868,251606043
HOSP_1033,28719,794,3378,441716679
HOSP_1034,7222,185,782,103014833
HOSP_1035,5199,99,315,46664445
HOSP_1036,8199,246,952,115654448
HOSP_1037,65762,848,2530,523148908
HOSP_1038,6578,133,447,66057158
HOSP_1039,21610,277,1124,223520828
HOSP_1040,9407,135,393,81866873
HOSP_1041,61440,995,2726,467362657
HOSP_1042,13453,184,728,112622535
HOSP_1043,37621,850,2757,427129269
HOSP_1044,20569,382,1529,204783424
HOSP_1045,30139,602,1527,238299072
HOSP_1046,10077,320,1029,130219480
HOSP_1047,42811,860,2694,435358237
HOSP_1048,33565,747,2826,399081839
HOSP_1049,39122,954,4256,585312091
HOSP_1050,55348,909,2699,454945491
HOSP_1051,38135,520,2275,389267175
HOSP_1052,17271,324,993,177012442
HOSP_1053,31154,603,2271,305750039
HOSP_1054,25499,593,2365,284573555
HOSP_1055,53624,884,3372,520063069
HOSP_1056,55815,734,2226,394825695
HOSP_1057,9618,252,1034,118505147
HOSP_1058,5739,74,186,48111189
HOSP_1059,28198,581,1971,251198930
HOSP_1060,57719,945,3250,568302114
HOSP_1061,56483,735,2185,446203312
HOSP_1062,19380,243,827,173199908
HOSP_1063,26867,632,1951,282844095
HOSP_1064,12441,225,920,136839092
HOSP_1065,23456,547,1414,211654276
HOSP_1066,46555,655,2578,455891158
HOSP_1067,12095,304,826,130854940
HOSP_1068,43920,814,2036,341506718
HOSP_1069,18756,507,1559,232469983
HOSP_1070,37732,762,3013,473169354
HOSP_1071,38282,956,4276,502364843
HOSP_1072,35542,948,4117,504277348
HOSP_1073,33664,577,2209,293997665
HOSP_1074,57276,800,3348,614852078
HOSP_1075,15421,228,891,138592534
HOSP_1076,23042,304,1293,227734275
HOSP_1077,16301,228,810,137069299
HOSP_1078,27916,559,1456,270617778
HOSP_1079,12978,199,714,128218895
HOSP_1080,12267,180,676,122687334
HOSP_1081,22457,513,1625,240264994
HOSP_1082,72043,963,3447,640554866
HOSP_1083,14238,184,710,130138411
HOSP_1084,44843,710,2708,418933006
HOSP_1085,21322,660,2689,339018698
HOSP_1086,2077,55,147,20526431
HOSP_1087,23523,362,908,180297991
HOSP_1088,63456,845,3439,658876240
HOSP_1089,47609,830,2775,472817738
HOSP_1090,35721,949,4156,494156608
HOSP_1091,10131,149,487,101676970
HOSP_1092,44309,762,2453,354991997
HOSP_1093,63775,985,3425,629372157
HOSP_1094,38865,639,2716,349488024
HOSP_1095,25357,580,2096,299206429
HOSP_1096,5829,115,373,58500920
HOSP_1097,32878,760,3206,404124318
HOSP_1098,32602,695,2775,395106312
HOSP_1099,28641,706,2217,341198791
HOSP_1100,28741,526,1849,287241222
HOSP_1101,5693,122,477,72914569
HOSP_1102,59432,770,3173,512712575
HOSP_1103,26337,406,1103,246906502
HOSP_1104,14900,459,1771,195755670
HOSP_1105,48346,965,2912,492868708
HOSP_1106,49223,629,2472,399919573
HOSP_1107,34153,826,2147,330754274
HOSP_1108,48890,700,2554,427865267
HOSP_1109,45177,858,3169,505233051
HOSP_1110,34553,952,3309,472579388
HOSP_1111,20767,310,1173,212542720
HOSP_1112,43644,703,2650,412798627
HOSP_1113,5765,96,331,54586055
HOSP_1114,40906,801,3367,481839266
HOSP_1115,48030,610,1902,443109200
HOSP_1116,21792,590,1504,204318475
HOSP_1117,59128,817,2766,536188416
HOSP_1118,58569,940,2915,495257653
HOSP_1119,3671,78,350,42328806
HOSP_1120,49808,823,3388,563285414
HOSP_1121,38313,910,3795,547364174
HOSP_1122,25435,561,2403,270043939
HOSP_1123,40248,505,1756,297746531
HOSP_1124,44569,588,2509,358827575
HOSP_1125,2300,67,198,24795821
HOSP_1126,51539,937,3942,594837887
HOSP_1127,45960,855,2259,353784191
HOSP_1128,29272,472,1791,276768761
HOSP_1129,20725,403,1645,228083494
HOSP_1130,42926,659,2775,472523797
HOSP_1131,43701,605,2253,384045139
HOSP_1132,30476,534,1595,287466971
HOSP_1133,41962,574,2443,370723764
HOSP_1134,11932,322,1149,156771915
HOSP_1135,25882,857,2278,268064773
HOSP_1136,12753,303,908,136124717
HOSP_1137,53765,853,3257,530069518
HOSP_1138,76996,969,3784,748432292
HOSP_1139,38307,867,2512,416362290
HOSP_1140,22545,446,1564,249316443
HOSP_1141,22382,288,1187,188363513
HOSP_1142,11730,185,477,91571962
HOSP_1143,16505,483,1583,199360880
HOSP_1144,15456,471,1197,172051481
HOSP_1145,62324,967,4154,629112532
HOSP_1146,30411,544,2235,330271883
HOSP_1147,40021,730,2489,368795689
HOSP_1148,35348,637,1596,263413730
HOSP_1149,12485,158,458,107334212
HOSP_1150,36209,638,2493,326419413
HOSP_1151,12515,271,1130,155954300
HOSP_1152,42326,972,3311,451349655
HOSP_1153,12281,166,535,91797510
HOSP_1154,60485,986,3974,660838584
HOSP_1155,65923,885,3491,519734601
HOSP_1156,22929,623,2112,306019296
HOSP_1157,9763,173,598,84212271
HOSP_1158,31423,434,1814,317219190
HOSP_1159,6164,174,506,74903588
HOSP_1160,27663,648,1677,261346882
HOSP_1161,20716,516,2017,228578892
HOSP_1162,29218,531,2139,280867673
HOSP_1163,74514,989,3355,687329145
HOSP_1164,35729,591,2458,360700532
HOSP_1165,27204,364,1099,242273235
HOSP_1166,22137,287,1054,203316449
HOSP_1167,4365,74,213,34778289
HOSP_1168,21566,404,1257,192139008
HOSP_1169,35850,854,2921,348804894
HOSP_1170,39924,715,2431,408001428
HOSP_1171,35616,848,2673,367492142
HOSP_1172,51449,882,3766,470041465
HOSP_1173,44857,861,2840,493225424
HOSP_1174,31957,550,2344,312924538
HOSP_1175,19783,478,1512,206628288
HOSP_1176,25175,449,1392,221919720
HOSP_1177,52437,860,3632,483752317
HOSP_1178,26227,401,1324,232466163
HOSP_1179,48090,634,2712,419398353
HOSP_1180,17000,460,1737,188204919
HOSP_1181,31962,810,2117,281885098
HOSP_1182,8120,122,476,88108515
HOSP_1183,16248,331,1045,180032683
HOSP_1184,6066,82,261,57668960
HOSP_1185,4083,60,156,36417653
HOSP_1186,27603,358,1595,272357937
HOSP_1187,36331,456,1881,346418361
HOSP_1188,38060,681,3013,441518410
HOSP_1189,7675,224,654,88654905
HOSP_1190,32669,592,1611,329364370
HOSP_1191,14319,179,542,101443128
HOSP_1192,45276,914,3314,418914964
HOSP_1193,4510,58,166,34597690
HOSP_1194,22050,585,1651,233112049
HOSP_1195,59534,990,3565,641303714
HOSP_1196,18485,248,976,158558569
HOSP_1197,19056,480,1731,245260345
HOSP_1198,26450,345,1354,241990950
HOSP_1199,50258,672,1788,351202976
HOSP_1200,40686,868,2289,382084053
HOSP_1201,27650,399,1450,234477926
HOSP_1202,16653,443,1521,195707077
HOSP_1203,13255,183,508,115845517
HOSP_1204,12824,214,698,129478280
HOSP_1205,3507,56,189,30686022
HOSP_1206,15005,489,1442,174681359
HOSP_1207,74795,988,4291,650859299
HOSP_1208,22332,578,2046,282005736
HOSP_1209,20531,431,1431,182975678
HOSP_1210,3417,51,203,31617808
HOSP_1211,54610,961,3353,521755730
HOSP_1212,18822,321,1206,165362195
HOSP_1213,16856,217,728,128150816
HOSP_1214,15765,207,862,146677465
HOSP_1215,12939,198,692,102665224
HOSP_1216,40779,773,1943,384336473
HOSP_1217,55311,704,3088,464163173
HOSP_1218,12494,180,625,99526950
HOSP_1219,57463,803,2102,497504318
HOSP_1220,67662,980,4331,726358945
HOSP_1221,18021,265,822,162983308
HOSP_1222,19890,318,1342,200161594
HOSP_1223,11586,374,1505,189840914
HOSP_1224,32704,733,3114,452317835
HOSP_1225,45415,845,3298,500371038
HOSP_1226,4859,126,461,54559967
HOSP_1227,59996,895,2647,551695568
HOSP_1228,51032,822,3557,591645861
HOSP_1229,23754,447,1821,233470803
HOSP_1230,39956,659,2795,454875850
HOSP_1231,42492,700,1915,355842978
HOSP_1232,15249,285,1039,145014829
HOSP_1233,40162,935,3104,442259727
HOSP_1234,35181,588,1629,315744595
HOSP_1235,30473,487,1910,336739436
HOSP_1236,17135,432,1454,192455727
HOSP_1237,26525,546,1595,278203592
HOSP_1238,20619,364,1240,191880401
HOSP_1239,24048,375,1116,217857667
HOSP_1240,31139,544,1530,290454924
HOSP_1241,52868,903,2856,470225898
HOSP_1242,6693,184,603,88964748
HOSP_1243,43649,996,4455,532208032
HOSP_1244,28525,483,1282,240302384
HOSP_1245,29677,454,1253,214883314
HOSP_1246,49195,963,2487,425719825
HOSP_1247,34022,737,2852,418649833
HOSP_1248,23195,375,1008,215501132
HOSP_1249,34068,449,1810,285065571
HOSP_1250,31188,775,1992,341256071
HOSP_1251,5769,140,401,58956148
HOSP_1252,6205,83,283,58466013
HOSP_1253,23087,542,2261,277267809
HOSP_1254,55022,953,3706,527279418
HOSP_1255,19341,301,983,183829958
HOSP_1256,11942,333,1188,165358871
HOSP_1257,20430,429,1228,184767424
HOSP_1258,23193,480,1273,204440644
HOSP_1259,23039,726,2669,322013674
HOSP_1260,26367,592,2205,290356554
HOSP_1261,59092,895,3506,525939277
HOSP_1262,33258,697,2728,334537685
HOSP_1263,13578,396,1452,168149178
HOSP_1264,48784,856,3191,444512088
HOSP_1265,28743,415,1599,299050061
HOSP_1266,7670,125,442,70407051
HOSP_1267,40800,848,2617,384098483
HOSP_1268,31585,477,2107,343733251
HOSP_1269,35299,592,2307,323926716
HOSP_1270,51457,649,2873,518308642
HOSP_1271,15954,357,1601,222066779
HOSP_1272,20552,382,1278,206802592
HOSP_1273,42687,779,2746,447185720
HOSP_1274,43468,869,2524,368481888
HOSP_1275,19027,500,1540,204450805
HOSP_1276,33787,661,2415,335919671
HOSP_1277,55869,863,2995,585755616
HOSP_1278,2459,57,239,26131622
HOSP_1279,21410,292,870,178540712
HOSP_1280,11631,178,487,107908013
HOSP_1281,13232,350,1549,180789235
HOSP_1282,8061,175,762,103583217
HOSP_1283,70205,953,4244,757341205
HOSP_1284,6176,171,620,78781754
HOSP_1285,73260,986,4312,756668258
HOSP_1286,15752,386,1413,209747461
HOSP_1287,32973,555,2139,307208140
HOSP_1288,20879,309,1040,160183151
HOSP_1289,19119,569,2009,249762829
HOSP_1290,24928,346,907,186136154
HOSP_1291,25827,449,1129,243465360
HOSP_1292,7552,167,458,71952012
HOSP_1293,30629,530,2191,323197351
HOSP_1294,7292,120,428,75770599
HOSP_1295,2257,54,166,23079035
HOSP_1296,45851,706,2777,464292937
HOSP_1297,8067,192,645,88317802
HOSP_1298,14584,224,833,129673491
HOSP_1299,17074,324,1245,164627028
HOSP_1300,26904,384,1667,226529952
HOSP_1301,22909,624,1833,264591096
HOSP_1302,39828,574,2262,363069280
HOSP_1303,4868,62,194,45350557
HOSP_1304,73974,935,4128,695276892
HOSP_1305,13638,393,1559,210397550
HOSP_1306,25930,495,1997,298697327
HOSP_1307,18186,356,1022,178341694
HOSP_1308,8387,148,531,86021511
HOSP_1309,9212,147,386,79589610
HOSP_1310,6446,157,559,79316342
HOSP_1311,65734,831,3265,600201518
HOSP_1312,39915,782,2972,461629281
HOSP_1313,10642,202,588,97845261
HOSP_1314,7717,110,443,82219525
HOSP_1315,49396,741,3181,460332059
HOSP_1316,2729,78,292,33234687
HOSP_1317,31938,419,1794,324427304
HOSP_1318,30073,398,1602,310248887
HOSP_1319,19675,308,1177,212297897
HOSP_1320,25671,437,1508,279359223
HOSP_1321,38283,909,2427,385167584
HOSP_1322,62506,847,3379,568137657
HOSP_1323,37059,863,2427,393048258
HOSP_1324,18410,347,1055,192506706
HOSP_1325,45512,812,2574,432961852
HOSP_1326,20797,597,2023,294002886
HOSP_1327,26920,665,2796,341746415
HOSP_1328,27205,493,1778,252481240
HOSP_1329,58043,965,3589,570735345
HOSP_1330,3409,94,378,47234646
HOSP_1331,38072,632,2099,315173156
HOSP_1332,64482,855,2392,502537229
HOSP_1333,32098,679,2381,301238944
HOSP_1334,43071,588,1837,371743811
HOSP_1335,47531,833,3561,543257740
HOSP_1336,42997,904,4007,570506532
HOSP_1337,30362,413,1645,273567085
HOSP_1338,61972,793,3044,492003528
HOSP_1339,3997,74,236,33642469
HOSP_1340,7852,115,365,67086643
HOSP_1341,41333,591,1539,306602983
HOSP_1342,4406,84,270,41041597
HOSP_1343,30815,719,2917,351370169
HOSP_1344,16501,289,1114,167342208
HOSP_1345,6427,116,424,59427978
HOSP_1346,50335,847,3269,482432300
HOSP_1347,21822,324,987,184538948
HOSP_1348,8379,275,1065,137042043
HOSP_1349,38228,817,2271,410494715
HOSP_1350,7162,145,417,67525154
HOSP_1351,13928,259,1039,133231332
HOSP_1352,66188,939,3507,625454188
HOSP_1353,9075,218,921,113889050
HOSP_1354,25862,672,2128,261378649
HOSP_1355,24120,785,2278,324521779
HOSP_1356,37513,525,1666,353676709
HOSP_1357,71747,922,2633,549138282
HOSP_1358,29407,369,975,202291128
HOSP_1359,7266,149,537,75287390
HOSP_1360,4936,124,513,69043472
HOSP_1361,17507,320,1156,175943428
HOSP_1362,13647,285,841,118449700
HOSP_1363,10293,167,454,77318139
HOSP_1364,30659,560,2463,337054440
HOSP_1365,12041,272,1030,135763728
HOSP_1366,23004,754,2413,330896183
HOSP_1367,13453,260,1065,147833579
HOSP_1368,38041,935,2790,362037902
HOSP_1369,16911,271,746,148378553
HOSP_1370,5358,95,338,56411682
HOSP_1371,11269,272,907,120772411
HOSP_1372,5797,104,340,53669225
HOSP_1373,5128,95,397,57957072
HOSP_1374,20889,360,1287,210382017
HOSP_1375,49621,678,1768,433999673
HOSP_1376,15358,489,1833,244976101
HOSP_1377,67320,944,2625,546320273
HOSP_1378,22368,511,2168,288048622
HOSP_1379,45183,792,3237,467235569
HOSP_1380,3520,56,220,38717212
HOSP_1381,10433,169,630,87234914
HOSP_1382,17504,428,1258,185996634
HOSP_1383,7925,204,839,107117799
HOSP_1384,45337,884,3491,500908828
HOSP_1385,33639,757,2418,325077808
HOSP_1386,11729,285,746,129942560
HOSP_1387,15745,482,2105,215110884
HOSP_1388,10770,262,1034,136199357
HOSP_1389,54130,806,2305,389807685
HOSP_1390,44126,640,2579,371442636
HOSP_1391,6508,88,292,52181886
HOSP_1392,46710,939,3122,430881739
HOSP_1393,46369,798,3434,431456214
HOSP_1394,15391,345,1509,179945524
HOSP_1395,15619,497,1722,214754027
HOSP_1396,11040,217,744,111401953
HOSP_1397,64824,902,2335,513023926
HOSP_1398,53316,707,2426,427556455
HOSP_1399,32066,509,1631,253058099
HOSP_1400,37955,631,2755,397498923
HOSP_1401,33562,978,4200,429191501
HOSP_1402,44401,672,2069,342160936
HOSP_1403,21495,347,945,163144618
HOSP_1404,28069,429,1543,284511748
HOSP_1405,9942,221,666,113645448
HOSP_1406,42820,675,2482,457892354
HOSP_1407,2832,52,232,34820675
HOSP_1408,9044,241,845,96157367
HOSP_1409,9378,173,465,79205360
HOSP_1410,17024,237,741,133130167
HOSP_1411,15459,218,835,151695183
HOSP_1412,16024,206,792,145974633
HOSP_1413,48742,780,1975,426297153
HOSP_1414,40585,575,1810,336663935
HOSP_1415,28485,654,2227,319803260
HOSP_1416,37496,498,1920,370557634
HOSP_1417,29750,733,2631,315613516
HOSP_1418,9564,287,993,128376417
HOSP_1419,34032,492,1240,233428088
HOSP_1420,2805,86,328,41938575
HOSP_1421,11123,233,661,120676636
HOSP_1422,41472,796,2558,426817184
HOSP_1423,8307,241,822,101253019
HOSP_1424,24207,630,2721,301303227
HOSP_1425,29549,638,2096,293860063
HOSP_1426,4095,74,284,45183822
HOSP_1427,14672,355,1194,162504748
HOSP_1428,3471,58,197,36225074
HOSP_1429,12640,323,1246,145421132
HOSP_1430,13815,430,1849,216645813
HOSP_1431,29449,846,3443,376214974
HOSP_1432,17307,298,1213,164683113
HOSP_1433,21164,520,2072,283472184
HOSP_1434,11607,221,963,141002325
HOSP_1435,57106,787,3264,499291333
HOSP_1436,30626,745,2811,416574618
HOSP_1437,34321,713,2111,337050055
HOSP_1438,10773,223,754,103269410
HOSP_1439,34434,838,2101,329566716
HOSP_1440,57947,734,2452,529352191
HOSP_1441,51967,959,3225,506685548
HOSP_1442,29383,394,1341,272260875
HOSP_1443,16131,264,838,140356364
HOSP_1444,39938,818,2405,377777042
HOSP_1445,71265,975,2667,621123403
HOSP_1446,12455,201,770,126873978
HOSP_1447,6984,97,381,70895919
HOSP_1448,4622,154,549,72361534
HOSP_1449,16721,217,831,158683803
HOSP_1450,4439,129,396,56768845
HOSP_1451,39036,594,2546,380579698
HOSP_1452,22610,371,1132,223032848
HOSP_1453,33253,480,1365,257615939
HOSP_1454,26772,362,1273,208477146
HOSP_1455,46805,696,2392,392358516
HOSP_1456,12352,257,788,136427835
HOSP_1457,21392,697,2712,355156856
HOSP_1458,5328,138,401,58993647
HOSP_1459,31531,493,1996,303443334
HOSP_1460,53234,902,3031,505478734
HOSP_1461,40087,862,3021,399365819
HOSP_1462,60540,810,2303,475795960
HOSP_1463,34779,533,1945,365845984
HOSP_1464,40224,654,2444,355456931
HOSP_1465,13530,284,1045,148038405
HOSP_1466,45128,624,2523,403902042
HOSP_1467,36240,784,2328,333820435
HOSP_1468,18352,273,1047,166274903
HOSP_1469,19690,397,1325,195498251
HOSP_1470,65517,862,3215,535618532
HOSP_1471,42000,714,2621,396345629
HOSP_1472,4628,140,450,57212756
HOSP_1473,13341,371,1609,178558953
HOSP_1474,6740,205,826,83670167
HOSP_1475,50285,832,2657,460883457
HOSP_1476,43790,844,3335,477538465
HOSP_1477,2245,64,181,26695276
HOSP_1478,28509,671,1723,288107619
HOSP_1479,23886,331,1283,247549315
HOSP_1480,16001,505,1287,182317257
HOSP_1481,28724,578,2298,305453967
HOSP_1482,22176,660,1767,247113380
HOSP_1483,31980,484,1434,280062127
HOSP_1484,67176,891,3925,603207084
HOSP_1485,46872,964,2555,423471915
HOSP_1486,2522,79,208,25744144
HOSP_1487,46337,642,2428,444861250
HOSP_1488,10314,144,508,92388441
HOSP_1489,47191,758,3171,529369145
HOSP_1490,29318,459,1341,217742625
HOSP_1491,8041,158,629,86236119
HOSP_1492,15113,295,777,143935680
HOSP_1493,62122,999,3255,604108437
HOSP_1494,14606,422,1119,169130066
HOSP_1495,27933,470,1480,258144454
HOSP_1496,6234,134,530,71445409
HOSP_1497,11860,234,592,98360702
HOSP_1498,14299,284,1036,169315877
HOSP_1499,31977,540,2144,287809354
HOSP_1500,38474,588,2524,369862208
HOSP_1501,24335,619,2431,278785148
HOSP_1502,36712,489,1339,322503563
HOSP_1503,65121,823,2249,447407416
HOSP_1504,11130,200,576,105602349
HOSP_1505,38865,845,3018,408012975
HOSP_1506,11823,189,795,122142588
HOSP_1507,13754,383,1156,146082133
HOSP_1508,72135,985,2572,515173597
HOSP_1509,12701,246,1019,155021848
HOSP_1510,12093,206,518,88125219
HOSP_1511,15541,260,1111,181851066
HOSP_1512,37731,859,2915,431480128
HOSP_1513,51664,827,2646,401203714
HOSP_1514,12970,207,823,135340152
HOSP_1515,32930,489,1576,294756478
HOSP_1516,44286,723,2445,399079230
HOSP_1517,18101,585,1827,203599615
HOSP_1518,37192,488,1806,318613244
HOSP_1519,5580,110,330,49753701
HOSP_1520,15405,200,542,115762334
HOSP_1521,62510,920,3619,569028823
HOSP_1522,59351,956,3907,571333405
HOSP_1523,21994,419,1624,248077540
HOSP_1524,2429,54,239,32857430
HOSP_1525,49726,950,3496,454211029
HOSP_1526,6279,97,373,57325561
HOSP_1527,63687,808,2735,466383494
HOSP_1528,2547,53,229,30281734
HOSP_1529,38421,944,3246,474028728
HOSP_1530,38399,848,3795,422071569
HOSP_1531,14367,410,1498,180540239
HOSP_1532,12876,239,874,138414784
HOSP_1533,19633,262,870,157013328
HOSP_1534,42129,854,2238,381954192
HOSP_1535,35410,909,3750,422314902
HOSP_1536,44471,614,2484,452619532
HOSP_1537,28726,949,2873,363145855
HOSP_1538,24341,439,1619,274145432
HOSP_1539,15749,276,899,136160546
HOSP_1540,9955,230,798,107708916
HOSP_1541,12640,233,686,114536958
HOSP_1542,19413,413,1721,226388255
HOSP_1543,53315,749,3054,575485107
HOSP_1544,12947,256,1134,141683263
HOSP_1545,44074,733,2042,407595518
HOSP_1546,34204,565,2269,349056432
HOSP_1547,3239,76,233,31924215
HOSP_1548,24808,589,1554,252875460
HOSP_1549,5838,129,455,70297078
HOSP_1550,23241,668,2837,307399494
HOSP_1551,43973,907,2848,445756165
HOSP_1552,18448,293,1192,161380414
HOSP_1553,25478,745,2059,295346085
HOSP_1554,4237,59,179,35148532
HOSP_1555,13134,235,841,122674844
HOSP_1556,20888,426,1666,240113202
HOSP_1557,11765,369,1599,161349083
HOSP_1558,35802,527,1824,279251223
HOSP_1559,43425,634,2144,402654602
HOSP_1560,6852,120,319,60506099
HOSP_1561,24981,477,1982,248960114
HOSP_1562,14259,179,654,118301957
HOSP_1563,6601,196,673,92223683
HOSP_1564,66583,926,3365,599520793
HOSP_1565,17217,410,1374,175360388
HOSP_1566,18689,347,1079,173391722
HOSP_1567,63107,806,2919,515373143
HOSP_1568,33117,492,1289,292612403
HOSP_1569,55096,816,2718,447878932
HOSP_1570,10646,302,1124,147604052
HOSP_1571,39550,905,2868,384198715
HOSP_1572,33778,432,1325,279062670
HOSP_1573,11848,388,1685,198040471
HOSP_1574,32922,756,2556,313704842
HOSP_1575,39478,814,3353,402593994
HOSP_1576,21000,513,1418,215818684
HOSP_1577,38302,547,2152,360221881
HOSP_1578,38392,951,2914,429056077
HOSP_1579,22141,644,2793,329042051
HOSP_1580,24308,555,2250,333893089
HOSP_1581,3931,77,229,37121151
HOSP_1582,31417,397,1335,242989907
HOSP_1583,52456,844,3659,530662525
HOSP_1584,8739,274,1060,112021411
HOSP_1585,63652,948,2679,546400129
HOSP_1586,36617,579,2200,316497144
HOSP_1587,26701,700,2993,357105830
HOSP_1588,12364,353,1519,184784426
HOSP_1589,21965,437,1291,238062273
HOSP_1590,36400,729,2109,332166456
HOSP_1591,42801,907,3838,554229129
HOSP_1592,18424,568,1917,240534844
HOSP_1593,17695,381,1377,175322896
HOSP_1594,36152,543,1840,301298136
HOSP_1595,46335,640,1822,352384829
HOSP_1596,68610,943,4227,746035203
HOSP_1597,2019,50,196,21738690
HOSP_1598,11439,347,902,128268166
HOSP_1599,54873,939,4216,588126280
HOSP_1600,6100,142,511,66655278
HOSP_1601,43134,644,2207,343005195
HOSP_1602,33236,662,2511,368800048
HOSP_1603,67369,933,4196,702120884
HOSP_1604,21665,458,1262,189165286
HOSP_1605,46965,705,2275,377395706
HOSP_1606,51851,962,2481,471717127
HOSP_1607,45304,701,2068,439602889
HOSP_1608,6133,178,525,70702474
HOSP_1609,71213,983,2501,524075083
HOSP_1610,15331,242,781,136781476
HOSP_1611,26282,771,3432,423955818
HOSP_1612,45599,799,3336,508047567
HOSP_1613,11031,213,797,129035768
HOSP_1614,42827,681,2799,415740476
HOSP_1615,32298,441,1513,251485915
HOSP_1616,65921,830,2450,598286741
HOSP_1617,5413,124,498,63284047
HOSP_1618,42103,902,3048,479899813
HOSP_1619,26111,507,2269,285822176
HOSP_1620,15960,403,1505,176420793
HOSP_1621,15167,447,1194,168081251
HOSP_1622,43547,728,2700,385517234
HOSP_1623,21581,440,1264,225498959
HOSP_1624,3390,61,248,37325874
HOSP_1625,19951,389,1704,248343450
HOSP_1626,47240,692,2269,381626244
HOSP_1627,19599,271,831,141786110
HOSP_1628,27944,391,1557,254509258
HOSP_1629,22208,417,1842,226357616
HOSP_1630,27045,532,1677,245184618
HOSP_1631,11883,205,615,115790025
HOSP_1632,34187,517,1306,279648676
HOSP_1633,31546,987,3699,426111756
HOSP_1634,9740,126,532,101614809
HOSP_1635,13256,243,835,113433137
HOSP_1636,23950,611,2517,274113739
HOSP_1637,28806,635,1803,293931367
HOSP_1638,29087,637,1924,292285629
HOSP_1639,35175,464,1963,351908717
HOSP_1640,11479,336,1029,148390119
HOSP_1641,43826,855,2419,378139724
HOSP_1642,46082,649,2457,437384818
HOSP_1643,4400,130,452,57938421
HOSP_1644,46194,607,2548,444951886
HOSP_1645,18044,418,1440,227372824
HOSP_1646,71031,906,4012,635352141
HOSP_1647,38357,659,2465,399819682
HOSP_1648,28892,879,2420,347111234
HOSP_1649,15586,423,1775,222420683
HOSP_1650,39237,601,2091,350220785
HOSP_1651,55897,733,3170,515138503
HOSP_1652,8701,141,626,79519418
HOSP_1653,9475,169,546,86995042
HOSP_1654,8556,111,416,75804568
HOSP_1655,30231,863,3176,398844368
HOSP_1656,18690,365,927,189596894
HOSP_1657,66555,973,2602,586581124
HOSP_1658,31642,802,3106,376516349
HOSP_1659,11481,207,630,93573060
HOSP_1660,32603,632,2462,381442537
HOSP_1661,39133,690,2004,345892421
HOSP_1662,48132,735,2281,443829100
HOSP_1663,30253,558,2464,339978879
HOSP_1664,6859,118,527,75881507
HOSP_1665,22309,318,1285,185674843
HOSP_1666,51895,922,3069,510247104
HOSP_1667,53036,734,2536,457695530
HOSP_1668,27052,523,1308,229295286
HOSP_1669,21314,394,1231,230865882
HOSP_1670,13042,395,1098,133859460
HOSP_1671,13175,268,732,109613797
HOSP_1672,69199,895,2355,532276063
HOSP_1673,22123,513,1772,275931207
HOSP_1674,36230,795,2570,431394193
HOSP_1675,30436,470,1836,271795304
HOSP_1676,47358,783,3261,529941704
HOSP_1677,23391,385,1668,246688540
HOSP_1678,41483,609,2203,417486912
HOSP_1679,5449,127,548,69529573
HOSP_1680,28867,697,2904,360622062
HOSP_1681,16122,273,876,151758969
HOSP_1682,56517,766,2714,484339398
HOSP_1683,31496,666,2513,302095743
HOSP_1684,18469,244,1032,183359614
HOSP_1685,30913,965,2769,328634242
HOSP_1686,73003,969,3098,602654216
HOSP_1687,13680,417,1298,165478499
HOSP_1688,67336,888,2875,588227562
HOSP_1689,28416,636,2458,341987414
HOSP_1690,52194,882,3083,510690491
HOSP_1691,25399,367,1007,217345656
HOSP_1692,26319,764,2001,285760688
HOSP_1693,3924,126,501,49658691
HOSP_1694,20817,266,1101,193992018
HOSP_1695,37886,852,2604,386482181
HOSP_1696,25852,627,2511,326915938
HOSP_1697,38554,776,3216,442714656
HOSP_1698,16291,254,1119,159084862
HOSP_1699,7929,192,571,80660551
HOSP_1700,64103,885,3547,524869731
HOSP_1701,13784,353,1222,139974700
HOSP_1702,36959,677,2797,425326969
HOSP_1703,21112,496,1307,181932558
HOSP_1704,27719,394,1320,209525805
HOSP_1705,12755,290,1085,156456792
HOSP_1706,48314,693,2619,459656201
HOSP_1707,27900,363,1110,202397237
HOSP_1708,16717,538,1404,207496085
HOSP_1709,45710,721,1841,324416487
HOSP_1710,33485,849,3712,394313569
HOSP_1711,48132,876,2912,486388471
HOSP_1712,20029,455,1555,205866640
HOSP_1713,19768,588,1480,216141114
HOSP_1714,14732,448,1446,191925460
HOSP_1715,34775,457,1306,305563839
HOSP_1716,25291,432,1474,227656590
HOSP_1717,46393,710,2577,373887408
HOSP_1718,64593,810,2979,630281919
HOSP_1719,45453,741,2622,470381563
HOSP_1720,46111,981,3010,471720051
HOSP_1721,21295,606,1710,252770075
HOSP_1722,33610,422,1486,303324172
HOSP_1723,12889,295,792,109961170
HOSP_1724,7562,156,468,83816518
HOSP_1725,6680,104,296,63871880
HOSP_1726,5467,112,351,57912225
HOSP_1727,64714,841,2159,542338130
HOSP_1728,32095,546,1485,314734105
HOSP_1729,40119,520,2137,358351992
HOSP_1730,58003,745,1882,486100458
HOSP_1731,41308,661,2812,400566980
HOSP_1732,14064,176,466,108924021
HOSP_1733,28053,793,2457,299150454
HOSP_1734,20790,294,1128,201603216
HOSP_1735,33694,884,3205,470650402
HOSP_1736,29017,522,2102,286381825
HOSP_1737,50268,668,1809,393205192
HOSP_1738,11976,252,943,148604285
HOSP_1739,13004,299,1232,178012269
HOSP_1740,53607,878,3747,479918081
HOSP_1741,45605,574,1937,365835180
HOSP_1742,63431,988,4367,620765781
HOSP_1743,10349,193,576,109193841
HOSP_1744,40215,763,2769,375935716
HOSP_1745,28039,649,2061,329292251
HOSP_1746,40162,749,3012,385358325
HOSP_1747,3417,99,414,51175542
HOSP_1748,10652,228,657,96967239
HOSP_1749,17931,362,1305,168999845
HOSP_1750,16806,256,1031,140942558
HOSP_1751,56287,902,3338,492375651
HOSP_1752,45571,699,2040,404473902
HOSP_1753,46947,659,2588,480132742
HOSP_1754,28826,916,3864,375705684
HOSP_1755,25245,447,1212,228700957
HOSP_1756,43420,643,2421,450255546
HOSP_1757,13466,190,757,124536489
HOSP_1758,17539,538,2327,273613308
HOSP_1759,6081,138,531,73795708
HOSP_1760,57078,855,2387,419685240
HOSP_1761,11717,196,881,137844935
HOSP_1762,34066,681,2068,319519206
HOSP_1763,49784,689,2644,451655263
HOSP_1764,19974,451,1752,206166049
HOSP_1765,15772,497,1533,190627795
HOSP_1766,33416,690,2620,348348585
HOSP_1767,25426,485,1974,277838398
HOSP_1768,11455,246,741,102214288
HOSP_1769,3436,52,138,25803790
HOSP_1770,15738,288,970,164396060
HOSP_1771,34497,693,2339,401532213
HOSP_1772,31056,475,1905,317890747
HOSP_1773,28773,526,1875,289415751
HOSP_1774,66179,911,4071,654428535
HOSP_1775,34075,825,3455,446132774
HOSP_1776,18390,230,614,153582829
HOSP_1777,24669,501,1576,277975024
HOSP_1778,27114,368,941,181826752
HOSP_1779,55067,984,3348,467285278
HOSP_1780,26406,791,3431,375179642
HOSP_1781,55323,913,3940,636161079
HOSP_1782,33244,570,2309,323782942
HOSP_1783,23356,431,1253,238179804
HOSP_1784,31786,542,2177,338328808
HOSP_1785,43685,553,2483,398997701
HOSP_1786,44010,612,2090,402172466
HOSP_1787,54005,926,3667,504934740
HOSP_1788,21799,274,740,177578663
HOSP_1789,64364,881,3644,572989476
HOSP_1790,41268,585,1489,346136938
HOSP_1791,38271,657,2697,383827488
HOSP_1792,6664,168,665,74567974
HOSP_1793,50321,747,3325,454454707
HOSP_1794,50395,844,2202,376553228
HOSP_1795,6353,146,394,54515592
HOSP_1796,17589,469,1872,208711852
HOSP_1797,40519,700,3120,442713421
HOSP_1798,26694,526,2103,303308059
HOSP_1799,15004,208,580,111213455
HOSP_1800,35597,940,4161,496221996
HOSP_1801,25493,448,1620,280446143
HOSP_1802,15464,355,1166,164979138
HOSP_1803,3973,121,540,63610489
HOSP_1804,16874,245,913,173384500
HOSP_1805,39505,661,2900,470831659
HOSP_1806,16090,349,1322,174191360
HOSP_1807,3036,62,184,28253632
HOSP_1808,44884,711,2550,399579866
HOSP_1809,15404,272,1021,170004158
HOSP_1810,38002,673,2920,387757066
HOSP_1811,21250,304,802,166559649
HOSP_1812,16268,369,1097,187297662
HOSP_1813,37925,535,2226,322311756
HOSP_1814,32836,862,3789,510024704
HOSP_1815,12218,252,640,107099680
HOSP_1816,31647,626,2162,329426970
HOSP_1817,7427,194,821,90594272
HOSP_1818,48604,657,1940,363114198
HOSP_1819,13366,302,1235,155702686
HOSP_1820,64043,876,2852,545572333
HOSP_1821,28316,909,2940,379045846
HOSP_1822,29971,830,2130,307427802
HOSP_1823,40707,599,1852,397281262
HOSP_1824,16962,255,752,146197841
HOSP_1825,48277,763,3308,461097060
HOSP_1826,12400,243,937,145565262
HOSP_1827,3522,67,192,35635724
HOSP_1828,49690,870,2562,456782220
HOSP_1829,9132,160,533,87322838
HOSP_1830,52258,674,2338,480871019
HOSP_1831,24098,465,1259,245993054
HOSP_1832,42065,594,1767,358939883
HOSP_1833,16939,274,1169,165604193
HOSP_1834,13471,280,1096,162103936
HOSP_1835,54556,696,2211,487706104
HOSP_1836,8607,269,752,109937170
HOSP_1837,43160,585,1588,386803660
HOSP_1838,58658,743,2640,560503544
HOSP_1839,42109,578,2259,392390579
HOSP_1840,37990,536,2108,365403098
HOSP_1841,35616,478,1745,280659056
HOSP_1842,16211,264,1145,154723889
HOSP_1843,8820,134,443,76199568
HOSP_1844,4947,142,563,75823438
HOSP_1845,40470,570,1749,346881277
HOSP_1846,48618,671,2072,373833808
HOSP_1847,49479,635,1858,354173507
HOSP_1848,47656,694,2463,425096574
HOSP_1849,6210,157,462,72721761
HOSP_1850,22202,498,1701,223646822
HOSP_1851,42970,963,2750,453221371
HOSP_1852,39677,556,1610,328965711
HOSP_1853,17054,525,2294,250003187
HOSP_1854,34144,521,1878,333894474
HOSP_1855,30607,940,3951,395790833
HOSP_1856,14481,250,662,122739982
HOSP_1857,26016,589,2386,324783199
HOSP_1858,53331,715,1992,476378160
HOSP_1859,26273,794,3051,397697332
HOSP_1860,30985,407,1579,242431347
HOSP_1861,32449,925,3548,398280389
HOSP_1862,23359,358,1521,239696353
HOSP_1863,43333,645,2875,490516070
HOSP_1864,38903,578,2555,440683443
HOSP_1865,32893,441,1193,282382898
HOSP_1866,3767,59,260,42433693
HOSP_1867,25078,316,1333,251016000
HOSP_1868,40302,703,2954,411570829
HOSP_1869,3634,71,195,32383931
HOSP_1870,17301,231,849,136562146
HOSP_1871,49125,725,3152,479902863
HOSP_1872,34013,697,1943,305786205
HOSP_1873,17394,563,1756,245145795
HOSP_1874,12167,225,959,135352510
HOSP_1875,36848,649,2296,329659937
HOSP_1876,11840,297,1118,158119940
HOSP_1877,30296,882,3833,393572432
HOSP_1878,66987,879,2459,566374662
HOSP_1879,10462,150,671,102684518
HOSP_1880,49895,719,2752,472064179
HOSP_1881,32060,538,2217,337623882
HOSP_1882,52583,670,2495,455330834
HOSP_1883,29443,889,3706,482462681
HOSP_1884,46926,910,2798,428206956
HOSP_1885,40972,955,2645,368626256
HOSP_1886,33823,952,4244,439331433
HOSP_1887,48622,640,2132,433381329
HOSP_1888,3969,88,355,43377589
HOSP_1889,30821,421,1810,326477093
HOSP_1890,45269,728,2008,391925079
HOSP_1891,34361,864,2730,390600746
HOSP_1892,41715,666,2466,361543484
HOSP_1893,42865,653,2238,395025246
HOSP_1894,78452,993,2614,531415672
HOSP_1895,14018,432,1609,218299085
HOSP_1896,40297,768,2365,334602515
HOSP_1897,44494,980,2954,512310549
HOSP_1898,14357,367,1450,168728558
HOSP_1899,48800,654,2894,490414093
HOSP_1900,6065,175,439,55847785
HOSP_1901,13163,277,849,148982648
HOSP_1902,47983,680,2968,437674841
HOSP_1903,29989,634,1806,284443186
HOSP_1904,37301,917,3513,394776762
HOSP_1905,31634,531,2215,296052635
HOSP_1906,45054,767,2140,411228648
HOSP_1907,28063,692,2070,330616748
HOSP_1908,28789,604,2594,355440410
HOSP_1909,39114,566,1912,350989081
HOSP_1910,36313,467,1720,334301182
HOSP_1911,51158,746,2642,446370944
HOSP_1912,54666,912,2977,494606294
HOSP_1913,13285,357,1587,206718866
HOSP_1914,36306,493,1322,283537207
HOSP_1915,4736,148,641,63500917
HOSP_1916,15493,380,1054,178219120
HOSP_1917,27511,820,3396,409824724
HOSP_1918,32343,579,2495,388970298
HOSP_1919,19372,414,1174,176930752
HOSP_1920,23104,331,1008,201062614
HOSP_1921,2470,55,239,30504658
HOSP_1922,21994,467,2024,287873752
HOSP_1923,9050,223,850,115271364
HOSP_1924,66614,948,2492,517366911
HOSP_1925,12541,377,1222,169002380
HOSP_1926,27307,749,3319,403599420
HOSP_1927,15037,199,624,107294025
HOSP_1928,64106,851,3688,570130677
HOSP_1929,15061,237,711,135139880
HOSP_1930,26097,739,2832,359202720
HOSP_1931,4058,62,223,39751788
HOSP_1932,6839,122,546,84999071
HOSP_1933,3160,90,291,38723181
HOSP_1934,43295,831,3692,437778234
HOSP_1935,30478,678,1703,248378726
HOSP_1936,12799,305,1096,127183353
HOSP_1937,5178,92,408,56189967
HOSP_1938,13782,259,1035,155197267
HOSP_1939,52505,967,3409,569788905
HOSP_1940,20594,318,1221,201676657
HOSP_1941,68239,988,3570,639008066
HOSP_1942,33082,725,1880,274343668
HOSP_1943,5760,109,477,71484911
HOSP_1944,15970,406,1129,186476300
HOSP_1945,51100,851,3294,513081550
HOSP_1946,19600,645,2393,258367806
HOSP_1947,19390,348,1167,170836971
HOSP_1948,20265,373,1185,185555811
HOSP_1949,8819,226,828,112929170
HOSP_1950,27653,513,1318,274968117
HOSP_1951,22251,297,1134,213682978
HOSP_1952,22780,636,1906,251566739
HOSP_1953,36352,796,3401,394075162
HOSP_1954,17045,348,1537,217204586
HOSP_1955,10471,234,854,103892975
HOSP_1956,40349,828,3675,493285268
HOSP_1957,10861,157,523,106263888
HOSP_1958,64425,886,2492,464783726
HOSP_1959,18138,550,1949,241521560
HOSP_1960,44668,993,4349,515998106
HOSP_1961,54639,745,2663,477292527
HOSP_1962,11464,218,937,145996636
HOSP_1963,42659,638,1911,382488690
HOSP_1964,35439,494,1652,337109856
HOSP_1965,37606,484,2091,352439395
HOSP_1966,29289,656,1691,250712673
HOSP_1967,61117,826,2844,555464749
HOSP_1968,16239,404,1392,212565546
HOSP_1969,69904,980,2924,579020739
HOSP_1970,26662,439,1439,230233556
HOSP_1971,37437,990,3755,449348096
HOSP_1972,23576,434,1392,229975274
HOSP_1973,15531,321,1219,189634882
HOSP_1974,21948,328,1263,221226405
HOSP_1975,64921,816,2808,503852438
HOSP_1976,23102,672,2328,309006444
HOSP_1977,74020,951,3367,624660941
HOSP_1978,21493,495,1260,204521968
HOSP_1979,42807,628,1792,383919292
HOSP_1980,14470,241,797,137450739
HOSP_1981,23556,710,2192,289695316
HOSP_1982,23200,307,1228,210683442
HOSP_1983,16044,333,1371,201988403
HOSP_1984,34029,457,1609,281374251
HOSP_1985,30586,479,1705,318677314
HOSP_1986,52950,965,3675,614458906
HOSP_1987,3609,62,219,35198684
HOSP_1988,42775,718,2708,442003670
HOSP_1989,23300,401,1767,244094960
HOSP_1990,37780,496,1289,291218315
HOSP_1991,22056,400,1628,226725823
HOSP_1992,46273,702,2675,466316609
HOSP_1993,27591,694,2332,351147166
HOSP_1994,43752,960,3983,465041772
HOSP_1995,17712,278,1112,170120219
HOSP_1996,28391,662,2482,343178345
HOSP_1997,17818,289,1094,196597123
HOSP_1998,29792,684,2294,295375277
HOSP_1999,37300,604,2552,379800653
HOSP_2000,51285,660,1713,405383544
