Date,CustomerID,CustomerName,ProductCategory,SalesAmount,Region
05/20/2026,CUST46,"Robinson, Robinson and Willis",Drivetrain,10822,South
05/10/2026,CUST74,King Inc,Brakes,5742,West
10/23/2025,CUST80,Garcia-Ramos,Brakes,6987,West
01/15/2026,CUST13,Price PLC,Accessories,10352,South
05/03/2026,CUST83,Long-Tate,Frames,7179,North
05/05/2026,CUST15,Snyder Ltd,Wheels,13940,South
07/06/2026,CUST39,Simpson Group,Frames,4516,West
04/09/2026,CUST60,Bowman LLC,Accessories,13586,West
06/28/2026,CUST47,Perry LLC,Wheels,5852,East
06/22/2026,CUST78,Lane-Lawrence,Wheels,5179,North
04/02/2026,CUST37,Camacho and Sons,Drivetrain,12416,South
10/30/2025,CUST23,"Castro, Weber and Warner",Accessories,13077,East
02/15/2026,CUST82,Lopez LLC,Wheels,7399,South
06/24/2026,CUST39,Herrera-Blake,Drivetrain,4365,West
12/31/2025,CUST48,Joseph-Thomas,Wheels,10598,West
05/21/2026,CUST98,Davidson LLC,Brakes,4011,South
11/02/2025,CUST68,Nelson and Sons,Accessories,7248,North
08/03/2025,CUST22,Hicks and Sons,Accessories,12036,South
12/10/2025,CUST94,"Wilson, Mclean and Rivers",Wheels,12561,North
09/17/2025,CUST52,Collins-Munoz,Brakes,14356,North
02/07/2026,CUST91,Jenkins Ltd,Accessories,12544,East
11/23/2025,CUST48,Herrera-Bullock,Brakes,8683,South
10/15/2025,CUST53,Ortiz PLC,Drivetrain,6622,South
05/22/2026,CUST86,"Anderson, Davidson and Robinson",Drivetrain,6336,North
09/28/2025,CUST74,"Wright, Castaneda and Villanueva",Accessories,14446,West
04/16/2026,CUST62,Stone-Williams,Drivetrain,7782,East
10/04/2025,CUST38,Ramirez Ltd,Brakes,5138,South
02/05/2026,CUST97,Murphy-Wilkins,Accessories,6715,East
03/20/2026,CUST41,Becker PLC,Brakes,4347,South
06/30/2026,CUST73,Ho Inc,Brakes,13688,East
12/27/2025,CUST35,Lewis-Cook,Frames,12642,East
10/04/2025,CUST99,Harris PLC,Wheels,5950,North
04/09/2026,CUST49,Kim Group,Brakes,2978,North
01/10/2026,CUST99,"Smith, Mckinney and Knox",Wheels,13642,South
07/31/2025,CUST50,Fuller-Delgado,Wheels,5647,North
04/20/2026,CUST87,Phillips-Moore,Wheels,8317,North
09/23/2025,CUST38,Moody Inc,Brakes,1509,North
06/04/2026,CUST80,"Hicks, Banks and Sandoval",Wheels,10419,North
03/23/2026,CUST28,Miller-Morgan,Drivetrain,4926,South
01/29/2026,CUST32,Young PLC,Frames,10475,South
03/21/2026,CUST83,"Reeves, Gomez and Bridges",Frames,14118,North
08/12/2025,CUST97,Fox Group,Drivetrain,2527,South
04/28/2026,CUST41,Ware and Sons,Brakes,8856,South
09/08/2025,CUST75,Wood-Taylor,Frames,12513,South
05/29/2026,CUST66,"Cook, Walker and Stanley",Frames,12210,North
07/31/2026,CUST65,"Christian, Ibarra and Moore",Drivetrain,10831,South
07/24/2026,CUST24,Singleton-Perkins,Brakes,8056,North
05/18/2026,CUST41,"Carr, Pierce and Green",Accessories,1523,South
11/04/2025,CUST93,"Williams, Hoover and Salazar",Brakes,10496,East
09/17/2025,CUST60,Clayton-Moore,Accessories,12459,West
02/20/2026,CUST64,Walton-Brown,Drivetrain,2074,East
07/20/2026,CUST95,Smith-Stanley,Drivetrain,13550,East
12/24/2025,CUST91,Rodriguez PLC,Accessories,12511,North
07/20/2026,CUST11,"Adams, Williams and Rivers",Brakes,4058,East
05/05/2026,CUST97,"Clark, Andrews and Melton",Accessories,12312,East
12/23/2025,CUST37,"Jordan, Key and Soto",Wheels,4594,South
03/27/2026,CUST24,"Reyes, Hebert and Chapman",Frames,14949,West
12/22/2025,CUST71,Murphy Group,Accessories,3028,North
03/31/2026,CUST87,Miller-Jones,Wheels,14165,South
04/07/2026,CUST85,Hanson-Walters,Frames,3807,West
11/26/2025,CUST65,Melendez Inc,Frames,4165,South
02/24/2026,CUST77,Rodriguez PLC,Drivetrain,5291,West
11/01/2025,CUST48,"Fry, Washington and Craig",Drivetrain,1842,South
06/27/2026,CUST46,Mitchell-Owens,Accessories,7578,East
06/25/2026,CUST67,Johnson Group,Frames,9987,East
05/18/2026,CUST78,Charles-Jones,Frames,11369,East
08/27/2025,CUST93,"Cannon, Valenzuela and Bean",Drivetrain,9992,North
09/27/2025,CUST84,Clark PLC,Brakes,14434,East
02/06/2026,CUST34,Vazquez-Bradley,Drivetrain,1326,South
02/11/2026,CUST25,"Lynch, Gallegos and Benson",Wheels,4578,South
08/22/2025,CUST92,Gutierrez Group,Drivetrain,8614,West
11/11/2025,CUST18,"Guerrero, Yates and Villa",Wheels,14460,North
11/03/2025,CUST40,Hawkins-Fields,Drivetrain,8180,North
11/05/2025,CUST88,Richardson and Sons,Drivetrain,5548,North
12/12/2025,CUST82,Bryan-Monroe,Brakes,7597,West
11/02/2025,CUST69,Callahan Inc,Brakes,7430,East
12/27/2025,CUST49,Davis PLC,Brakes,2471,North
12/31/2025,CUST24,Smith-Patterson,Frames,7025,North
01/08/2026,CUST25,"Jones, Garcia and Martin",Frames,7257,South
02/11/2026,CUST98,Romero-Wilson,Brakes,7831,East
07/31/2025,CUST13,Garza Ltd,Frames,2622,North
06/03/2026,CUST12,"Richardson, Diaz and Davis",Drivetrain,10161,North
02/07/2026,CUST37,Greene-Weiss,Drivetrain,6280,South
05/10/2026,CUST62,Williams Ltd,Accessories,13035,West
06/26/2026,CUST37,Gill-Russell,Drivetrain,7695,South
06/21/2026,CUST11,Rodgers-Mcknight,Brakes,3795,East
02/02/2026,CUST14,Fitzgerald Inc,Brakes,8071,North
09/27/2025,CUST93,"Jenkins, Hampton and Morris",Frames,12480,West
10/08/2025,CUST95,Townsend-Hayes,Drivetrain,5013,South
06/06/2026,CUST13,Myers-Rowland,Accessories,12871,East
11/01/2025,CUST71,Franco Inc,Drivetrain,8705,South
06/15/2026,CUST69,Martin PLC,Wheels,2589,North
10/08/2025,CUST90,Garcia-Benitez,Frames,9560,East
10/01/2025,CUST76,"Hays, Johnson and Bailey",Frames,12487,West
10/29/2025,CUST78,Hardy-Maynard,Brakes,13139,West
10/15/2025,CUST27,Cox-Walls,Drivetrain,13404,North
11/10/2025,CUST27,Keller Group,Accessories,3932,East
12/22/2025,CUST28,Dixon PLC,Accessories,6077,South
02/01/2026,CUST53,Garcia PLC,Drivetrain,7927,East
09/09/2025,CUST32,Williams-Boyer,Wheels,4795,South
06/23/2026,CUST41,"Wagner, Ball and Schmidt",Accessories,12357,North
07/18/2026,CUST10,Espinoza-Jackson,Frames,4344,North
09/30/2025,CUST33,Arellano-Kaufman,Accessories,1983,North
12/21/2025,CUST93,Avila Inc,Brakes,7720,North
06/14/2026,CUST63,Reed-Morgan,Wheels,4107,North
09/11/2025,CUST81,Davenport Inc,Brakes,10198,East
03/26/2026,CUST71,Black and Sons,Drivetrain,12619,South
12/01/2025,CUST20,Mendoza LLC,Brakes,10919,North
08/20/2025,CUST94,Guzman PLC,Drivetrain,4238,East
09/04/2025,CUST50,Hart Group,Drivetrain,12661,East
09/04/2025,CUST86,Robles-Cox,Wheels,4211,West
07/22/2026,CUST99,Crane Inc,Wheels,14505,North
02/15/2026,CUST55,Roy Ltd,Wheels,5455,North
09/08/2025,CUST97,"Jackson, Robles and Green",Wheels,5739,West
02/24/2026,CUST68,Barnes-Murphy,Accessories,14467,West
12/24/2025,CUST79,Montoya PLC,Frames,2060,East
12/04/2025,CUST46,Aguilar-Jones,Drivetrain,11299,East
11/27/2025,CUST99,Mckay-Gordon,Brakes,3238,West
08/03/2025,CUST81,Gibson-Harper,Drivetrain,10731,North
03/27/2026,CUST43,Moss-Singh,Frames,9454,West
09/01/2025,CUST54,"Guzman, Sanchez and Rodriguez",Wheels,12924,South
07/13/2026,CUST59,"Nixon, Rodriguez and Daniel",Brakes,6177,North
05/26/2026,CUST29,"Mendoza, Hays and Neal",Frames,12653,West
08/25/2025,CUST78,"Murphy, Wang and Cunningham",Frames,8676,West
02/07/2026,CUST98,Sanchez-West,Brakes,4738,East
04/15/2026,CUST53,Cruz Ltd,Brakes,12850,South
05/21/2026,CUST13,"Davis, Richardson and Shepard",Drivetrain,6229,East
05/19/2026,CUST11,Blair-Higgins,Wheels,2530,South
10/02/2025,CUST28,Pruitt Group,Frames,14257,North
03/12/2026,CUST96,White-Arnold,Drivetrain,4688,North
09/04/2025,CUST94,"Clark, Martinez and Johnson",Accessories,13308,West
04/03/2026,CUST43,Shelton-Powell,Drivetrain,12260,North
09/30/2025,CUST67,Soto PLC,Frames,14195,West
12/30/2025,CUST28,"Jordan, Barker and Jackson",Drivetrain,4022,East
01/28/2026,CUST14,"Walters, Williams and Young",Wheels,12752,North
02/26/2026,CUST82,Pitts Group,Accessories,6851,East
05/24/2026,CUST66,Hill and Sons,Frames,11692,South
11/18/2025,CUST15,"Young, Mueller and Cruz",Accessories,4558,East
09/29/2025,CUST23,Taylor Ltd,Frames,7602,South
04/30/2026,CUST55,Hart-Mason,Accessories,11894,East
09/15/2025,CUST22,"Cervantes, Hoffman and Freeman",Accessories,13651,South
03/28/2026,CUST25,Lloyd-Mendoza,Drivetrain,1793,North
10/21/2025,CUST35,Hernandez-Noble,Brakes,5136,South
12/02/2025,CUST70,"Stafford, Pruitt and Johnson",Frames,7697,South
04/17/2026,CUST17,"Chen, Rice and Johnston",Accessories,14217,West
07/05/2026,CUST85,Mathews Inc,Accessories,11817,South
10/04/2025,CUST24,Hartman-Martinez,Drivetrain,4677,South
07/13/2026,CUST58,Kelly LLC,Wheels,3053,South
01/24/2026,CUST69,Wilson PLC,Wheels,10423,East
08/31/2025,CUST16,Jennings Inc,Accessories,13196,North
12/28/2025,CUST57,Richardson-Robinson,Brakes,11719,East
04/28/2026,CUST83,"Daniels, Madden and Poole",Brakes,5902,West
08/11/2025,CUST86,"Terry, Flores and Wallace",Frames,14508,East
05/23/2026,CUST38,Jones Inc,Frames,10551,East
09/19/2025,CUST76,Parker-Jacobs,Brakes,1342,South
02/26/2026,CUST64,"Pace, Jenkins and Stevenson",Drivetrain,5464,West
05/26/2026,CUST61,"Carroll, Hancock and Snyder",Brakes,4076,East
11/25/2025,CUST92,Walker PLC,Frames,11242,North
09/18/2025,CUST93,"Hurst, Miranda and Sherman",Frames,1508,North
04/23/2026,CUST90,Schaefer PLC,Frames,10978,West
12/23/2025,CUST93,"Perez, Baker and Chang",Drivetrain,6704,West
04/20/2026,CUST68,Estrada and Sons,Drivetrain,6634,South
03/28/2026,CUST60,Bennett-Grant,Accessories,10152,South
11/11/2025,CUST17,"Armstrong, Wolfe and Mcconnell",Brakes,5254,South
10/23/2025,CUST50,"Smith, Mendoza and Brown",Frames,10573,West
09/20/2025,CUST46,Walker LLC,Drivetrain,8230,South
08/24/2025,CUST73,Burch-Evans,Drivetrain,9690,North
11/23/2025,CUST78,Aguilar and Sons,Brakes,2039,South
08/31/2025,CUST63,"Valencia, Warren and Gilmore",Frames,11376,East
10/05/2025,CUST64,"Campbell, Rivera and Ferguson",Brakes,1492,West
03/16/2026,CUST48,Cook-Case,Frames,7208,North
05/28/2026,CUST22,Anderson Group,Wheels,14992,North
05/13/2026,CUST20,"Lopez, Dyer and Robbins",Drivetrain,5299,East
02/21/2026,CUST71,"Barker, Paul and Alvarez",Drivetrain,12072,West
03/08/2026,CUST90,"Brown, Little and Bentley",Brakes,11291,North
01/30/2026,CUST82,"Torres, Nixon and Perez",Accessories,11482,West
05/27/2026,CUST63,Villanueva-Moody,Accessories,9767,South
02/06/2026,CUST58,Hodges Inc,Wheels,3788,North
05/18/2026,CUST37,Peterson-Miller,Frames,6542,East
08/10/2025,CUST89,Chavez Group,Frames,5644,South
10/22/2025,CUST29,Bautista-Johnson,Accessories,10600,North
04/08/2026,CUST74,Johnson Ltd,Wheels,5039,South
07/19/2026,CUST35,Rollins-Walsh,Frames,1079,South
09/16/2025,CUST54,"Taylor, Vargas and Russell",Wheels,1234,South
01/06/2026,CUST64,"Peterson, Morris and Silva",Wheels,12553,East
12/21/2025,CUST96,"Baker, Thomas and Robinson",Wheels,7650,West
07/05/2026,CUST59,Moore-Lindsey,Brakes,4738,North
02/04/2026,CUST14,Thomas-Goodwin,Wheels,2363,North
11/20/2025,CUST57,Johnson-Garcia,Accessories,12683,South
03/15/2026,CUST63,Phillips LLC,Wheels,9407,West
07/29/2026,CUST85,Green Inc,Brakes,12212,North
09/13/2025,CUST52,Werner-Mcclain,Wheels,13271,North
02/20/2026,CUST90,Gill LLC,Frames,7519,East
01/09/2026,CUST46,Nelson-Floyd,Frames,12153,North
05/30/2026,CUST38,Kline-Cardenas,Frames,9415,South
09/27/2025,CUST26,Clark Ltd,Frames,11704,East
05/04/2026,CUST90,"Ray, Swanson and Nelson",Drivetrain,7311,West
09/21/2025,CUST44,Richards and Sons,Wheels,6075,East
12/11/2025,CUST52,Smith-Gillespie,Wheels,8923,North
05/08/2026,CUST80,Murphy-Flores,Wheels,4586,East
02/25/2026,CUST35,Mccullough-Gardner,Frames,1368,East
01/26/2026,CUST47,Martinez-Houston,Wheels,7411,West
06/09/2026,CUST37,Wade LLC,Wheels,12833,East
12/14/2025,CUST49,"Wallace, Lynch and Myers",Brakes,5458,North
03/13/2026,CUST63,"Cantu, Stanley and Hughes",Wheels,5828,East
12/28/2025,CUST62,Mendez-Howard,Frames,11025,North
03/14/2026,CUST88,"Yates, Willis and Ray",Frames,7006,North
04/24/2026,CUST89,Kent-Pineda,Wheels,5300,South
11/20/2025,CUST85,Elliott LLC,Drivetrain,7571,East
12/30/2025,CUST42,Knapp-Mayo,Frames,9404,North
03/29/2026,CUST36,Anderson-Bennett,Drivetrain,12304,North
11/23/2025,CUST14,Garcia-Hernandez,Brakes,10235,East
06/07/2026,CUST15,"Reyes, Stewart and Ross",Frames,11079,North
08/08/2025,CUST69,Moody-Casey,Wheels,6773,South
12/15/2025,CUST90,Myers Group,Wheels,5037,North
05/31/2026,CUST48,"Moses, Ball and Anderson",Frames,7157,North
06/29/2026,CUST87,Roberson PLC,Brakes,9315,South
04/14/2026,CUST41,Delgado LLC,Wheels,2739,West
09/14/2025,CUST40,Hodges-Estes,Brakes,1060,North
09/19/2025,CUST92,Porter and Sons,Brakes,8484,East
11/10/2025,CUST63,"Bolton, Barton and Walker",Brakes,3558,East
12/15/2025,CUST49,"Williams, Jarvis and Pittman",Accessories,5707,North
07/28/2026,CUST41,"Jensen, Smith and Johnson",Frames,10232,West
10/31/2025,CUST56,Woodard-Miller,Drivetrain,10466,East
04/03/2026,CUST15,Brennan Inc,Frames,13638,East
09/28/2025,CUST94,Knight-Thomas,Accessories,8967,South
01/04/2026,CUST61,"Nunez, Johnson and Schmidt",Frames,12877,North
12/22/2025,CUST14,Lozano and Sons,Brakes,9789,North
10/16/2025,CUST97,"Schultz, Davis and Douglas",Accessories,12837,South
11/06/2025,CUST29,"Castaneda, Myers and Wagner",Drivetrain,8968,East
06/01/2026,CUST21,"White, George and Warren",Accessories,10026,East
10/22/2025,CUST28,Rivers-Gould,Wheels,6476,South
06/25/2026,CUST79,"Schmidt, Johnson and David",Drivetrain,7492,North
11/17/2025,CUST29,Flores-Lee,Brakes,11283,East
04/18/2026,CUST21,Lucas LLC,Drivetrain,4789,West
12/13/2025,CUST28,"Smith, Snyder and Black",Frames,8496,North
08/07/2025,CUST33,Dunn Group,Drivetrain,10259,South
03/26/2026,CUST27,Buchanan PLC,Wheels,2288,West
12/14/2025,CUST90,Ayers-Mcdaniel,Drivetrain,12813,South
05/31/2026,CUST50,Cooper Inc,Accessories,13618,West
01/02/2026,CUST22,"Hernandez, Carpenter and Herrera",Frames,6423,North
02/15/2026,CUST27,Brown PLC,Drivetrain,2397,East
02/22/2026,CUST50,Taylor-Blankenship,Drivetrain,5437,South
02/27/2026,CUST89,Stewart-Liu,Frames,7574,West
03/30/2026,CUST89,Gordon-Powers,Wheels,14412,West
12/08/2025,CUST34,"Willis, Marquez and Garner",Wheels,13376,South
12/19/2025,CUST24,Pollard-Santiago,Frames,14422,South
08/29/2025,CUST11,Allen-Monroe,Brakes,11697,East
04/10/2026,CUST29,Vasquez Group,Frames,1005,South
06/29/2026,CUST32,"Stewart, Santos and Chavez",Wheels,9277,North
05/29/2026,CUST67,Hahn and Sons,Wheels,5030,East
04/13/2026,CUST91,Robinson LLC,Frames,14250,North
03/24/2026,CUST71,Williams-Green,Drivetrain,3079,West
09/12/2025,CUST29,Sullivan-Hernandez,Frames,3913,East
11/16/2025,CUST46,Clay PLC,Wheels,5900,South
11/24/2025,CUST22,Frazier Inc,Accessories,9415,North
10/31/2025,CUST23,"Kelley, Dennis and Johnson",Frames,9658,East
08/16/2025,CUST54,Melton-Baker,Drivetrain,11156,North
07/07/2026,CUST23,"Hall, Thompson and Smith",Wheels,14466,West
10/28/2025,CUST29,"Juarez, Howard and Mcknight",Brakes,8377,North
06/26/2026,CUST55,"Griffin, Daugherty and Morales",Frames,6108,South
07/01/2026,CUST42,"Boone, Pierce and Welch",Frames,13620,West
01/30/2026,CUST14,Lowe-Johnson,Drivetrain,13733,South
02/12/2026,CUST36,Holder-Watts,Frames,6020,North
10/23/2025,CUST50,Harris-Murphy,Frames,5249,North
11/27/2025,CUST55,"Ross, Humphrey and Lopez",Frames,1940,South
05/19/2026,CUST63,Walker-Smith,Frames,14812,South
11/17/2025,CUST60,"Brown, Hunter and Klein",Brakes,2200,North
07/01/2026,CUST49,Gomez-Shannon,Brakes,6394,West
01/19/2026,CUST39,Farrell-Guerrero,Drivetrain,13807,South
03/17/2026,CUST45,Howell-Davis,Wheels,3677,West
09/06/2025,CUST45,Guerra-Barry,Wheels,1295,West
12/28/2025,CUST34,"Mccormick, Perez and Dean",Brakes,14845,North
10/05/2025,CUST55,"Jackson, Green and Willis",Drivetrain,14889,West
01/07/2026,CUST71,Joseph-Taylor,Brakes,7837,North
07/10/2026,CUST82,"Dyer, Adams and Gaines",Wheels,3682,West
03/25/2026,CUST35,Martin-Mayo,Accessories,14645,South
12/13/2025,CUST49,"Johnson, Potts and Payne",Brakes,1192,West
04/21/2026,CUST62,Holloway and Sons,Accessories,4629,East
02/14/2026,CUST97,Shaw-Thomas,Accessories,11096,West
05/18/2026,CUST22,Erickson-King,Drivetrain,13488,East
12/09/2025,CUST62,Jones-Briggs,Accessories,12691,West
12/13/2025,CUST62,"White, Rivera and Stevenson",Frames,1549,East
06/23/2026,CUST67,Fields-Boyle,Frames,2397,West
11/25/2025,CUST43,"Lamb, Guzman and Hawkins",Frames,14562,West
12/08/2025,CUST21,Jones PLC,Drivetrain,7607,East
05/26/2026,CUST77,Blackburn PLC,Wheels,10744,South
06/10/2026,CUST97,Romero-Stevens,Frames,2825,South
09/19/2025,CUST92,Henry-Huffman,Accessories,1770,North
06/27/2026,CUST72,Rocha LLC,Accessories,1794,East
03/30/2026,CUST22,Maxwell and Sons,Wheels,2558,South
06/28/2026,CUST20,Weaver-Johnson,Frames,13282,West
05/17/2026,CUST39,Odonnell-Ball,Wheels,11115,West
06/12/2026,CUST34,Chung and Sons,Wheels,3719,East
04/16/2026,CUST99,"Boyer, Miller and Smith",Wheels,9044,North
06/16/2026,CUST91,Hamilton-Arellano,Brakes,5164,West
09/17/2025,CUST83,"Caldwell, Larson and Hess",Frames,8307,East
03/20/2026,CUST96,Johnson-Fleming,Wheels,8718,West
07/13/2026,CUST79,Padilla Inc,Frames,11005,North
11/01/2025,CUST80,"Mcgee, Wright and Bray",Drivetrain,6792,East
02/16/2026,CUST35,Bennett Inc,Accessories,2736,North
06/08/2026,CUST63,Martin Inc,Frames,14022,South
12/06/2025,CUST22,Cline LLC,Frames,3951,East
04/19/2026,CUST49,Lutz-Walker,Drivetrain,2437,North
03/03/2026,CUST90,Quinn LLC,Drivetrain,6775,West
10/13/2025,CUST46,Dudley PLC,Drivetrain,6712,South
06/20/2026,CUST66,Grant-Stewart,Frames,8398,North
06/23/2026,CUST69,"Acosta, Johnson and Herrera",Drivetrain,3303,South
10/03/2025,CUST64,Mack-Stevenson,Drivetrain,3310,West
11/19/2025,CUST58,Castro LLC,Accessories,14540,North
06/08/2026,CUST78,Miller PLC,Wheels,7895,West
08/01/2025,CUST89,"Evans, Morris and Hayden",Brakes,1040,North
02/21/2026,CUST81,"Cardenas, Hart and Gonzalez",Accessories,8705,South
06/20/2026,CUST57,Payne and Sons,Accessories,1466,West
06/12/2026,CUST69,"Morgan, Franklin and Stark",Wheels,8808,North
08/08/2025,CUST65,"Douglas, Green and Knight",Brakes,1257,East
09/27/2025,CUST35,Castillo PLC,Frames,11943,South
04/26/2026,CUST60,"Rogers, Strong and Espinoza",Wheels,8831,North
12/05/2025,CUST29,"Sherman, Mclaughlin and Walter",Brakes,3070,West
09/14/2025,CUST97,Mullins-Levy,Drivetrain,3661,South
10/31/2025,CUST11,Turner-Rose,Wheels,4790,East
11/09/2025,CUST15,Rogers LLC,Drivetrain,6143,South
06/04/2026,CUST29,Fuentes LLC,Accessories,4236,West
05/23/2026,CUST22,Santiago PLC,Drivetrain,7024,West
11/25/2025,CUST19,"Clark, Lucero and Morales",Frames,5518,East
01/11/2026,CUST95,Grant-Cook,Wheels,8235,West
07/04/2026,CUST68,Harris Group,Accessories,12019,West
08/31/2025,CUST91,"Mathis, Nelson and Mcgrath",Frames,14680,East
07/20/2026,CUST71,Fields-Andrews,Wheels,12720,East
12/14/2025,CUST96,Patel-Hancock,Brakes,11766,West
02/04/2026,CUST20,Paul and Sons,Wheels,8593,West
02/19/2026,CUST87,Olson Inc,Wheels,2035,West
08/09/2025,CUST81,"Jimenez, Price and York",Drivetrain,9963,East
08/07/2025,CUST78,Obrien-Young,Brakes,7146,East
10/11/2025,CUST47,"Ortiz, Rogers and Johnson",Brakes,13110,West
07/30/2026,CUST19,Pace LLC,Drivetrain,13205,East
06/16/2026,CUST99,Vega Ltd,Accessories,8446,West
03/28/2026,CUST55,George-Koch,Accessories,4456,East
05/12/2026,CUST38,"Williams, Rodriguez and Shaw",Accessories,14057,North
08/13/2025,CUST60,"Jackson, Holland and Johnson",Wheels,11101,East
10/30/2025,CUST36,Carter-Reed,Accessories,14015,North
06/30/2026,CUST63,Sanchez-Martin,Brakes,8903,North
07/20/2026,CUST52,Woods Inc,Accessories,7916,West
08/17/2025,CUST96,"Pearson, Moore and Long",Drivetrain,3558,West
09/11/2025,CUST64,Sandoval PLC,Frames,2247,North
05/10/2026,CUST52,"Morse, Medina and Walls",Wheels,1842,West
03/21/2026,CUST85,"Cooper, Moyer and Harris",Wheels,8292,West
08/02/2025,CUST87,Dudley-Hamilton,Accessories,1806,West
10/29/2025,CUST75,Dawson PLC,Accessories,8696,South
09/29/2025,CUST96,Martin-Hayden,Accessories,8226,North
01/04/2026,CUST72,"Benitez, Ford and Quinn",Drivetrain,8123,South
06/19/2026,CUST96,"Perkins, Smith and Mcmillan",Brakes,9911,North
05/19/2026,CUST83,Miranda-Huff,Wheels,2787,East
03/10/2026,CUST62,"Green, Cunningham and Mcgee",Accessories,6571,East
08/16/2025,CUST17,Adams Group,Wheels,13768,West
06/08/2026,CUST82,Bowman-Riley,Brakes,11687,South
07/24/2026,CUST71,"Rodriguez, Dorsey and Lopez",Wheels,5217,North
06/27/2026,CUST73,Nixon-Hartman,Wheels,3986,South
05/31/2026,CUST40,Jones LLC,Wheels,8927,West
02/12/2026,CUST55,Armstrong Ltd,Accessories,5434,East
01/14/2026,CUST88,Goodman Ltd,Wheels,5216,West
01/24/2026,CUST23,"Dunn, Gutierrez and Smith",Wheels,8159,East
12/02/2025,CUST76,"Lopez, Hinton and Kelley",Frames,6890,North
01/10/2026,CUST62,Haynes Group,Brakes,8781,South
10/26/2025,CUST69,Montoya PLC,Brakes,2943,East
03/15/2026,CUST86,"Keller, Butler and Clarke",Frames,5898,North
02/17/2026,CUST67,Beard-Stephens,Frames,2900,West
09/28/2025,CUST99,Alvarado-Cook,Accessories,8700,South
01/17/2026,CUST89,Gray Group,Accessories,10600,North
12/03/2025,CUST16,Stewart Group,Accessories,5461,South
12/29/2025,CUST84,"Chambers, Wilson and Payne",Drivetrain,4237,South
05/25/2026,CUST18,"Santiago, Dominguez and Calhoun",Frames,7231,West
11/10/2025,CUST27,"Hughes, Zimmerman and Lynch",Wheels,11413,South
07/15/2026,CUST57,Martin Inc,Brakes,7241,West
06/18/2026,CUST28,Taylor-Williams,Accessories,5691,West
03/15/2026,CUST73,Grant LLC,Frames,2262,East
10/29/2025,CUST15,"Humphrey, Greene and Kirby",Frames,12428,East
03/14/2026,CUST79,Brown Ltd,Accessories,5302,East
09/19/2025,CUST40,Palmer Ltd,Wheels,4522,South
07/20/2026,CUST38,Mayer-Huerta,Drivetrain,1164,East
04/25/2026,CUST31,Davis-White,Brakes,13404,South
03/11/2026,CUST89,Herman-Gibbs,Drivetrain,10436,South
05/31/2026,CUST91,Jordan LLC,Accessories,3927,North
12/27/2025,CUST97,"Gonzalez, Lucas and Roman",Wheels,5064,South
11/11/2025,CUST14,"Johnson, Johnson and Chandler",Brakes,12536,East
02/08/2026,CUST13,Houston and Sons,Drivetrain,2433,North
06/11/2026,CUST35,Ortiz-Jones,Drivetrain,6629,North
02/03/2026,CUST88,Andrews PLC,Accessories,13801,North
02/23/2026,CUST97,Wise Group,Wheels,12007,North
07/25/2026,CUST55,White-Bowers,Brakes,14811,North
04/23/2026,CUST14,Bradford Ltd,Frames,2869,South
01/09/2026,CUST41,"Bailey, Smith and Gonzales",Drivetrain,6517,East
01/12/2026,CUST59,"Garza, Mckee and Delgado",Frames,8462,West
04/16/2026,CUST99,Dyer-Jenkins,Wheels,10369,West
02/06/2026,CUST18,"Miranda, Cunningham and Jackson",Drivetrain,7018,West
12/03/2025,CUST24,Garrett-Gonzales,Brakes,6000,West
08/27/2025,CUST78,"Smith, Nichols and Gay",Frames,5661,South
09/21/2025,CUST64,"Kline, Stafford and Shields",Frames,8102,North
12/01/2025,CUST45,Walsh-Carr,Accessories,1628,South
01/08/2026,CUST40,Cohen-Rubio,Drivetrain,14045,South
07/31/2026,CUST51,Yates-Wright,Wheels,11680,North
09/19/2025,CUST76,"Green, Gomez and Herrera",Frames,13101,West
01/26/2026,CUST39,Schaefer Inc,Accessories,3726,South
12/18/2025,CUST88,Clayton-English,Frames,8457,West
11/17/2025,CUST39,Love Inc,Wheels,10284,West
10/21/2025,CUST58,Clay and Sons,Drivetrain,5689,South
03/26/2026,CUST70,Stephens-Johnson,Accessories,12065,North
10/02/2025,CUST87,Kim Group,Wheels,10269,West
10/28/2025,CUST77,"Chang, Allison and Hamilton",Drivetrain,11898,West
07/02/2026,CUST56,Norton Inc,Wheels,14499,East
04/20/2026,CUST27,Bender and Sons,Wheels,6405,East
07/27/2026,CUST82,Joyce PLC,Brakes,12116,South
05/07/2026,CUST17,Cook-Cox,Brakes,3613,West
07/18/2026,CUST44,Mahoney-Marks,Wheels,3723,West
06/06/2026,CUST20,Frank LLC,Accessories,11849,East
05/27/2026,CUST43,Wilkinson Inc,Drivetrain,7127,West
05/12/2026,CUST32,Scott LLC,Brakes,3084,North
09/07/2025,CUST26,Reed Inc,Frames,6755,North
04/08/2026,CUST42,"Odom, Cox and Henry",Frames,14314,East
04/04/2026,CUST21,"Diaz, Jones and Turner",Frames,3605,West
04/24/2026,CUST47,"Ross, Mcbride and Ray",Brakes,3166,North
02/10/2026,CUST19,Murray Inc,Frames,12177,East
09/16/2025,CUST51,"Clark, Alexander and James",Drivetrain,11522,North
09/28/2025,CUST65,Watkins PLC,Wheels,14918,South
10/06/2025,CUST34,"Luna, Moon and Martinez",Wheels,14189,West
03/02/2026,CUST55,Jones-Boyd,Brakes,3795,East
12/26/2025,CUST79,"Adams, Wilson and Lopez",Accessories,3677,West
10/07/2025,CUST64,Howard-Suarez,Frames,9865,West
02/17/2026,CUST14,Moore Ltd,Frames,6978,East
01/10/2026,CUST81,"Murray, Lynch and Rodriguez",Frames,13762,South
01/25/2026,CUST14,"Martin, Morrison and Hampton",Drivetrain,4982,East
01/30/2026,CUST50,Anthony-Davis,Frames,12995,West
09/24/2025,CUST19,"Case, Rosales and Mayer",Drivetrain,2794,East
01/08/2026,CUST19,"Garcia, Daniel and Mccarthy",Drivetrain,14038,South
10/11/2025,CUST90,Thornton PLC,Frames,14485,East
11/09/2025,CUST91,"Wood, Nash and Baker",Drivetrain,6470,North
07/06/2026,CUST69,Hill-Bullock,Frames,13251,North
06/07/2026,CUST18,"Salazar, Walker and Perez",Frames,5258,West
09/25/2025,CUST98,Jackson-Mathews,Frames,6914,North
10/31/2025,CUST68,Warren and Sons,Drivetrain,7921,South
02/22/2026,CUST19,Johnson Inc,Drivetrain,3562,South
04/01/2026,CUST88,Patton-Coleman,Drivetrain,14560,North
02/21/2026,CUST41,Morales LLC,Wheels,5868,North
12/25/2025,CUST79,"Patel, Thomas and Adams",Wheels,8259,East
07/03/2026,CUST32,"Stone, Scott and Marquez",Brakes,8358,North
03/17/2026,CUST62,"Richardson, Williams and Murphy",Brakes,7581,West
06/27/2026,CUST75,Cannon-Meyer,Wheels,2814,North
07/26/2026,CUST52,Sanford Group,Wheels,10991,North
05/28/2026,CUST20,"Reid, Roberts and Pena",Wheels,14350,North
08/15/2025,CUST16,Morales-Ortiz,Frames,5701,South
11/28/2025,CUST67,Martinez Group,Wheels,12854,West
02/25/2026,CUST56,Watson Ltd,Brakes,3508,South
09/01/2025,CUST40,Sosa Inc,Frames,10091,North
04/08/2026,CUST89,Moore LLC,Wheels,3711,North
04/11/2026,CUST29,"Kline, Sharp and Schroeder",Drivetrain,10332,South
04/27/2026,CUST84,"Edwards, Lopez and Ponce",Wheels,1872,South
10/24/2025,CUST85,Miller Inc,Accessories,6241,South
05/24/2026,CUST70,"Gibbs, Smith and Miller",Brakes,6691,North
11/28/2025,CUST58,Stevens LLC,Brakes,2285,South
01/16/2026,CUST40,Cantrell-Carr,Wheels,10123,West
03/23/2026,CUST41,Monroe LLC,Wheels,11593,East
01/28/2026,CUST60,Figueroa Inc,Drivetrain,14098,East
01/03/2026,CUST48,"Holden, Hensley and Cordova",Frames,2967,South
09/23/2025,CUST30,Lewis Group,Accessories,11803,North
02/12/2026,CUST29,"Burke, Campbell and Friedman",Wheels,9432,North
04/04/2026,CUST30,"Walton, Davenport and Martin",Drivetrain,13492,East
02/28/2026,CUST68,Garcia LLC,Brakes,12778,East
08/27/2025,CUST76,"Williams, Santos and Randall",Frames,14574,East
01/17/2026,CUST65,Pena and Sons,Accessories,5918,South
03/22/2026,CUST92,Miller-Brown,Brakes,6267,South
03/19/2026,CUST61,Escobar-Howell,Brakes,5385,West
06/16/2026,CUST22,"Stanley, Alvarez and Shelton",Frames,6416,West
10/23/2025,CUST33,"Giles, Day and Ramirez",Drivetrain,11333,West
12/29/2025,CUST20,Pratt-Grant,Wheels,6062,North
10/30/2025,CUST66,Collins and Sons,Frames,2289,East
11/17/2025,CUST18,Carrillo-Carlson,Wheels,2418,West
06/08/2026,CUST74,Garcia-Dunlap,Drivetrain,5006,West
04/19/2026,CUST79,Rodriguez PLC,Frames,14854,West
05/16/2026,CUST79,Baker-Frazier,Brakes,8336,South
06/26/2026,CUST79,Clay Inc,Drivetrain,6147,West
09/19/2025,CUST87,Blackwell Ltd,Drivetrain,13895,West
10/13/2025,CUST82,Baker Group,Frames,7267,East
01/17/2026,CUST20,Dunn-Harrison,Accessories,11044,West
06/27/2026,CUST15,"Gonzalez, Robbins and Herrera",Wheels,14564,North
07/23/2026,CUST37,"Young, Small and Mitchell",Wheels,13380,North
10/16/2025,CUST95,"Miller, House and Webster",Frames,4468,East
07/11/2026,CUST45,Warner-Torres,Wheels,6577,South
10/15/2025,CUST27,Lopez-Fields,Frames,2750,South
05/01/2026,CUST72,Moss-Tucker,Brakes,7510,South
03/02/2026,CUST24,Trujillo-Wright,Wheels,7371,West
10/26/2025,CUST39,"Wyatt, Williams and Davis",Brakes,14746,West
08/20/2025,CUST92,Smith-Gomez,Drivetrain,13620,West
12/19/2025,CUST40,Smith-Riddle,Wheels,13086,West
07/24/2026,CUST41,"Cunningham, Phillips and Gonzalez",Wheels,7558,West
01/22/2026,CUST89,Stokes-Mercer,Frames,12357,South
06/20/2026,CUST49,Shannon-Allen,Drivetrain,5304,South
08/14/2025,CUST87,"Lynch, Wu and Henderson",Accessories,6405,South
10/13/2025,CUST80,Larsen and Sons,Frames,4455,North
09/03/2025,CUST31,May PLC,Brakes,13598,South
11/11/2025,CUST73,Dunn-Sanchez,Accessories,9200,South
